timestamp,lantai,titik_id,x_px,y_px,slot_waktu,device,scan_ke,ssid,bssid,freq_mhz,channel,band,width_mhz,rssi_dbm,noise_dbm,sta_count,ch_util_pct,security,pmf,catatan
2026-10-09 07:51:24,3,L3-027,,,T1,laptop-taqiya,1,WiFi-UB.x,54:d7:e3:45:51:20,2412,1,2.4,20,-47.0,,,,WPA2/3-Enterprise,no,
2026-10-09 07:51:24,3,L3-027,,,T1,laptop-taqiya,1,ㅤ,d6:7a:83:ec:10:18,2437,6,2.4,20,-75.0,,,,WPA2/WPA3-Personal,capable,
2026-10-09 07:51:24,3,L3-027,,,T1,laptop-taqiya,1,iPhone (2),ba:52:1a:fe:b4:8c,2437,6,2.4,20,-75.0,,,,WPA2-Personal,no,
2026-10-09 07:51:24,3,L3-027,,,T1,laptop-taqiya,1,Kfkfkfm,46:d9:d2:ca:4f:5a,2437,6,2.4,20,-68.0,,,,WPA2-Personal,no,
2026-10-09 07:51:24,3,L3-027,,,T1,laptop-taqiya,1,Xiaomi 12T,aa:e0:aa:9c:66:21,2437,6,2.4,20,-75.0,,,,WPA2-Personal,no,
2026-10-09 07:51:24,3,L3-027,,,T1,laptop-taqiya,1,echa,5a:0a:10:1a:1c:cc,2437,6,2.4,20,-75.0,,,,WPA2-Personal,no,
2026-10-09 07:51:24,3,L3-027,,,T1,laptop-taqiya,1,nanadd,4e:f9:04:44:27:54,2412,1,2.4,20,-80.0,,,,WPA2-Personal,no,
2026-10-09 07:51:24,3,L3-027,,,T1,laptop-taqiya,1,©®⅞,e6:ce:60:56:6a:41,2412,1,2.4,20,-75.0,,,,WPA2-Personal,no,
2026-10-09 07:51:24,3,L3-027,,,T1,laptop-taqiya,1,WiFi-FILKOM,54:d7:e3:45:51:31,5260,52,5.0,40,-84.0,,,,WPA2/3-Enterprise,no,
2026-10-09 07:51:24,3,L3-027,,,T1,laptop-taqiya,1,WiFi-FILKOM,e8:10:98:82:05:a1,5785,157,5.0,40,-87.0,,,,WPA2/3-Enterprise,no,
2026-10-09 07:51:24,3,L3-027,,,T1,laptop-taqiya,1,iPhone (6),ae:80:1f:3c:0c:9d,5745,149,5.0,80,-78.0,,,,WPA2/WPA3-Personal,capable,
2026-10-09 07:51:24,3,L3-027,,,T1,laptop-taqiya,1,WiFi-FILKOM,e8:10:98:82:0b:41,5745,149,5.0,40,-81.0,,,,WPA2/3-Enterprise,no,
2026-10-09 07:51:24,3,L3-027,,,T1,laptop-taqiya,1,WiFi-UB.x,e8:10:98:82:0b:40,5745,149,5.0,40,-80.0,,,,WPA2/3-Enterprise,no,
2026-10-09 07:51:24,3,L3-027,,,T1,laptop-taqiya,1,FILKOM EVENT,e8:10:98:82:0b:43,5745,149,5.0,40,-80.0,,,,WPA2-Personal,no,
2026-10-09 07:51:24,3,L3-027,,,T1,laptop-taqiya,1,eduroam,e8:10:98:82:0b:42,5745,149,5.0,40,-81.0,,,,WPA2/3-Enterprise,no,
2026-10-09 07:51:24,3,L3-027,,,T1,laptop-taqiya,1,@@@,16:07:4a:c6:64:6a,5745,149,5.0,20,-82.0,,,,WPA2-Personal,no,
2026-10-09 07:51:24,3,L3-027,,,T1,laptop-taqiya,1,nishimura,a6:ac:7b:7a:ad:b8,2412,1,2.4,20,-79.0,,,,WPA2/WPA3-Personal,capable,
2026-10-09 07:51:24,3,L3-027,,,T1,laptop-taqiya,1,Tab S9 milik Muhammad Fariz,2e:86:05:95:0a:57,2412,1,2.4,20,-73.0,,,,WPA2-Personal,no,
2026-10-09 07:51:24,3,L3-027,,,T1,laptop-taqiya,1,FILKOM EVENT,e8:10:98:82:0b:23,5240,48,5.0,40,-77.0,,,,WPA2-Personal,no,
2026-10-09 07:51:24,3,L3-027,,,T1,laptop-taqiya,1,eduroam,e8:10:98:82:0b:22,5240,48,5.0,40,-77.0,,,,WPA2/3-Enterprise,no,
2026-10-09 07:51:24,3,L3-027,,,T1,laptop-taqiya,1,lkjgfd,3e:c4:7f:30:14:49,5240,48,5.0,40,-75.0,,,,WPA2-Personal,no,
2026-10-09 07:51:24,3,L3-027,,,T1,laptop-taqiya,1,WiFi-UB.x,c0:c7:0a:98:38:b1,5220,44,5.0,20,-86.0,,33.0,83.1,WPA2/3-Enterprise,capable,
2026-10-09 07:51:24,3,L3-027,,,T1,laptop-taqiya,1,aldo kipan,b2:35:16:15:9f:dc,2412,1,2.4,20,-80.0,,,,WPA2-Personal,no,
2026-10-09 07:51:24,3,L3-027,,,T1,laptop-taqiya,1,jak,ae:a7:74:a3:82:e5,2412,1,2.4,20,-73.0,,,,WPA2-Personal,no,
2026-10-09 07:51:24,3,L3-027,,,T1,laptop-taqiya,1,Riko,ca:85:f1:86:0a:04,2412,1,2.4,20,-74.0,,,,WPA2-Personal,no,
2026-10-09 07:51:24,3,L3-027,,,T1,laptop-taqiya,1,FILKOM EVENT,54:d7:e3:45:51:23,2412,1,2.4,20,-46.0,,,,WPA2-Personal,no,
2026-10-09 07:51:24,3,L3-027,,,T1,laptop-taqiya,1,eduroam,54:d7:e3:45:51:22,2412,1,2.4,20,-46.0,,,,WPA2/3-Enterprise,no,
2026-10-09 07:51:24,3,L3-027,,,T1,laptop-taqiya,1,WiFi-FILKOM,54:d7:e3:45:51:21,2412,1,2.4,20,-47.0,,,,WPA2/3-Enterprise,no,
2026-10-09 07:51:33,3,L3-027,,,T1,laptop-taqiya,2,WiFi-UB.x,54:d7:e3:45:51:20,2412,1,2.4,20,-46.0,,,,WPA2/3-Enterprise,no,
2026-10-09 07:51:33,3,L3-027,,,T1,laptop-taqiya,2,OPPO SPT,c6:ea:53:40:13:1d,2462,11,2.4,20,-74.0,,,,WPA2/WPA3-Personal,capable,
2026-10-09 07:51:33,3,L3-027,,,T1,laptop-taqiya,2,Lia's Galaxy A33 5G,52:ae:52:22:ad:64,2462,11,2.4,20,-69.0,,,,WPA2-Personal,no,
2026-10-09 07:51:33,3,L3-027,,,T1,laptop-taqiya,2,kiket🍫,0e:c3:f4:16:b9:78,2462,11,2.4,20,-75.0,,,,WPA2-Personal,no,
2026-10-09 07:51:33,3,L3-027,,,T1,laptop-taqiya,2,Galaxy A57 5G 01E7,ee:c3:14:7c:9f:ef,2462,11,2.4,20,-75.0,,,,WPA2-Personal,no,
2026-10-09 07:51:33,3,L3-027,,,T1,laptop-taqiya,2,eduroam,fc:7f:f1:dd:53:22,2462,11,2.4,20,-77.0,,,,WPA2/3-Enterprise,no,
2026-10-09 07:51:33,3,L3-027,,,T1,laptop-taqiya,2,WiFi-FILKOM,fc:7f:f1:dd:53:21,2462,11,2.4,20,-78.0,,,,WPA2/3-Enterprise,no,
2026-10-09 07:51:33,3,L3-027,,,T1,laptop-taqiya,2,WiFi-UB.x,fc:7f:f1:dd:53:20,2462,11,2.4,20,-75.0,,,,WPA2/3-Enterprise,no,
2026-10-09 07:51:33,3,L3-027,,,T1,laptop-taqiya,2,"To you, in 2000 Years",0a:a1:11:53:7a:6e,2437,6,2.4,20,-64.0,,,,WPA2-Personal,no,
2026-10-09 07:51:33,3,L3-027,,,T1,laptop-taqiya,2,echa,5a:0a:10:1a:1c:cc,2437,6,2.4,20,-79.0,,,,WPA2-Personal,no,
2026-10-09 07:51:33,3,L3-027,,,T1,laptop-taqiya,2,Salvatore’s,e2:24:8f:df:d5:71,2437,6,2.4,20,-77.0,,,,WPA2/WPA3-Personal,capable,
2026-10-09 07:51:33,3,L3-027,,,T1,laptop-taqiya,2,kuonzx,96:27:be:d6:7a:73,2437,6,2.4,20,-75.0,,,,WPA2-Personal,no,
2026-10-09 07:51:33,3,L3-027,,,T1,laptop-taqiya,2,FILKOM EVENT,fc:7f:f1:dd:53:33,5320,64,5.0,40,-69.0,,,,WPA2-Personal,no,
2026-10-09 07:51:33,3,L3-027,,,T1,laptop-taqiya,2,eduroam,fc:7f:f1:dd:53:32,5320,64,5.0,40,-68.0,,,,WPA2/3-Enterprise,no,
2026-10-09 07:51:33,3,L3-027,,,T1,laptop-taqiya,2,WiFi-FILKOM,fc:7f:f1:dd:53:31,5320,64,5.0,40,-68.0,,,,WPA2/3-Enterprise,no,
2026-10-09 07:51:33,3,L3-027,,,T1,laptop-taqiya,2,WiFi-UB.x,fc:7f:f1:dd:53:30,5320,64,5.0,40,-68.0,,,,WPA2/3-Enterprise,no,
2026-10-09 07:51:33,3,L3-027,,,T1,laptop-taqiya,2,Riko,ca:85:f1:86:0a:04,2412,1,2.4,20,-79.0,,,,WPA2-Personal,no,
2026-10-09 07:51:33,3,L3-027,,,T1,laptop-taqiya,2,jak,ae:a7:74:a3:82:e5,2412,1,2.4,20,-73.0,,,,WPA2-Personal,no,
2026-10-09 07:51:33,3,L3-027,,,T1,laptop-taqiya,2,nishimura,a6:ac:7b:7a:ad:b8,2412,1,2.4,20,-75.0,,,,WPA2/WPA3-Personal,capable,
2026-10-09 07:51:33,3,L3-027,,,T1,laptop-taqiya,2,Tab S9 milik Muhammad Fariz,2e:86:05:95:0a:57,2412,1,2.4,20,-79.0,,,,WPA2-Personal,no,
2026-10-09 07:51:33,3,L3-027,,,T1,laptop-taqiya,2,DIRECT-WELAPTOP-VAI3VGMOmsvP,be:d2:2c:df:11:14,5785,157,5.0,20,-88.0,,,,WPA2-Personal,no,
2026-10-09 07:51:33,3,L3-027,,,T1,laptop-taqiya,2,FILKOM EVENT,e8:10:98:82:05:a3,5785,157,5.0,40,-79.0,,,,WPA2-Personal,no,
2026-10-09 07:51:33,3,L3-027,,,T1,laptop-taqiya,2,eduroam,e8:10:98:82:05:a2,5785,157,5.0,40,-85.0,,,,WPA2/3-Enterprise,no,
2026-10-09 07:51:33,3,L3-027,,,T1,laptop-taqiya,2,WiFi-FILKOM,e8:10:98:82:05:a1,5785,157,5.0,40,-86.0,,,,WPA2/3-Enterprise,no,
2026-10-09 07:51:33,3,L3-027,,,T1,laptop-taqiya,2,WiFi-UB.x,e8:10:98:82:05:a0,5785,157,5.0,40,-85.0,,,,WPA2/3-Enterprise,no,
2026-10-09 07:51:33,3,L3-027,,,T1,laptop-taqiya,2,aldo kipan,b2:35:16:15:9f:dc,2412,1,2.4,20,-75.0,,,,WPA2-Personal,no,
2026-10-09 07:51:33,3,L3-027,,,T1,laptop-taqiya,2,FKUB_HotSpot_Backup,34:8f:27:c4:7c:9c,5765,153,5.0,20,-86.0,,0.0,1.2,WPA2-Personal,no,
2026-10-09 07:51:33,3,L3-027,,,T1,laptop-taqiya,2,WiFi-UB.x,34:8f:27:84:7c:9c,5765,153,5.0,20,-86.0,,1.0,1.2,WPA2/3-Enterprise,no,
2026-10-09 07:51:33,3,L3-027,,,T1,laptop-taqiya,2,eduroam,34:8f:27:44:7c:9c,5765,153,5.0,20,-87.0,,0.0,1.2,WPA2/3-Enterprise,no,
2026-10-09 07:51:33,3,L3-027,,,T1,laptop-taqiya,2,FKUB_HotSpot,34:8f:27:04:7c:9c,5765,153,5.0,20,-87.0,,3.0,1.2,WPA2-Personal,no,
2026-10-09 07:51:33,3,L3-027,,,T1,laptop-taqiya,2,OPPO A12,12:47:2d:9a:26:cf,5765,153,5.0,80,-90.0,,,,WPA2-Personal,no,
2026-10-09 07:51:33,3,L3-027,,,T1,laptop-taqiya,2,nanadd,4e:f9:04:44:27:54,2412,1,2.4,20,-79.0,,,,WPA2-Personal,no,
2026-10-09 07:51:33,3,L3-027,,,T1,laptop-taqiya,2,Samsung S25 Ultra,e2:82:61:7d:8d:ae,5745,149,5.0,80,-83.0,,,,WPA2/WPA3-Personal,capable,
2026-10-09 07:51:33,3,L3-027,,,T1,laptop-taqiya,2,WiFi-FILKOM,e8:10:98:82:0b:41,5745,149,5.0,40,-75.0,,,,WPA2/3-Enterprise,no,
2026-10-09 07:51:33,3,L3-027,,,T1,laptop-taqiya,2,iPhone (6),ae:80:1f:3c:0c:9d,5745,149,5.0,80,-81.0,,,,WPA2/WPA3-Personal,capable,
2026-10-09 07:51:33,3,L3-027,,,T1,laptop-taqiya,2,WiFi-UB.x,e8:10:98:82:0b:40,5745,149,5.0,40,-76.0,,,,WPA2/3-Enterprise,no,
2026-10-09 07:51:33,3,L3-027,,,T1,laptop-taqiya,2,@@@,16:07:4a:c6:64:6a,5745,149,5.0,20,-79.0,,,,WPA2-Personal,no,
2026-10-09 07:51:33,3,L3-027,,,T1,laptop-taqiya,2,FILKOM EVENT,e8:10:98:82:0b:43,5745,149,5.0,40,-72.0,,,,WPA2-Personal,no,
2026-10-09 07:51:33,3,L3-027,,,T1,laptop-taqiya,2,eduroam,e8:10:98:82:0b:42,5745,149,5.0,40,-75.0,,,,WPA2/3-Enterprise,no,
2026-10-09 07:51:33,3,L3-027,,,T1,laptop-taqiya,2,FILKOM EVENT,54:d7:e3:45:51:23,2412,1,2.4,20,-48.0,,,,WPA2-Personal,no,
2026-10-09 07:51:33,3,L3-027,,,T1,laptop-taqiya,2,eduroam,54:d7:e3:45:51:22,2412,1,2.4,20,-48.0,,,,WPA2/3-Enterprise,no,
2026-10-09 07:51:33,3,L3-027,,,T1,laptop-taqiya,2,WiFi-FILKOM,54:d7:e3:45:51:21,2412,1,2.4,20,-48.0,,,,WPA2/3-Enterprise,no,
2026-10-09 07:51:33,3,L3-027,,,T1,laptop-taqiya,2,FILKOM EVENT,e8:10:98:82:0b:23,5240,48,5.0,40,-75.0,,,,WPA2-Personal,no,
2026-10-09 07:51:33,3,L3-027,,,T1,laptop-taqiya,2,eduroam,e8:10:98:82:0b:22,5240,48,5.0,40,-76.0,,,,WPA2/3-Enterprise,no,
2026-10-09 07:51:33,3,L3-027,,,T1,laptop-taqiya,2,WiFi-FILKOM,e8:10:98:82:0b:21,5240,48,5.0,40,-76.0,,,,WPA2/3-Enterprise,no,
2026-10-09 07:51:33,3,L3-027,,,T1,laptop-taqiya,2,WiFi-UB.x,e8:10:98:82:0b:20,5240,48,5.0,40,-77.0,,,,WPA2/3-Enterprise,no,
2026-10-09 07:51:33,3,L3-027,,,T1,laptop-taqiya,2,lkjgfd,3e:c4:7f:30:14:49,5240,48,5.0,40,-80.0,,,,WPA2-Personal,no,
2026-10-09 07:51:42,3,L3-027,,,T1,laptop-taqiya,3,WiFi-UB.x,54:d7:e3:45:51:20,2412,1,2.4,20,-47.0,,,,WPA2/3-Enterprise,no,
2026-10-09 07:51:42,3,L3-027,,,T1,laptop-taqiya,3,Galaxy A57 5G 01E7,ee:c3:14:7c:9f:ef,2462,11,2.4,20,-72.0,,,,WPA2-Personal,no,
2026-10-09 07:51:42,3,L3-027,,,T1,laptop-taqiya,3,Lia's Galaxy A33 5G,52:ae:52:22:ad:64,2462,11,2.4,20,-66.0,,,,WPA2-Personal,no,
2026-10-09 07:51:42,3,L3-027,,,T1,laptop-taqiya,3,"To you, in 2000 Years",0a:a1:11:53:7a:6e,2437,6,2.4,20,-70.0,,,,WPA2-Personal,no,
2026-10-09 07:51:42,3,L3-027,,,T1,laptop-taqiya,3,nupis,26:54:31:bc:42:16,2437,6,2.4,20,-75.0,,,,WPA2-Personal,no,
2026-10-09 07:51:42,3,L3-027,,,T1,laptop-taqiya,3,Redmi 10C,4e:78:64:e6:2c:5c,2432,5,2.4,20,-71.0,,,,WPA2-Personal,no,
2026-10-09 07:51:42,3,L3-027,,,T1,laptop-taqiya,3,Riko,ca:85:f1:86:0a:04,2412,1,2.4,20,-76.0,,,,WPA2-Personal,no,
2026-10-09 07:51:42,3,L3-027,,,T1,laptop-taqiya,3,nishimura,a6:ac:7b:7a:ad:b8,2412,1,2.4,20,-74.0,,,,WPA2/WPA3-Personal,capable,
2026-10-09 07:51:42,3,L3-027,,,T1,laptop-taqiya,3,nanadd,4e:f9:04:44:27:54,2412,1,2.4,20,-72.0,,,,WPA2-Personal,no,
2026-10-09 07:51:42,3,L3-027,,,T1,laptop-taqiya,3,FILKOM EVENT,e8:10:98:82:05:a3,5785,157,5.0,40,-87.0,,,,WPA2-Personal,no,
2026-10-09 07:51:42,3,L3-027,,,T1,laptop-taqiya,3,WiFi-UB.x,e8:10:98:82:05:a0,5785,157,5.0,40,-89.0,,,,WPA2/3-Enterprise,no,
2026-10-09 07:51:42,3,L3-027,,,T1,laptop-taqiya,3,OPPO A12,12:47:2d:9a:26:cf,5765,153,5.0,80,-89.0,,,,WPA2-Personal,no,
2026-10-09 07:51:42,3,L3-027,,,T1,laptop-taqiya,3,jak,ae:a7:74:a3:82:e5,2412,1,2.4,20,-74.0,,,,WPA2-Personal,no,
2026-10-09 07:51:42,3,L3-027,,,T1,laptop-taqiya,3,FILKOM EVENT,54:d7:e3:45:51:23,2412,1,2.4,20,-44.0,,,,WPA2-Personal,no,
2026-10-09 07:51:42,3,L3-027,,,T1,laptop-taqiya,3,eduroam,54:d7:e3:45:51:22,2412,1,2.4,20,-44.0,,,,WPA2/3-Enterprise,no,
2026-10-09 07:51:42,3,L3-027,,,T1,laptop-taqiya,3,WiFi-FILKOM,54:d7:e3:45:51:21,2412,1,2.4,20,-44.0,,,,WPA2/3-Enterprise,no,
2026-10-09 07:51:42,3,L3-027,,,T1,laptop-taqiya,3,Tab S9 milik Muhammad Fariz,2e:86:05:95:0a:57,2412,1,2.4,20,-76.0,,,,WPA2-Personal,no,
2026-10-09 07:51:42,3,L3-027,,,T1,laptop-taqiya,3,aldo kipan,b2:35:16:15:9f:dc,2412,1,2.4,20,-74.0,,,,WPA2-Personal,no,
2026-10-09 07:51:42,3,L3-027,,,T1,laptop-taqiya,3,FILKOM EVENT,e8:10:98:82:0b:43,5745,149,5.0,40,-80.0,,,,WPA2-Personal,no,
2026-10-09 07:51:42,3,L3-027,,,T1,laptop-taqiya,3,eduroam,e8:10:98:82:0b:42,5745,149,5.0,40,-80.0,,,,WPA2/3-Enterprise,no,
2026-10-09 07:51:42,3,L3-027,,,T1,laptop-taqiya,3,Samsung S25 Ultra,e2:82:61:7d:8d:ae,5745,149,5.0,80,-80.0,,,,WPA2/WPA3-Personal,capable,
2026-10-09 07:51:42,3,L3-027,,,T1,laptop-taqiya,3,iPhone (6),ae:80:1f:3c:0c:9d,5745,149,5.0,80,-80.0,,,,WPA2/WPA3-Personal,capable,
2026-10-09 07:51:42,3,L3-027,,,T1,laptop-taqiya,3,@@@,16:07:4a:c6:64:6a,5745,149,5.0,20,-77.0,,,,WPA2-Personal,no,
2026-10-09 07:51:42,3,L3-027,,,T1,laptop-taqiya,3,WiFi-UB.x,e8:10:98:82:0b:40,5745,149,5.0,40,-80.0,,,,WPA2/3-Enterprise,no,
2026-10-09 07:51:42,3,L3-027,,,T1,laptop-taqiya,3,FILKOM EVENT,c0:c7:0a:98:38:b2,5220,44,5.0,20,-83.0,,3.0,87.5,WPA2-Personal,capable,
2026-10-09 07:51:42,3,L3-027,,,T1,laptop-taqiya,3,eduroam,c0:c7:0a:98:38:b0,5220,44,5.0,20,-82.0,,4.0,87.5,WPA2/3-Enterprise,capable,
2026-10-09 07:57:26,3,L3-028,,,T1,laptop-taqiya,1,WiFi-UB.x,fc:7f:f1:dd:53:30,5320,64,5.0,40,-61.0,,,,WPA2/3-Enterprise,no,
2026-10-09 07:57:26,3,L3-028,,,T1,laptop-taqiya,1,FILKOM EVENT,e8:10:98:82:05:93,2437,6,2.4,20,-81.0,,,,WPA2-Personal,no,
2026-10-09 07:57:26,3,L3-028,,,T1,laptop-taqiya,1,MyW,16:b3:9d:08:dc:f3,2437,6,2.4,20,-66.0,,,,WPA2-Personal,no,
2026-10-09 07:57:26,3,L3-028,,,T1,laptop-taqiya,1,kuonzx,96:27:be:d6:7a:73,2437,6,2.4,20,-63.0,,,,WPA2-Personal,no,
2026-10-09 07:57:26,3,L3-028,,,T1,laptop-taqiya,1,"To you, in 2000 Years",0a:a1:11:53:7a:6e,2437,6,2.4,20,-59.0,,,,WPA2-Personal,no,
2026-10-09 07:57:26,3,L3-028,,,T1,laptop-taqiya,1,aldo kipan,b2:35:16:15:9f:dc,2412,1,2.4,20,-78.0,,,,WPA2-Personal,no,
2026-10-09 07:57:26,3,L3-028,,,T1,laptop-taqiya,1,nishimura,a6:ac:7b:7a:ad:b8,2412,1,2.4,20,-69.0,,,,WPA2/WPA3-Personal,capable,
2026-10-09 07:57:26,3,L3-028,,,T1,laptop-taqiya,1,WiFi-UB.x,54:d7:e3:45:51:20,2412,1,2.4,20,-60.0,,,,WPA2/3-Enterprise,no,
2026-10-09 07:57:26,3,L3-028,,,T1,laptop-taqiya,1,FILKOM EVENT,54:d7:e3:42:42:d3,5260,52,5.0,40,-84.0,,,,WPA2-Personal,no,
2026-10-09 07:57:26,3,L3-028,,,T1,laptop-taqiya,1,eduroam,54:d7:e3:42:42:d2,5260,52,5.0,40,-84.0,,,,WPA2/3-Enterprise,no,
2026-10-09 07:57:26,3,L3-028,,,T1,laptop-taqiya,1,WiFi-FILKOM,54:d7:e3:42:42:d1,5260,52,5.0,40,-84.0,,,,WPA2/3-Enterprise,no,
2026-10-09 07:57:26,3,L3-028,,,T1,laptop-taqiya,1,WiFi-UB.x,54:d7:e3:42:42:d0,5260,52,5.0,40,-84.0,,,,WPA2/3-Enterprise,no,
2026-10-09 07:57:26,3,L3-028,,,T1,laptop-taqiya,1,FILKOM EVENT,e8:10:98:82:05:a3,5785,157,5.0,40,-78.0,,,,WPA2-Personal,no,
2026-10-09 07:57:26,3,L3-028,,,T1,laptop-taqiya,1,eduroam,e8:10:98:82:05:a2,5785,157,5.0,40,-78.0,,,,WPA2/3-Enterprise,no,
2026-10-09 07:57:26,3,L3-028,,,T1,laptop-taqiya,1,WiFi-FILKOM,e8:10:98:82:05:a1,5785,157,5.0,40,-77.0,,,,WPA2/3-Enterprise,no,
2026-10-09 07:57:26,3,L3-028,,,T1,laptop-taqiya,1,WiFi-UB.x,e8:10:98:82:05:a0,5785,157,5.0,40,-78.0,,,,WPA2/3-Enterprise,no,
2026-10-09 07:57:26,3,L3-028,,,T1,laptop-taqiya,1,OPPO A12,12:47:2d:9a:26:cf,5765,153,5.0,80,-91.0,,,,WPA2-Personal,no,
2026-10-09 07:57:26,3,L3-028,,,T1,laptop-taqiya,1,FKUB_HotSpot_Backup,34:8f:27:c4:7c:9c,5765,153,5.0,20,-86.0,,0.0,1.2,WPA2-Personal,no,
2026-10-09 07:57:26,3,L3-028,,,T1,laptop-taqiya,1,WiFi-UB.x,34:8f:27:84:7c:9c,5765,153,5.0,20,-83.0,,1.0,1.2,WPA2/3-Enterprise,no,
2026-10-09 07:57:26,3,L3-028,,,T1,laptop-taqiya,1,FILKOM EVENT,fc:7f:f1:dd:53:33,5320,64,5.0,40,-60.0,,,,WPA2-Personal,no,
2026-10-09 07:57:26,3,L3-028,,,T1,laptop-taqiya,1,Samsung S25 Ultra,e2:82:61:7d:8d:ae,5745,149,5.0,80,-66.0,,,,WPA2/WPA3-Personal,capable,
2026-10-09 07:57:26,3,L3-028,,,T1,laptop-taqiya,1,iPhone (6),ae:80:1f:3c:0c:9d,5745,149,5.0,80,-80.0,,,,WPA2/WPA3-Personal,capable,
2026-10-09 07:57:26,3,L3-028,,,T1,laptop-taqiya,1,@@@,16:07:4a:c6:64:6a,5745,149,5.0,20,-81.0,,,,WPA2-Personal,no,
2026-10-09 07:57:26,3,L3-028,,,T1,laptop-taqiya,1,FILKOM EVENT,e8:10:98:82:0b:43,5745,149,5.0,40,-71.0,,,,WPA2-Personal,no,
2026-10-09 07:57:26,3,L3-028,,,T1,laptop-taqiya,1,eduroam,e8:10:98:82:0b:42,5745,149,5.0,40,-71.0,,,,WPA2/3-Enterprise,no,
2026-10-09 07:57:26,3,L3-028,,,T1,laptop-taqiya,1,WiFi-FILKOM,e8:10:98:82:0b:41,5745,149,5.0,40,-71.0,,,,WPA2/3-Enterprise,no,
2026-10-09 07:57:26,3,L3-028,,,T1,laptop-taqiya,1,WiFi-UB.x,e8:10:98:82:0b:40,5745,149,5.0,40,-71.0,,,,WPA2/3-Enterprise,no,
2026-10-09 07:57:26,3,L3-028,,,T1,laptop-taqiya,1,eduroam,fc:7f:f1:dd:53:32,5320,64,5.0,40,-60.0,,,,WPA2/3-Enterprise,no,
2026-10-09 07:57:26,3,L3-028,,,T1,laptop-taqiya,1,WiFi-FILKOM,fc:7f:f1:dd:53:31,5320,64,5.0,40,-60.0,,,,WPA2/3-Enterprise,no,
2026-10-09 07:57:26,3,L3-028,,,T1,laptop-taqiya,1,FILKOM EVENT,e8:10:98:82:0b:23,5240,48,5.0,40,-80.0,,,,WPA2-Personal,no,
2026-10-09 07:57:26,3,L3-028,,,T1,laptop-taqiya,1,eduroam,e8:10:98:82:0b:22,5240,48,5.0,40,-80.0,,,,WPA2/3-Enterprise,no,
2026-10-09 07:57:26,3,L3-028,,,T1,laptop-taqiya,1,WiFi-FILKOM,e8:10:98:82:0b:21,5240,48,5.0,40,-80.0,,,,WPA2/3-Enterprise,no,
2026-10-09 07:57:26,3,L3-028,,,T1,laptop-taqiya,1,lkjgfd,3e:c4:7f:30:14:49,5240,48,5.0,40,-66.0,,,,WPA2-Personal,no,
2026-10-09 07:57:26,3,L3-028,,,T1,laptop-taqiya,1,WiFi-UB.x,e8:10:98:82:0b:20,5240,48,5.0,40,-80.0,,,,WPA2/3-Enterprise,no,
2026-10-09 07:57:35,3,L3-028,,,T1,laptop-taqiya,2,WiFi-UB.x,fc:7f:f1:dd:53:30,5320,64,5.0,40,-64.0,,,,WPA2/3-Enterprise,no,
2026-10-09 07:57:35,3,L3-028,,,T1,laptop-taqiya,2,FY,8a:8f:dc:e0:94:b8,2472,13,2.4,20,-64.0,,,,WPA2-Personal,no,
2026-10-09 07:57:35,3,L3-028,,,T1,laptop-taqiya,2,timun,62:77:a0:94:99:95,2437,6,2.4,20,-74.0,,,,WPA2-Personal,no,
2026-10-09 07:57:35,3,L3-028,,,T1,laptop-taqiya,2,🩷🩷🩷,76:11:0d:59:58:56,2437,6,2.4,20,-73.0,,,,WPA2-Personal,no,
2026-10-09 07:57:35,3,L3-028,,,T1,laptop-taqiya,2,iPhone (2),ba:52:1a:fe:b4:8c,2437,6,2.4,20,-75.0,,,,WPA2-Personal,no,
2026-10-09 07:57:35,3,L3-028,,,T1,laptop-taqiya,2,Redmi 10C,4e:78:64:e6:2c:5c,2432,5,2.4,20,-67.0,,,,WPA2-Personal,no,
2026-10-09 07:57:35,3,L3-028,,,T1,laptop-taqiya,2,kuonzx,96:27:be:d6:7a:73,2437,6,2.4,20,-62.0,,,,WPA2-Personal,no,
2026-10-09 07:57:35,3,L3-028,,,T1,laptop-taqiya,2,Kfkfkfm,46:d9:d2:ca:4f:5a,2437,6,2.4,20,-70.0,,,,WPA2-Personal,no,
2026-10-09 07:57:35,3,L3-028,,,T1,laptop-taqiya,2,"To you, in 2000 Years",0a:a1:11:53:7a:6e,2437,6,2.4,20,-58.0,,,,WPA2-Personal,no,
2026-10-09 07:57:35,3,L3-028,,,T1,laptop-taqiya,2,nishimura,a6:ac:7b:7a:ad:b8,2412,1,2.4,20,-70.0,,,,WPA2/WPA3-Personal,capable,
2026-10-09 07:57:35,3,L3-028,,,T1,laptop-taqiya,2,FILKOM EVENT,54:d7:e3:45:51:23,2412,1,2.4,20,-69.0,,,,WPA2-Personal,no,
2026-10-09 07:57:35,3,L3-028,,,T1,laptop-taqiya,2,eduroam,54:d7:e3:45:51:22,2412,1,2.4,20,-62.0,,,,WPA2/3-Enterprise,no,
2026-10-09 07:57:35,3,L3-028,,,T1,laptop-taqiya,2,WiFi-FILKOM,54:d7:e3:45:51:21,2412,1,2.4,20,-69.0,,,,WPA2/3-Enterprise,no,
2026-10-09 07:57:35,3,L3-028,,,T1,laptop-taqiya,2,WiFi-UB.x,54:d7:e3:45:51:20,2412,1,2.4,20,-63.0,,,,WPA2/3-Enterprise,no,
2026-10-09 07:57:35,3,L3-028,,,T1,laptop-taqiya,2,FILKOM EVENT,54:d7:e3:42:42:d3,5260,52,5.0,40,-86.0,,,,WPA2-Personal,no,
2026-10-09 07:57:35,3,L3-028,,,T1,laptop-taqiya,2,eduroam,54:d7:e3:42:42:d2,5260,52,5.0,40,-86.0,,,,WPA2/3-Enterprise,no,
2026-10-09 07:57:35,3,L3-028,,,T1,laptop-taqiya,2,WiFi-FILKOM,54:d7:e3:42:42:d1,5260,52,5.0,40,-86.0,,,,WPA2/3-Enterprise,no,
2026-10-09 07:57:35,3,L3-028,,,T1,laptop-taqiya,2,WiFi-UB.x,54:d7:e3:42:42:d0,5260,52,5.0,40,-85.0,,,,WPA2/3-Enterprise,no,
2026-10-09 07:57:35,3,L3-028,,,T1,laptop-taqiya,2,DIRECT-WELAPTOP-VAI3VGMOmsvP,be:d2:2c:df:11:14,5785,157,5.0,20,-80.0,,,,WPA2-Personal,no,
2026-10-09 07:57:35,3,L3-028,,,T1,laptop-taqiya,2,FILKOM EVENT,e8:10:98:82:05:a3,5785,157,5.0,40,-80.0,,,,WPA2-Personal,no,
2026-10-09 07:57:35,3,L3-028,,,T1,laptop-taqiya,2,eduroam,e8:10:98:82:05:a2,5785,157,5.0,40,-80.0,,,,WPA2/3-Enterprise,no,
2026-10-09 07:57:35,3,L3-028,,,T1,laptop-taqiya,2,WiFi-FILKOM,e8:10:98:82:05:a1,5785,157,5.0,40,-80.0,,,,WPA2/3-Enterprise,no,
2026-10-09 07:57:35,3,L3-028,,,T1,laptop-taqiya,2,WiFi-UB.x,e8:10:98:82:05:a0,5785,157,5.0,40,-80.0,,,,WPA2/3-Enterprise,no,
2026-10-09 07:57:35,3,L3-028,,,T1,laptop-taqiya,2,FILKOM EVENT,fc:7f:f1:dd:53:33,5320,64,5.0,40,-63.0,,,,WPA2-Personal,no,
2026-10-09 07:57:35,3,L3-028,,,T1,laptop-taqiya,2,eduroam,fc:7f:f1:dd:53:32,5320,64,5.0,40,-63.0,,,,WPA2/3-Enterprise,no,
2026-10-09 07:57:35,3,L3-028,,,T1,laptop-taqiya,2,WiFi-FILKOM,fc:7f:f1:dd:53:31,5320,64,5.0,40,-63.0,,,,WPA2/3-Enterprise,no,
2026-10-09 07:57:35,3,L3-028,,,T1,laptop-taqiya,2,@@@,16:07:4a:c6:64:6a,5745,149,5.0,20,-77.0,,,,WPA2-Personal,no,
2026-10-09 07:57:35,3,L3-028,,,T1,laptop-taqiya,2,eduroam,e8:10:98:82:0b:42,5745,149,5.0,40,-71.0,,,,WPA2/3-Enterprise,no,
2026-10-09 07:57:35,3,L3-028,,,T1,laptop-taqiya,2,Samsung S25 Ultra,e2:82:61:7d:8d:ae,5745,149,5.0,80,-80.0,,,,WPA2/WPA3-Personal,capable,
2026-10-09 07:57:35,3,L3-028,,,T1,laptop-taqiya,2,WiFi-FILKOM,e8:10:98:82:0b:41,5745,149,5.0,40,-71.0,,,,WPA2/3-Enterprise,no,
2026-10-09 07:57:35,3,L3-028,,,T1,laptop-taqiya,2,WiFi-UB.x,e8:10:98:82:0b:40,5745,149,5.0,40,-72.0,,,,WPA2/3-Enterprise,no,
2026-10-09 07:57:35,3,L3-028,,,T1,laptop-taqiya,2,iPhone (6),ae:80:1f:3c:0c:9d,5745,149,5.0,80,-82.0,,,,WPA2/WPA3-Personal,capable,
2026-10-09 07:57:35,3,L3-028,,,T1,laptop-taqiya,2,FILKOM EVENT,e8:10:98:82:0b:23,5240,48,5.0,40,-75.0,,,,WPA2-Personal,no,
2026-10-09 07:57:35,3,L3-028,,,T1,laptop-taqiya,2,eduroam,e8:10:98:82:0b:22,5240,48,5.0,40,-74.0,,,,WPA2/3-Enterprise,no,
2026-10-09 07:57:35,3,L3-028,,,T1,laptop-taqiya,2,WiFi-FILKOM,e8:10:98:82:0b:21,5240,48,5.0,40,-75.0,,,,WPA2/3-Enterprise,no,
2026-10-09 07:57:35,3,L3-028,,,T1,laptop-taqiya,2,WiFi-UB.x,e8:10:98:82:0b:20,5240,48,5.0,40,-74.0,,,,WPA2/3-Enterprise,no,
2026-10-09 07:57:35,3,L3-028,,,T1,laptop-taqiya,2,lkjgfd,3e:c4:7f:30:14:49,5240,48,5.0,40,-61.0,,,,WPA2-Personal,no,
2026-10-09 07:57:44,3,L3-028,,,T1,laptop-taqiya,3,WiFi-UB.x,fc:7f:f1:dd:53:30,5320,64,5.0,40,-62.0,,,,WPA2/3-Enterprise,no,
2026-10-09 07:57:44,3,L3-028,,,T1,laptop-taqiya,3,FY,8a:8f:dc:e0:94:b8,2472,13,2.4,20,-62.0,,,,WPA2-Personal,no,
2026-10-09 07:57:44,3,L3-028,,,T1,laptop-taqiya,3,FILKOM EVENT,fc:7f:f1:dd:53:23,2462,11,2.4,20,-65.0,,,,WPA2-Personal,no,
2026-10-09 07:57:44,3,L3-028,,,T1,laptop-taqiya,3,eduroam,fc:7f:f1:dd:53:22,2462,11,2.4,20,-65.0,,,,WPA2/3-Enterprise,no,
2026-10-09 07:57:44,3,L3-028,,,T1,laptop-taqiya,3,WiFi-FILKOM,fc:7f:f1:dd:53:21,2462,11,2.4,20,-70.0,,,,WPA2/3-Enterprise,no,
2026-10-09 07:57:44,3,L3-028,,,T1,laptop-taqiya,3,WiFi-UB.x,fc:7f:f1:dd:53:20,2462,11,2.4,20,-63.0,,,,WPA2/3-Enterprise,no,
2026-10-09 07:57:44,3,L3-028,,,T1,laptop-taqiya,3,"To you, in 2000 Years",0a:a1:11:53:7a:6e,2437,6,2.4,20,-57.0,,,,WPA2-Personal,no,
2026-10-09 07:57:44,3,L3-028,,,T1,laptop-taqiya,3,Kfkfkfm,46:d9:d2:ca:4f:5a,2437,6,2.4,20,-72.0,,,,WPA2-Personal,no,
2026-10-09 07:57:44,3,L3-028,,,T1,laptop-taqiya,3,kuonzx,96:27:be:d6:7a:73,2437,6,2.4,20,-60.0,,,,WPA2-Personal,no,
2026-10-09 07:57:44,3,L3-028,,,T1,laptop-taqiya,3,Redmi 10C,4e:78:64:e6:2c:5c,2432,5,2.4,20,-71.0,,,,WPA2-Personal,no,
2026-10-09 07:57:44,3,L3-028,,,T1,laptop-taqiya,3,ScenXus-b0a732311f20,b0:a7:32:31:1f:21,2422,3,2.4,40,-66.0,,,,Open,no,
2026-10-09 07:57:44,3,L3-028,,,T1,laptop-taqiya,3,FILKOM EVENT,e8:10:98:82:05:a3,5785,157,5.0,40,-82.0,,,,WPA2-Personal,no,
2026-10-09 07:57:44,3,L3-028,,,T1,laptop-taqiya,3,eduroam,e8:10:98:82:05:a2,5785,157,5.0,40,-82.0,,,,WPA2/3-Enterprise,no,
2026-10-09 07:57:44,3,L3-028,,,T1,laptop-taqiya,3,WiFi-FILKOM,e8:10:98:82:05:a1,5785,157,5.0,40,-82.0,,,,WPA2/3-Enterprise,no,
2026-10-09 07:57:44,3,L3-028,,,T1,laptop-taqiya,3,WiFi-UB.x,e8:10:98:82:05:a0,5785,157,5.0,40,-82.0,,,,WPA2/3-Enterprise,no,
2026-10-09 07:57:44,3,L3-028,,,T1,laptop-taqiya,3,FKUB_HotSpot_Backup,34:8f:27:c4:7c:9c,5765,153,5.0,20,-90.0,,0.0,1.2,WPA2-Personal,no,
2026-10-09 07:57:44,3,L3-028,,,T1,laptop-taqiya,3,iPhone (6),ae:80:1f:3c:0c:9d,5745,149,5.0,80,-81.0,,,,WPA2/WPA3-Personal,capable,
2026-10-09 07:57:44,3,L3-028,,,T1,laptop-taqiya,3,FILKOM EVENT,fc:7f:f1:dd:53:33,5320,64,5.0,40,-61.0,,,,WPA2-Personal,no,
2026-10-09 07:57:44,3,L3-028,,,T1,laptop-taqiya,3,eduroam,fc:7f:f1:dd:53:32,5320,64,5.0,40,-60.0,,,,WPA2/3-Enterprise,no,
2026-10-09 07:57:44,3,L3-028,,,T1,laptop-taqiya,3,WiFi-FILKOM,fc:7f:f1:dd:53:31,5320,64,5.0,40,-61.0,,,,WPA2/3-Enterprise,no,
2026-10-09 07:57:44,3,L3-028,,,T1,laptop-taqiya,3,FILKOM EVENT,e8:10:98:82:0b:23,5240,48,5.0,40,-78.0,,,,WPA2-Personal,no,
2026-10-09 07:57:44,3,L3-028,,,T1,laptop-taqiya,3,eduroam,e8:10:98:82:0b:22,5240,48,5.0,40,-78.0,,,,WPA2/3-Enterprise,no,
2026-10-09 07:57:44,3,L3-028,,,T1,laptop-taqiya,3,WiFi-FILKOM,e8:10:98:82:0b:21,5240,48,5.0,40,-78.0,,,,WPA2/3-Enterprise,no,
2026-10-09 07:57:44,3,L3-028,,,T1,laptop-taqiya,3,WiFi-UB.x,e8:10:98:82:0b:20,5240,48,5.0,40,-78.0,,,,WPA2/3-Enterprise,no,
2026-10-09 07:57:44,3,L3-028,,,T1,laptop-taqiya,3,lkjgfd,3e:c4:7f:30:14:49,5240,48,5.0,40,-61.0,,,,WPA2-Personal,no,
2026-10-09 08:02:16,3,L3-013,,,T1,laptop-taqiya,1,WiFi-UB.x,e8:10:98:82:0b:20,5240,48,5.0,40,-64.0,,,,WPA2/3-Enterprise,no,
2026-10-09 08:02:16,3,L3-013,,,T1,laptop-taqiya,1,Note 7,6e:7b:4e:0b:ad:07,2462,11,2.4,20,-67.0,,,,WPA2-Personal,no,
2026-10-09 08:02:16,3,L3-013,,,T1,laptop-taqiya,1,Galaxy A36 5G D49E,1e:e3:ff:59:a9:d6,2462,11,2.4,20,-70.0,,,,WPA2-Personal,no,
2026-10-09 08:02:16,3,L3-013,,,T1,laptop-taqiya,1,Galaxy A57 5G 01E7,ee:c3:14:7c:9f:ef,2462,11,2.4,20,-74.0,,,,WPA2-Personal,no,
2026-10-09 08:02:16,3,L3-013,,,T1,laptop-taqiya,1,OPPO SPT,c6:ea:53:40:13:1d,2462,11,2.4,20,-72.0,,,,WPA2/WPA3-Personal,capable,
2026-10-09 08:02:16,3,L3-013,,,T1,laptop-taqiya,1,kiket🍫,0e:c3:f4:16:b9:78,2462,11,2.4,20,-64.0,,,,WPA2-Personal,no,
2026-10-09 08:02:16,3,L3-013,,,T1,laptop-taqiya,1,nanadd,4e:f9:04:44:27:54,2462,11,2.4,20,-66.0,,,,WPA2-Personal,no,
2026-10-09 08:02:16,3,L3-013,,,T1,laptop-taqiya,1,Salvatore’s,e2:24:8f:df:d5:71,2437,6,2.4,20,-76.0,,,,WPA2/WPA3-Personal,capable,
2026-10-09 08:02:16,3,L3-013,,,T1,laptop-taqiya,1,Tab S9 milik Muhammad Fariz,2e:86:05:95:0a:57,2412,1,2.4,20,-65.0,,,,WPA2-Personal,no,
2026-10-09 08:02:16,3,L3-013,,,T1,laptop-taqiya,1,©®⅞,e6:ce:60:56:6a:41,2412,1,2.4,20,-77.0,,,,WPA2-Personal,no,
2026-10-09 08:02:16,3,L3-013,,,T1,laptop-taqiya,1,jak,ae:a7:74:a3:82:e5,2412,1,2.4,20,-74.0,,,,WPA2-Personal,no,
2026-10-09 08:02:16,3,L3-013,,,T1,laptop-taqiya,1,aldo kipan,b2:35:16:15:9f:dc,2412,1,2.4,20,-68.0,,,,WPA2-Personal,no,
2026-10-09 08:02:16,3,L3-013,,,T1,laptop-taqiya,1,nishimura,a6:ac:7b:7a:ad:b8,2412,1,2.4,20,-75.0,,,,WPA2/WPA3-Personal,capable,
2026-10-09 08:02:16,3,L3-013,,,T1,laptop-taqiya,1,FILKOM EVENT,fc:7f:f1:dd:53:33,5320,64,5.0,40,-87.0,,,,WPA2-Personal,no,
2026-10-09 08:02:16,3,L3-013,,,T1,laptop-taqiya,1,eduroam,fc:7f:f1:dd:53:32,5320,64,5.0,40,-86.0,,,,WPA2/3-Enterprise,no,
2026-10-09 08:02:16,3,L3-013,,,T1,laptop-taqiya,1,WiFi-FILKOM,fc:7f:f1:dd:53:31,5320,64,5.0,40,-86.0,,,,WPA2/3-Enterprise,no,
2026-10-09 08:02:16,3,L3-013,,,T1,laptop-taqiya,1,WiFi-UB.x,fc:7f:f1:dd:53:30,5320,64,5.0,40,-87.0,,,,WPA2/3-Enterprise,no,
2026-10-09 08:02:16,3,L3-013,,,T1,laptop-taqiya,1,FILKOM EVENT,54:d7:e3:42:42:d3,5260,52,5.0,40,-81.0,,,,WPA2-Personal,no,
2026-10-09 08:02:16,3,L3-013,,,T1,laptop-taqiya,1,eduroam,54:d7:e3:42:42:d2,5260,52,5.0,40,-82.0,,,,WPA2/3-Enterprise,no,
2026-10-09 08:02:16,3,L3-013,,,T1,laptop-taqiya,1,WiFi-FILKOM,54:d7:e3:42:42:d1,5260,52,5.0,40,-82.0,,,,WPA2/3-Enterprise,no,
2026-10-09 08:02:16,3,L3-013,,,T1,laptop-taqiya,1,WiFi-UB.x,54:d7:e3:42:42:d0,5260,52,5.0,40,-80.0,,,,WPA2/3-Enterprise,no,
2026-10-09 08:02:16,3,L3-013,,,T1,laptop-taqiya,1,WiFi-UB.x,80:03:84:19:07:3c,5785,157,5.0,80,-93.0,,5.0,21.6,WPA2/3-Enterprise,no,
2026-10-09 08:02:16,3,L3-013,,,T1,laptop-taqiya,1,DIRECT-WELAPTOP-VAI3VGMOmsvP,be:d2:2c:df:11:14,5785,157,5.0,20,-78.0,,,,WPA2-Personal,no,
2026-10-09 08:02:16,3,L3-013,,,T1,laptop-taqiya,1,FILKOM EVENT,e8:10:98:82:05:a3,5785,157,5.0,40,-80.0,,,,WPA2-Personal,no,
2026-10-09 08:02:16,3,L3-013,,,T1,laptop-taqiya,1,eduroam,e8:10:98:82:05:a2,5785,157,5.0,40,-78.0,,,,WPA2/3-Enterprise,no,
2026-10-09 08:02:16,3,L3-013,,,T1,laptop-taqiya,1,WiFi-FILKOM,e8:10:98:82:05:a1,5785,157,5.0,40,-80.0,,,,WPA2/3-Enterprise,no,
2026-10-09 08:02:16,3,L3-013,,,T1,laptop-taqiya,1,WiFi-UB.x,e8:10:98:82:05:a0,5785,157,5.0,40,-80.0,,,,WPA2/3-Enterprise,no,
2026-10-09 08:02:16,3,L3-013,,,T1,laptop-taqiya,1,Samsung S25 Ultra,e2:82:61:7d:8d:ae,5745,149,5.0,80,-70.0,,,,WPA2/WPA3-Personal,capable,
2026-10-09 08:02:16,3,L3-013,,,T1,laptop-taqiya,1,FILKOM EVENT,e8:10:98:82:0b:43,5745,149,5.0,40,-59.0,,,,WPA2-Personal,no,
2026-10-09 08:02:16,3,L3-013,,,T1,laptop-taqiya,1,eduroam,e8:10:98:82:0b:42,5745,149,5.0,40,-59.0,,,,WPA2/3-Enterprise,no,
2026-10-09 08:02:16,3,L3-013,,,T1,laptop-taqiya,1,@@@,16:07:4a:c6:64:6a,5745,149,5.0,20,-83.0,,,,WPA2-Personal,no,
2026-10-09 08:02:16,3,L3-013,,,T1,laptop-taqiya,1,WiFi-FILKOM,e8:10:98:82:0b:41,5745,149,5.0,40,-59.0,,,,WPA2/3-Enterprise,no,
2026-10-09 08:02:16,3,L3-013,,,T1,laptop-taqiya,1,WiFi-UB.x,e8:10:98:82:0b:40,5745,149,5.0,40,-59.0,,,,WPA2/3-Enterprise,no,
2026-10-09 08:02:16,3,L3-013,,,T1,laptop-taqiya,1,iPhone (6),ae:80:1f:3c:0c:9d,5745,149,5.0,80,-67.0,,,,WPA2/WPA3-Personal,capable,
2026-10-09 08:02:16,3,L3-013,,,T1,laptop-taqiya,1,FILKOM EVENT,e8:10:98:82:0b:23,5240,48,5.0,40,-63.0,,,,WPA2-Personal,no,
2026-10-09 08:02:16,3,L3-013,,,T1,laptop-taqiya,1,eduroam,e8:10:98:82:0b:22,5240,48,5.0,40,-64.0,,,,WPA2/3-Enterprise,no,
2026-10-09 08:02:16,3,L3-013,,,T1,laptop-taqiya,1,WiFi-FILKOM,e8:10:98:82:0b:21,5240,48,5.0,40,-63.0,,,,WPA2/3-Enterprise,no,
2026-10-09 08:02:16,3,L3-013,,,T1,laptop-taqiya,1,lkjgfd,3e:c4:7f:30:14:49,5240,48,5.0,40,-64.0,,,,WPA2-Personal,no,
2026-10-09 08:02:25,3,L3-013,,,T1,laptop-taqiya,2,WiFi-UB.x,e8:10:98:82:0b:20,5240,48,5.0,40,-63.0,,,,WPA2/3-Enterprise,no,
2026-10-09 08:02:25,3,L3-013,,,T1,laptop-taqiya,2,Samsung S25 Ultra,e2:82:61:7d:8d:ae,5745,149,5.0,80,-67.0,,,,WPA2/WPA3-Personal,capable,
2026-10-09 08:02:25,3,L3-013,,,T1,laptop-taqiya,2,nanadd,4e:f9:04:44:27:54,2462,11,2.4,20,-68.0,,,,WPA2-Personal,no,
2026-10-09 08:02:25,3,L3-013,,,T1,laptop-taqiya,2,OPPO SPT,c6:ea:53:40:13:1d,2462,11,2.4,20,-69.0,,,,WPA2/WPA3-Personal,capable,
2026-10-09 08:02:25,3,L3-013,,,T1,laptop-taqiya,2,Note 7,6e:7b:4e:0b:ad:07,2462,11,2.4,20,-70.0,,,,WPA2-Personal,no,
2026-10-09 08:02:25,3,L3-013,,,T1,laptop-taqiya,2,WiFi-UB.x,e8:10:98:82:0b:30,2462,11,2.4,20,-72.0,,,,WPA2/3-Enterprise,no,
2026-10-09 08:02:25,3,L3-013,,,T1,laptop-taqiya,2,kiket🍫,0e:c3:f4:16:b9:78,2462,11,2.4,20,-66.0,,,,WPA2-Personal,no,
2026-10-09 08:02:25,3,L3-013,,,T1,laptop-taqiya,2,Galaxy A36 5G D49E,1e:e3:ff:59:a9:d6,2462,11,2.4,20,-69.0,,,,WPA2-Personal,no,
2026-10-09 08:02:25,3,L3-013,,,T1,laptop-taqiya,2,Verizon-SM-G996U-d561,32:c0:06:d1:8c:cf,2462,11,2.4,20,-68.0,,,,WPA2-Personal,no,
2026-10-09 08:02:25,3,L3-013,,,T1,laptop-taqiya,2,kuonzx,96:27:be:d6:7a:73,2437,6,2.4,20,-72.0,,,,WPA2-Personal,no,
2026-10-09 08:02:25,3,L3-013,,,T1,laptop-taqiya,2,echa,5a:0a:10:1a:1c:cc,2437,6,2.4,20,-71.0,,,,WPA2-Personal,no,
2026-10-09 08:02:25,3,L3-013,,,T1,laptop-taqiya,2,Salvatore’s,e2:24:8f:df:d5:71,2437,6,2.4,20,-71.0,,,,WPA2/WPA3-Personal,capable,
2026-10-09 08:02:25,3,L3-013,,,T1,laptop-taqiya,2,FILKOM EVENT,e8:10:98:82:05:93,2437,6,2.4,20,-87.0,,,,WPA2-Personal,no,
2026-10-09 08:02:25,3,L3-013,,,T1,laptop-taqiya,2,timun,62:77:a0:94:99:95,2437,6,2.4,20,-72.0,,,,WPA2-Personal,no,
2026-10-09 08:02:25,3,L3-013,,,T1,laptop-taqiya,2,Xiaomi 12T,aa:e0:aa:9c:66:21,2437,6,2.4,20,-77.0,,,,WPA2-Personal,no,
2026-10-09 08:02:25,3,L3-013,,,T1,laptop-taqiya,2,"To you, in 2000 Years",0a:a1:11:53:7a:6e,2437,6,2.4,20,-69.0,,,,WPA2-Personal,no,
2026-10-09 08:02:25,3,L3-013,,,T1,laptop-taqiya,2,Redmi 10C,4e:78:64:e6:2c:5c,2432,5,2.4,20,-64.0,,,,WPA2-Personal,no,
2026-10-09 08:02:25,3,L3-013,,,T1,laptop-taqiya,2,Tab S9 milik Muhammad Fariz,2e:86:05:95:0a:57,2412,1,2.4,20,-64.0,,,,WPA2-Personal,no,
2026-10-09 08:02:25,3,L3-013,,,T1,laptop-taqiya,2,FILKOM EVENT,54:d7:e3:42:42:d3,5260,52,5.0,40,-76.0,,,,WPA2-Personal,no,
2026-10-09 08:02:25,3,L3-013,,,T1,laptop-taqiya,2,eduroam,54:d7:e3:42:42:d2,5260,52,5.0,40,-72.0,,,,WPA2/3-Enterprise,no,
2026-10-09 08:02:25,3,L3-013,,,T1,laptop-taqiya,2,WiFi-FILKOM,54:d7:e3:42:42:d1,5260,52,5.0,40,-73.0,,,,WPA2/3-Enterprise,no,
2026-10-09 08:02:25,3,L3-013,,,T1,laptop-taqiya,2,WiFi-UB.x,54:d7:e3:42:42:d0,5260,52,5.0,40,-85.0,,,,WPA2/3-Enterprise,no,
2026-10-09 08:02:25,3,L3-013,,,T1,laptop-taqiya,2,DIRECT-WELAPTOP-VAI3VGMOmsvP,be:d2:2c:df:11:14,5785,157,5.0,20,-81.0,,,,WPA2-Personal,no,
2026-10-09 08:02:25,3,L3-013,,,T1,laptop-taqiya,2,FILKOM EVENT,e8:10:98:82:05:a3,5785,157,5.0,40,-77.0,,,,WPA2-Personal,no,
2026-10-09 08:02:25,3,L3-013,,,T1,laptop-taqiya,2,eduroam,e8:10:98:82:05:a2,5785,157,5.0,40,-77.0,,,,WPA2/3-Enterprise,no,
2026-10-09 08:02:25,3,L3-013,,,T1,laptop-taqiya,2,WiFi-FILKOM,e8:10:98:82:05:a1,5785,157,5.0,40,-77.0,,,,WPA2/3-Enterprise,no,
2026-10-09 08:02:25,3,L3-013,,,T1,laptop-taqiya,2,WiFi-UB.x,e8:10:98:82:05:a0,5785,157,5.0,40,-75.0,,,,WPA2/3-Enterprise,no,
2026-10-09 08:02:25,3,L3-013,,,T1,laptop-taqiya,2,FEB-UB,fc:5c:45:88:6f:7c,5765,153,5.0,80,-90.0,,1.0,53.3,WPA2-Personal,capable,
2026-10-09 08:02:25,3,L3-013,,,T1,laptop-taqiya,2,iPhone (6),ae:80:1f:3c:0c:9d,5745,149,5.0,80,-62.0,,,,WPA2/WPA3-Personal,capable,
2026-10-09 08:02:25,3,L3-013,,,T1,laptop-taqiya,2,FILKOM EVENT,e8:10:98:82:0b:43,5745,149,5.0,40,-62.0,,,,WPA2-Personal,no,
2026-10-09 08:02:25,3,L3-013,,,T1,laptop-taqiya,2,eduroam,e8:10:98:82:0b:42,5745,149,5.0,40,-62.0,,,,WPA2/3-Enterprise,no,
2026-10-09 08:02:25,3,L3-013,,,T1,laptop-taqiya,2,WiFi-FILKOM,e8:10:98:82:0b:41,5745,149,5.0,40,-62.0,,,,WPA2/3-Enterprise,no,
2026-10-09 08:02:25,3,L3-013,,,T1,laptop-taqiya,2,WiFi-UB.x,e8:10:98:82:0b:40,5745,149,5.0,40,-63.0,,,,WPA2/3-Enterprise,no,
2026-10-09 08:02:25,3,L3-013,,,T1,laptop-taqiya,2,FILKOM EVENT,e8:10:98:82:0b:23,5240,48,5.0,40,-64.0,,,,WPA2-Personal,no,
2026-10-09 08:02:25,3,L3-013,,,T1,laptop-taqiya,2,eduroam,e8:10:98:82:0b:22,5240,48,5.0,40,-64.0,,,,WPA2/3-Enterprise,no,
2026-10-09 08:02:25,3,L3-013,,,T1,laptop-taqiya,2,WiFi-FILKOM,e8:10:98:82:0b:21,5240,48,5.0,40,-63.0,,,,WPA2/3-Enterprise,no,
2026-10-09 08:02:25,3,L3-013,,,T1,laptop-taqiya,2,lkjgfd,3e:c4:7f:30:14:49,5240,48,5.0,40,-66.0,,,,WPA2-Personal,no,
2026-10-09 08:02:25,3,L3-013,,,T1,laptop-taqiya,2,WiFi-UB.x,c0:c7:0a:98:35:01,5200,40,5.0,20,-89.0,,1.0,6.7,WPA2/3-Enterprise,capable,
2026-10-09 08:02:25,3,L3-013,,,T1,laptop-taqiya,2,eduroam,c0:c7:0a:98:35:00,5200,40,5.0,20,-80.0,,2.0,6.7,WPA2/3-Enterprise,capable,
2026-10-09 08:02:25,3,L3-013,,,T1,laptop-taqiya,2,FILKOM EVENT,54:d7:e3:42:97:93,5180,36,5.0,40,-90.0,,,,WPA2-Personal,no,
2026-10-09 08:02:25,3,L3-013,,,T1,laptop-taqiya,2,eduroam,54:d7:e3:42:97:92,5180,36,5.0,40,-91.0,,,,WPA2/3-Enterprise,no,
2026-10-09 08:02:25,3,L3-013,,,T1,laptop-taqiya,2,WiFi-FILKOM,54:d7:e3:42:97:91,5180,36,5.0,40,-90.0,,,,WPA2/3-Enterprise,no,
2026-10-09 08:02:25,3,L3-013,,,T1,laptop-taqiya,2,WiFi-UB.x,54:d7:e3:42:97:90,5180,36,5.0,40,-91.0,,,,WPA2/3-Enterprise,no,
2026-10-09 08:02:25,3,L3-013,,,T1,laptop-taqiya,2,iHome5G15,1a:a3:ef:fa:1d:79,5180,36,5.0,80,-92.0,,,,WPA2-Personal,no,
2026-10-09 08:02:34,3,L3-013,,,T1,laptop-taqiya,3,WiFi-UB.x,e8:10:98:82:0b:20,5240,48,5.0,40,-64.0,,,,WPA2/3-Enterprise,no,
2026-10-09 08:02:34,3,L3-013,,,T1,laptop-taqiya,3,FILKOM EVENT,e8:10:98:82:0b:33,2462,11,2.4,20,-73.0,,,,WPA2-Personal,no,
2026-10-09 08:02:34,3,L3-013,,,T1,laptop-taqiya,3,Galaxy A57 5G 01E7,ee:c3:14:7c:9f:ef,2462,11,2.4,20,-72.0,,,,WPA2-Personal,no,
2026-10-09 08:02:34,3,L3-013,,,T1,laptop-taqiya,3,kiket🍫,0e:c3:f4:16:b9:78,2462,11,2.4,20,-67.0,,,,WPA2-Personal,no,
2026-10-09 08:02:34,3,L3-013,,,T1,laptop-taqiya,3,OPPO SPT,c6:ea:53:40:13:1d,2462,11,2.4,20,-71.0,,,,WPA2/WPA3-Personal,capable,
2026-10-09 08:02:34,3,L3-013,,,T1,laptop-taqiya,3,nupis,26:54:31:bc:42:16,2437,6,2.4,20,-75.0,,,,WPA2-Personal,no,
2026-10-09 08:02:34,3,L3-013,,,T1,laptop-taqiya,3,timun,62:77:a0:94:99:95,2437,6,2.4,20,-64.0,,,,WPA2-Personal,no,
2026-10-09 08:02:34,3,L3-013,,,T1,laptop-taqiya,3,Xiaomi 12T,aa:e0:aa:9c:66:21,2437,6,2.4,20,-77.0,,,,WPA2-Personal,no,
2026-10-09 08:02:34,3,L3-013,,,T1,laptop-taqiya,3,echa,5a:0a:10:1a:1c:cc,2437,6,2.4,20,-76.0,,,,WPA2-Personal,no,
2026-10-09 08:02:34,3,L3-013,,,T1,laptop-taqiya,3,Salvatore’s,e2:24:8f:df:d5:71,2437,6,2.4,20,-65.0,,,,WPA2/WPA3-Personal,capable,
2026-10-09 08:02:34,3,L3-013,,,T1,laptop-taqiya,3,ORACLE,5e:fa:75:9d:00:31,2432,5,2.4,20,-80.0,,,,Open,no,
2026-10-09 08:02:34,3,L3-013,,,T1,laptop-taqiya,3,ㅤ,d6:7a:83:ec:10:18,2437,6,2.4,20,-70.0,,,,WPA2/WPA3-Personal,capable,
2026-10-09 08:02:34,3,L3-013,,,T1,laptop-taqiya,3,©®⅞,e6:ce:60:56:6a:41,2412,1,2.4,20,-76.0,,,,WPA2-Personal,no,
2026-10-09 08:02:34,3,L3-013,,,T1,laptop-taqiya,3,jak,ae:a7:74:a3:82:e5,2412,1,2.4,20,-72.0,,,,WPA2-Personal,no,
2026-10-09 08:02:34,3,L3-013,,,T1,laptop-taqiya,3,nishimura,a6:ac:7b:7a:ad:b8,2412,1,2.4,20,-70.0,,,,WPA2/WPA3-Personal,capable,
2026-10-09 08:02:34,3,L3-013,,,T1,laptop-taqiya,3,WiFi-UB.x,54:d7:e3:45:51:20,2412,1,2.4,20,-78.0,,,,WPA2/3-Enterprise,no,
2026-10-09 08:02:34,3,L3-013,,,T1,laptop-taqiya,3,DIRECT-WELAPTOP-VAI3VGMOmsvP,be:d2:2c:df:11:14,5785,157,5.0,20,-78.0,,,,WPA2-Personal,no,
2026-10-09 08:02:34,3,L3-013,,,T1,laptop-taqiya,3,FILKOM EVENT,e8:10:98:82:05:a3,5785,157,5.0,40,-71.0,,,,WPA2-Personal,no,
2026-10-09 08:02:34,3,L3-013,,,T1,laptop-taqiya,3,eduroam,e8:10:98:82:05:a2,5785,157,5.0,40,-72.0,,,,WPA2/3-Enterprise,no,
2026-10-09 08:02:34,3,L3-013,,,T1,laptop-taqiya,3,WiFi-FILKOM,e8:10:98:82:05:a1,5785,157,5.0,40,-73.0,,,,WPA2/3-Enterprise,no,
2026-10-09 08:02:34,3,L3-013,,,T1,laptop-taqiya,3,WiFi-UB.x,e8:10:98:82:05:a0,5785,157,5.0,40,-70.0,,,,WPA2/3-Enterprise,no,
2026-10-09 08:02:34,3,L3-013,,,T1,laptop-taqiya,3,FILKOM EVENT,e8:10:98:82:0b:43,5745,149,5.0,40,-64.0,,,,WPA2-Personal,no,
2026-10-09 08:02:34,3,L3-013,,,T1,laptop-taqiya,3,eduroam,e8:10:98:82:0b:42,5745,149,5.0,40,-65.0,,,,WPA2/3-Enterprise,no,
2026-10-09 08:02:34,3,L3-013,,,T1,laptop-taqiya,3,@@@,16:07:4a:c6:64:6a,5745,149,5.0,20,-81.0,,,,WPA2-Personal,no,
2026-10-09 08:02:34,3,L3-013,,,T1,laptop-taqiya,3,iPhone (6),ae:80:1f:3c:0c:9d,5745,149,5.0,80,-67.0,,,,WPA2/WPA3-Personal,capable,
2026-10-09 08:02:34,3,L3-013,,,T1,laptop-taqiya,3,WiFi-UB.x,e8:10:98:82:0b:40,5745,149,5.0,40,-66.0,,,,WPA2/3-Enterprise,no,
2026-10-09 08:02:34,3,L3-013,,,T1,laptop-taqiya,3,WiFi-FILKOM,e8:10:98:82:0b:41,5745,149,5.0,40,-65.0,,,,WPA2/3-Enterprise,no,
2026-10-09 08:02:34,3,L3-013,,,T1,laptop-taqiya,3,Samsung S25 Ultra,e2:82:61:7d:8d:ae,5745,149,5.0,80,-70.0,,,,WPA2/WPA3-Personal,capable,
2026-10-09 08:02:34,3,L3-013,,,T1,laptop-taqiya,3,FILKOM EVENT,e8:10:98:82:0b:23,5240,48,5.0,40,-66.0,,,,WPA2-Personal,no,
2026-10-09 08:02:34,3,L3-013,,,T1,laptop-taqiya,3,eduroam,e8:10:98:82:0b:22,5240,48,5.0,40,-66.0,,,,WPA2/3-Enterprise,no,
2026-10-09 08:02:34,3,L3-013,,,T1,laptop-taqiya,3,WiFi-FILKOM,e8:10:98:82:0b:21,5240,48,5.0,40,-66.0,,,,WPA2/3-Enterprise,no,
2026-10-09 08:02:34,3,L3-013,,,T1,laptop-taqiya,3,lkjgfd,3e:c4:7f:30:14:49,5240,48,5.0,40,-65.0,,,,WPA2-Personal,no,
2026-10-09 08:02:34,3,L3-013,,,T1,laptop-taqiya,3,WiFi-UB.x,c0:c7:0a:98:38:b1,5220,44,5.0,20,-88.0,,34.0,47.5,WPA2/3-Enterprise,capable,
2026-10-09 08:02:34,3,L3-013,,,T1,laptop-taqiya,3,eduroam,c0:c7:0a:98:38:b0,5220,44,5.0,20,-89.0,,4.0,47.5,WPA2/3-Enterprise,capable,
2026-10-09 08:05:02,3,L3-034,,,T1,laptop-taqiya,1,FILKOM EVENT,e8:10:98:82:0b:33,2462,11,2.4,20,-61.0,,,,WPA2-Personal,no,
2026-10-09 08:05:02,3,L3-034,,,T1,laptop-taqiya,1,eduroam,e8:10:98:82:0b:32,2462,11,2.4,20,-59.0,,,,WPA2/3-Enterprise,no,
2026-10-09 08:05:02,3,L3-034,,,T1,laptop-taqiya,1,Galaxy A57 5G 01E7,ee:c3:14:7c:9f:ef,2462,11,2.4,20,-68.0,,,,WPA2-Personal,no,
2026-10-09 08:05:02,3,L3-034,,,T1,laptop-taqiya,1,WiFi-FILKOM,e8:10:98:82:0b:31,2462,11,2.4,20,-61.0,,,,WPA2/3-Enterprise,no,
2026-10-09 08:05:02,3,L3-034,,,T1,laptop-taqiya,1,nanadd,4e:f9:04:44:27:54,2462,11,2.4,20,-63.0,,,,WPA2-Personal,no,
2026-10-09 08:05:02,3,L3-034,,,T1,laptop-taqiya,1,WiFi-UB.x,e8:10:98:82:0b:30,2462,11,2.4,20,-58.0,,,,WPA2/3-Enterprise,no,
2026-10-09 08:05:02,3,L3-034,,,T1,laptop-taqiya,1,Adachi,d2:e0:27:81:9e:8c,2462,11,2.4,20,-75.0,,,,WPA2-Personal,no,
2026-10-09 08:05:02,3,L3-034,,,T1,laptop-taqiya,1,WiFi-UB.x,e8:10:98:82:0b:20,5240,48,5.0,40,-47.0,,,,WPA2/3-Enterprise,no,
2026-10-09 08:05:02,3,L3-034,,,T1,laptop-taqiya,1,"To you, in 2000 Years",0a:a1:11:53:7a:6e,2437,6,2.4,20,-76.0,,,,WPA2-Personal,no,
2026-10-09 08:05:02,3,L3-034,,,T1,laptop-taqiya,1,iPhone (2),ba:52:1a:fe:b4:8c,2437,6,2.4,20,-71.0,,,,WPA2-Personal,no,
2026-10-09 08:05:02,3,L3-034,,,T1,laptop-taqiya,1,🩷🩷🩷,76:11:0d:59:58:56,2437,6,2.4,20,-72.0,,,,WPA2-Personal,no,
2026-10-09 08:05:02,3,L3-034,,,T1,laptop-taqiya,1,echa,5a:0a:10:1a:1c:cc,2437,6,2.4,20,-74.0,,,,WPA2-Personal,no,
2026-10-09 08:05:02,3,L3-034,,,T1,laptop-taqiya,1,Kfkfkfm,46:d9:d2:ca:4f:5a,2437,6,2.4,20,-74.0,,,,WPA2-Personal,no,
2026-10-09 08:05:02,3,L3-034,,,T1,laptop-taqiya,1,Xiaomi 12T,aa:e0:aa:9c:66:21,2437,6,2.4,20,-71.0,,,,WPA2-Personal,no,
2026-10-09 08:05:02,3,L3-034,,,T1,laptop-taqiya,1,ORACLE,5e:fa:75:9d:00:31,2432,5,2.4,20,-64.0,,,,Open,no,
2026-10-09 08:05:02,3,L3-034,,,T1,laptop-taqiya,1,aldo kipan,b2:35:16:15:9f:dc,2412,1,2.4,20,-69.0,,,,WPA2-Personal,no,
2026-10-09 08:05:02,3,L3-034,,,T1,laptop-taqiya,1,Riko,ca:85:f1:86:0a:04,2412,1,2.4,20,-65.0,,,,WPA2-Personal,no,
2026-10-09 08:05:02,3,L3-034,,,T1,laptop-taqiya,1,lkjgfd,3e:c4:7f:30:14:49,5240,48,5.0,40,-81.0,,,,WPA2-Personal,no,
2026-10-09 08:05:02,3,L3-034,,,T1,laptop-taqiya,1,FILKOM EVENT,fc:7f:f1:dd:53:33,5320,64,5.0,40,-86.0,,,,WPA2-Personal,no,
2026-10-09 08:05:02,3,L3-034,,,T1,laptop-taqiya,1,eduroam,fc:7f:f1:dd:53:32,5320,64,5.0,40,-88.0,,,,WPA2/3-Enterprise,no,
2026-10-09 08:05:02,3,L3-034,,,T1,laptop-taqiya,1,WiFi-UB.x,fc:7f:f1:dd:53:30,5320,64,5.0,40,-85.0,,,,WPA2/3-Enterprise,no,
2026-10-09 08:05:02,3,L3-034,,,T1,laptop-taqiya,1,OPPO A12,12:47:2d:9a:26:cf,5765,153,5.0,80,-72.0,,,,WPA2-Personal,no,
2026-10-09 08:05:02,3,L3-034,,,T1,laptop-taqiya,1,FILKOM EVENT,e8:10:98:82:0b:43,5745,149,5.0,40,-49.0,,,,WPA2-Personal,no,
2026-10-09 08:05:02,3,L3-034,,,T1,laptop-taqiya,1,eduroam,e8:10:98:82:0b:42,5745,149,5.0,40,-49.0,,,,WPA2/3-Enterprise,no,
2026-10-09 08:05:02,3,L3-034,,,T1,laptop-taqiya,1,WiFi-FILKOM,e8:10:98:82:0b:41,5745,149,5.0,40,-49.0,,,,WPA2/3-Enterprise,no,
2026-10-09 08:05:02,3,L3-034,,,T1,laptop-taqiya,1,WiFi-UB.x,e8:10:98:82:0b:40,5745,149,5.0,40,-49.0,,,,WPA2/3-Enterprise,no,
2026-10-09 08:05:02,3,L3-034,,,T1,laptop-taqiya,1,FILKOM EVENT,e8:10:98:82:0b:23,5240,48,5.0,40,-48.0,,,,WPA2-Personal,no,
2026-10-09 08:05:02,3,L3-034,,,T1,laptop-taqiya,1,eduroam,e8:10:98:82:0b:22,5240,48,5.0,40,-48.0,,,,WPA2/3-Enterprise,no,
2026-10-09 08:05:02,3,L3-034,,,T1,laptop-taqiya,1,WiFi-FILKOM,e8:10:98:82:0b:21,5240,48,5.0,40,-48.0,,,,WPA2/3-Enterprise,no,
2026-10-09 08:05:02,3,L3-034,,,T1,laptop-taqiya,1,FILKOM EVENT,28:b3:71:ab:d3:92,5200,40,5.0,20,-65.0,,1.0,23.1,WPA2-Personal,capable,
2026-10-09 08:05:02,3,L3-034,,,T1,laptop-taqiya,1,eduroam,28:b3:71:ab:d3:90,5200,40,5.0,20,-65.0,,1.0,23.1,WPA2/3-Enterprise,capable,
2026-10-09 08:05:02,3,L3-034,,,T1,laptop-taqiya,1,FILKOM EVENT,54:d7:e3:42:97:93,5180,36,5.0,40,-79.0,,,,WPA2-Personal,no,
2026-10-09 08:05:02,3,L3-034,,,T1,laptop-taqiya,1,iHome5G15,1a:a3:ef:fa:1d:79,5180,36,5.0,80,-84.0,,,,WPA2-Personal,no,
2026-10-09 08:05:02,3,L3-034,,,T1,laptop-taqiya,1,eduroam,54:d7:e3:42:97:92,5180,36,5.0,40,-79.0,,,,WPA2/3-Enterprise,no,
2026-10-09 08:05:02,3,L3-034,,,T1,laptop-taqiya,1,WiFi-FILKOM,54:d7:e3:42:97:91,5180,36,5.0,40,-79.0,,,,WPA2/3-Enterprise,no,
2026-10-09 08:05:02,3,L3-034,,,T1,laptop-taqiya,1,WiFi-UB.x,54:d7:e3:42:97:90,5180,36,5.0,40,-79.0,,,,WPA2/3-Enterprise,no,
2026-10-09 08:05:11,3,L3-034,,,T1,laptop-taqiya,2,OPPO SPT,c6:ea:53:40:13:1d,2462,11,2.4,20,-76.0,,,,WPA2/WPA3-Personal,capable,
2026-10-09 08:05:11,3,L3-034,,,T1,laptop-taqiya,2,Galaxy A57 5G 01E7,ee:c3:14:7c:9f:ef,2462,11,2.4,20,-64.0,,,,WPA2-Personal,no,
2026-10-09 08:05:11,3,L3-034,,,T1,laptop-taqiya,2,nanadd,4e:f9:04:44:27:54,2462,11,2.4,20,-58.0,,,,WPA2-Personal,no,
2026-10-09 08:05:11,3,L3-034,,,T1,laptop-taqiya,2,ORACLE,5e:fa:75:9d:00:31,2432,5,2.4,20,-61.0,,,,Open,no,
2026-10-09 08:05:11,3,L3-034,,,T1,laptop-taqiya,2,WiFi-UB.x,e8:10:98:82:0b:20,5240,48,5.0,40,-47.0,,,,WPA2/3-Enterprise,no,
2026-10-09 08:05:11,3,L3-034,,,T1,laptop-taqiya,2,Q,16:ef:f3:33:ad:62,2412,1,2.4,20,-83.0,,,,WPA2-Personal,no,
2026-10-09 08:05:11,3,L3-034,,,T1,laptop-taqiya,2,,4a:22:54:25:73:b0,2412,1,2.4,20,-73.0,,7.0,0.0,WPA2-Personal,no,
2026-10-09 08:05:11,3,L3-034,,,T1,laptop-taqiya,2,aldo kipan,b2:35:16:15:9f:dc,2412,1,2.4,20,-67.0,,,,WPA2-Personal,no,
2026-10-09 08:05:11,3,L3-034,,,T1,laptop-taqiya,2,Riko,ca:85:f1:86:0a:04,2412,1,2.4,20,-68.0,,,,WPA2-Personal,no,
2026-10-09 08:05:11,3,L3-034,,,T1,laptop-taqiya,2,FILKOM EVENT,c0:c7:0a:98:34:12,5785,157,5.0,20,-80.0,,1.0,42.0,WPA2-Personal,capable,
2026-10-09 08:05:11,3,L3-034,,,T1,laptop-taqiya,2,eduroam,c0:c7:0a:98:34:10,5785,157,5.0,20,-78.0,,7.0,42.0,WPA2/3-Enterprise,capable,
2026-10-09 08:05:11,3,L3-034,,,T1,laptop-taqiya,2,FILKOM EVENT,e8:10:98:82:05:a3,5785,157,5.0,40,-75.0,,,,WPA2-Personal,no,
2026-10-09 08:05:11,3,L3-034,,,T1,laptop-taqiya,2,eduroam,e8:10:98:82:05:a2,5785,157,5.0,40,-72.0,,,,WPA2/3-Enterprise,no,
2026-10-09 08:05:11,3,L3-034,,,T1,laptop-taqiya,2,WiFi-FILKOM,e8:10:98:82:05:a1,5785,157,5.0,40,-76.0,,,,WPA2/3-Enterprise,no,
2026-10-09 08:05:11,3,L3-034,,,T1,laptop-taqiya,2,WiFi-UB.x,e8:10:98:82:05:a0,5785,157,5.0,40,-73.0,,,,WPA2/3-Enterprise,no,
2026-10-09 08:05:11,3,L3-034,,,T1,laptop-taqiya,2,OPPO A12,12:47:2d:9a:26:cf,5765,153,5.0,80,-73.0,,,,WPA2-Personal,no,
2026-10-09 08:05:11,3,L3-034,,,T1,laptop-taqiya,2,iPhone (6),ae:80:1f:3c:0c:9d,5745,149,5.0,80,-82.0,,,,WPA2/WPA3-Personal,capable,
2026-10-09 08:05:11,3,L3-034,,,T1,laptop-taqiya,2,FILKOM EVENT,e8:10:98:82:0b:43,5745,149,5.0,40,-49.0,,,,WPA2-Personal,no,
2026-10-09 08:05:11,3,L3-034,,,T1,laptop-taqiya,2,eduroam,e8:10:98:82:0b:42,5745,149,5.0,40,-49.0,,,,WPA2/3-Enterprise,no,
2026-10-09 08:05:11,3,L3-034,,,T1,laptop-taqiya,2,WiFi-FILKOM,e8:10:98:82:0b:41,5745,149,5.0,40,-50.0,,,,WPA2/3-Enterprise,no,
2026-10-09 08:05:11,3,L3-034,,,T1,laptop-taqiya,2,WiFi-UB.x,e8:10:98:82:0b:40,5745,149,5.0,40,-49.0,,,,WPA2/3-Enterprise,no,
2026-10-09 08:05:11,3,L3-034,,,T1,laptop-taqiya,2,lkjgfd,3e:c4:7f:30:14:49,5240,48,5.0,40,-80.0,,,,WPA2-Personal,no,
2026-10-09 08:05:11,3,L3-034,,,T1,laptop-taqiya,2,FILKOM EVENT,e8:10:98:82:0b:23,5240,48,5.0,40,-49.0,,,,WPA2-Personal,no,
2026-10-09 08:05:11,3,L3-034,,,T1,laptop-taqiya,2,eduroam,e8:10:98:82:0b:22,5240,48,5.0,40,-47.0,,,,WPA2/3-Enterprise,no,
2026-10-09 08:05:11,3,L3-034,,,T1,laptop-taqiya,2,WiFi-FILKOM,e8:10:98:82:0b:21,5240,48,5.0,40,-49.0,,,,WPA2/3-Enterprise,no,
2026-10-09 08:05:11,3,L3-034,,,T1,laptop-taqiya,2,eduroam,c0:c7:0a:98:35:00,5200,40,5.0,20,-87.0,,2.0,5.9,WPA2/3-Enterprise,capable,
2026-10-09 08:05:11,3,L3-034,,,T1,laptop-taqiya,2,iHome5G15,1a:a3:ef:fa:1d:79,5180,36,5.0,80,-84.0,,,,WPA2-Personal,no,
2026-10-09 08:05:11,3,L3-034,,,T1,laptop-taqiya,2,FILKOM EVENT,54:d7:e3:42:97:93,5180,36,5.0,40,-80.0,,,,WPA2-Personal,no,
2026-10-09 08:05:11,3,L3-034,,,T1,laptop-taqiya,2,eduroam,54:d7:e3:42:97:92,5180,36,5.0,40,-79.0,,,,WPA2/3-Enterprise,no,
2026-10-09 08:05:11,3,L3-034,,,T1,laptop-taqiya,2,WiFi-FILKOM,54:d7:e3:42:97:91,5180,36,5.0,40,-81.0,,,,WPA2/3-Enterprise,no,
2026-10-09 08:05:11,3,L3-034,,,T1,laptop-taqiya,2,WiFi-UB.x,54:d7:e3:42:97:90,5180,36,5.0,40,-80.0,,,,WPA2/3-Enterprise,no,
2026-10-09 08:05:20,3,L3-034,,,T1,laptop-taqiya,3,WiFi-UB.x,e8:10:98:82:0b:20,5240,48,5.0,40,-46.0,,,,WPA2/3-Enterprise,no,
2026-10-09 08:05:20,3,L3-034,,,T1,laptop-taqiya,3,FEB-UB,80:03:84:99:07:38,2462,11,2.4,20,-85.0,,3.0,48.2,WPA2-Personal,capable,
2026-10-09 08:05:20,3,L3-034,,,T1,laptop-taqiya,3,WiFi-UB.x,80:03:84:19:07:38,2462,11,2.4,20,-82.0,,2.0,48.2,WPA2/3-Enterprise,no,
2026-10-09 08:05:20,3,L3-034,,,T1,laptop-taqiya,3,OPPO SPT,c6:ea:53:40:13:1d,2462,11,2.4,20,-74.0,,,,WPA2/WPA3-Personal,capable,
2026-10-09 08:05:20,3,L3-034,,,T1,laptop-taqiya,3,Adachi,d2:e0:27:81:9e:8c,2462,11,2.4,20,-68.0,,,,WPA2-Personal,no,
2026-10-09 08:05:20,3,L3-034,,,T1,laptop-taqiya,3,FILKOM EVENT,e8:10:98:82:0b:33,2462,11,2.4,20,-62.0,,,,WPA2-Personal,no,
2026-10-09 08:05:20,3,L3-034,,,T1,laptop-taqiya,3,eduroam,e8:10:98:82:0b:32,2462,11,2.4,20,-59.0,,,,WPA2/3-Enterprise,no,
2026-10-09 08:05:20,3,L3-034,,,T1,laptop-taqiya,3,WiFi-FILKOM,e8:10:98:82:0b:31,2462,11,2.4,20,-62.0,,,,WPA2/3-Enterprise,no,
2026-10-09 08:05:20,3,L3-034,,,T1,laptop-taqiya,3,Galaxy A57 5G 01E7,ee:c3:14:7c:9f:ef,2462,11,2.4,20,-66.0,,,,WPA2-Personal,no,
2026-10-09 08:05:20,3,L3-034,,,T1,laptop-taqiya,3,WiFi-UB.x,e8:10:98:82:0b:30,2462,11,2.4,20,-62.0,,,,WPA2/3-Enterprise,no,
2026-10-09 08:05:20,3,L3-034,,,T1,laptop-taqiya,3,nanadd,4e:f9:04:44:27:54,2462,11,2.4,20,-62.0,,,,WPA2-Personal,no,
2026-10-09 08:05:20,3,L3-034,,,T1,laptop-taqiya,3,"To you, in 2000 Years",0a:a1:11:53:7a:6e,2437,6,2.4,20,-76.0,,,,WPA2-Personal,no,
2026-10-09 08:05:20,3,L3-034,,,T1,laptop-taqiya,3,WiFi-UB.x,e8:10:98:82:05:90,2437,6,2.4,20,-81.0,,,,WPA2/3-Enterprise,no,
2026-10-09 08:05:20,3,L3-034,,,T1,laptop-taqiya,3,Xiaomi 12T,aa:e0:aa:9c:66:21,2437,6,2.4,20,-65.0,,,,WPA2-Personal,no,
2026-10-09 08:05:20,3,L3-034,,,T1,laptop-taqiya,3,iPhone (2),ba:52:1a:fe:b4:8c,2437,6,2.4,20,-70.0,,,,WPA2-Personal,no,
2026-10-09 08:05:20,3,L3-034,,,T1,laptop-taqiya,3,echa,5a:0a:10:1a:1c:cc,2437,6,2.4,20,-67.0,,,,WPA2-Personal,no,
2026-10-09 08:05:20,3,L3-034,,,T1,laptop-taqiya,3,Redmi 10C,4e:78:64:e6:2c:5c,2432,5,2.4,20,-77.0,,,,WPA2-Personal,no,
2026-10-09 08:05:20,3,L3-034,,,T1,laptop-taqiya,3,ORACLE,5e:fa:75:9d:00:31,2432,5,2.4,20,-63.0,,,,Open,no,
2026-10-09 08:05:20,3,L3-034,,,T1,laptop-taqiya,3,ScenXus-b0a73235f7d4,b0:a7:32:35:f7:d5,2422,3,2.4,40,-73.0,,,,Open,no,
2026-10-09 08:05:20,3,L3-034,,,T1,laptop-taqiya,3,Riko,ca:85:f1:86:0a:04,2412,1,2.4,20,-65.0,,,,WPA2-Personal,no,
2026-10-09 08:05:20,3,L3-034,,,T1,laptop-taqiya,3,aldo kipan,b2:35:16:15:9f:dc,2412,1,2.4,20,-69.0,,,,WPA2-Personal,no,
2026-10-09 08:05:20,3,L3-034,,,T1,laptop-taqiya,3,DIRECT-WELAPTOP-VAI3VGMOmsvP,be:d2:2c:df:11:14,5785,157,5.0,20,-66.0,,,,WPA2-Personal,no,
2026-10-09 08:05:20,3,L3-034,,,T1,laptop-taqiya,3,FILKOM EVENT,e8:10:98:82:05:a3,5785,157,5.0,40,-78.0,,,,WPA2-Personal,no,
2026-10-09 08:05:20,3,L3-034,,,T1,laptop-taqiya,3,eduroam,e8:10:98:82:05:a2,5785,157,5.0,40,-78.0,,,,WPA2/3-Enterprise,no,
2026-10-09 08:05:20,3,L3-034,,,T1,laptop-taqiya,3,WiFi-FILKOM,e8:10:98:82:05:a1,5785,157,5.0,40,-77.0,,,,WPA2/3-Enterprise,no,
2026-10-09 08:05:20,3,L3-034,,,T1,laptop-taqiya,3,WiFi-UB.x,e8:10:98:82:05:a0,5785,157,5.0,40,-78.0,,,,WPA2/3-Enterprise,no,
2026-10-09 08:05:20,3,L3-034,,,T1,laptop-taqiya,3,WiFi-UB.x,c0:c7:0a:98:34:11,5785,157,5.0,20,-78.0,,39.0,61.2,WPA2/3-Enterprise,capable,
2026-10-09 08:05:20,3,L3-034,,,T1,laptop-taqiya,3,eduroam,c0:c7:0a:98:34:10,5785,157,5.0,20,-78.0,,7.0,61.2,WPA2/3-Enterprise,capable,
2026-10-09 08:05:20,3,L3-034,,,T1,laptop-taqiya,3,OPPO A12,12:47:2d:9a:26:cf,5765,153,5.0,80,-75.0,,,,WPA2-Personal,no,
2026-10-09 08:05:20,3,L3-034,,,T1,laptop-taqiya,3,Samsung S25 Ultra,e2:82:61:7d:8d:ae,5745,149,5.0,80,-87.0,,,,WPA2/WPA3-Personal,capable,
2026-10-09 08:05:20,3,L3-034,,,T1,laptop-taqiya,3,iPhone (6),ae:80:1f:3c:0c:9d,5745,149,5.0,80,-81.0,,,,WPA2/WPA3-Personal,capable,
2026-10-09 08:05:20,3,L3-034,,,T1,laptop-taqiya,3,eduroam,e8:10:98:82:0b:42,5745,149,5.0,40,-50.0,,,,WPA2/3-Enterprise,no,
2026-10-09 08:05:20,3,L3-034,,,T1,laptop-taqiya,3,WiFi-FILKOM,e8:10:98:82:0b:41,5745,149,5.0,40,-52.0,,,,WPA2/3-Enterprise,no,
2026-10-09 08:05:20,3,L3-034,,,T1,laptop-taqiya,3,WiFi-UB.x,e8:10:98:82:0b:40,5745,149,5.0,40,-51.0,,,,WPA2/3-Enterprise,no,
2026-10-09 08:05:20,3,L3-034,,,T1,laptop-taqiya,3,FILKOM EVENT,e8:10:98:82:0b:43,5745,149,5.0,40,-51.0,,,,WPA2-Personal,no,
2026-10-09 08:05:20,3,L3-034,,,T1,laptop-taqiya,3,lkjgfd,3e:c4:7f:30:14:49,5240,48,5.0,40,-80.0,,,,WPA2-Personal,no,
2026-10-09 08:05:20,3,L3-034,,,T1,laptop-taqiya,3,FILKOM EVENT,e8:10:98:82:0b:23,5240,48,5.0,40,-49.0,,,,WPA2-Personal,no,
2026-10-09 08:05:20,3,L3-034,,,T1,laptop-taqiya,3,eduroam,e8:10:98:82:0b:22,5240,48,5.0,40,-49.0,,,,WPA2/3-Enterprise,no,
2026-10-09 08:05:20,3,L3-034,,,T1,laptop-taqiya,3,WiFi-FILKOM,e8:10:98:82:0b:21,5240,48,5.0,40,-49.0,,,,WPA2/3-Enterprise,no,
2026-10-09 08:05:20,3,L3-034,,,T1,laptop-taqiya,3,FILKOM EVENT,54:d7:e3:42:97:93,5180,36,5.0,40,-79.0,,,,WPA2-Personal,no,
2026-10-09 08:05:20,3,L3-034,,,T1,laptop-taqiya,3,eduroam,54:d7:e3:42:97:92,5180,36,5.0,40,-79.0,,,,WPA2/3-Enterprise,no,
2026-10-09 08:05:20,3,L3-034,,,T1,laptop-taqiya,3,iHome5G15,1a:a3:ef:fa:1d:79,5180,36,5.0,80,-84.0,,,,WPA2-Personal,no,
2026-10-09 08:05:20,3,L3-034,,,T1,laptop-taqiya,3,WiFi-FILKOM,54:d7:e3:42:97:91,5180,36,5.0,40,-79.0,,,,WPA2/3-Enterprise,no,
2026-10-09 08:05:20,3,L3-034,,,T1,laptop-taqiya,3,WiFi-UB.x,54:d7:e3:42:97:90,5180,36,5.0,40,-79.0,,,,WPA2/3-Enterprise,no,
2026-10-09 08:07:22,3,L3-033,,,T1,laptop-taqiya,1,"To you, in 2000 Years",0a:a1:11:53:7a:6e,2437,6,2.4,20,-81.0,,,,WPA2-Personal,no,
2026-10-09 08:07:22,3,L3-033,,,T1,laptop-taqiya,1,eduroam,54:d7:e3:45:4c:82,2437,6,2.4,20,-70.0,,,,WPA2/3-Enterprise,no,
2026-10-09 08:07:22,3,L3-033,,,T1,laptop-taqiya,1,WiFi-FILKOM,54:d7:e3:45:4c:81,2437,6,2.4,20,-88.0,,,,WPA2/3-Enterprise,no,
2026-10-09 08:07:22,3,L3-033,,,T1,laptop-taqiya,1,WiFi-UB.x,54:d7:e3:45:4c:80,2437,6,2.4,20,-85.0,,,,WPA2/3-Enterprise,no,
2026-10-09 08:07:22,3,L3-033,,,T1,laptop-taqiya,1,Xiaomi 12T,aa:e0:aa:9c:66:21,2437,6,2.4,20,-83.0,,,,WPA2-Personal,no,
2026-10-09 08:07:22,3,L3-033,,,T1,laptop-taqiya,1,echa,5a:0a:10:1a:1c:cc,2437,6,2.4,20,-81.0,,,,WPA2-Personal,no,
2026-10-09 08:07:22,3,L3-033,,,T1,laptop-taqiya,1,iPhone (2),ba:52:1a:fe:b4:8c,2437,6,2.4,20,-80.0,,,,WPA2-Personal,no,
2026-10-09 08:07:22,3,L3-033,,,T1,laptop-taqiya,1,iqoo Z9 ,8a:3f:0f:53:ce:1e,2437,6,2.4,20,-78.0,,,,WPA2-Personal,no,
2026-10-09 08:07:22,3,L3-033,,,T1,laptop-taqiya,1,WiFi-UB.x,e8:10:98:82:05:90,2437,6,2.4,20,-75.0,,,,WPA2/3-Enterprise,no,
2026-10-09 08:07:22,3,L3-033,,,T1,laptop-taqiya,1,FILKOM EVENT,e8:10:98:82:05:93,2437,6,2.4,20,-74.0,,,,WPA2-Personal,no,
2026-10-09 08:07:22,3,L3-033,,,T1,laptop-taqiya,1,eduroam,e8:10:98:82:05:92,2437,6,2.4,20,-75.0,,,,WPA2/3-Enterprise,no,
2026-10-09 08:07:22,3,L3-033,,,T1,laptop-taqiya,1,WiFi-FILKOM,e8:10:98:82:05:91,2437,6,2.4,20,-75.0,,,,WPA2/3-Enterprise,no,
2026-10-09 08:07:22,3,L3-033,,,T1,laptop-taqiya,1,🩷🩷🩷,76:11:0d:59:58:56,2437,6,2.4,20,-68.0,,,,WPA2-Personal,no,
2026-10-09 08:07:22,3,L3-033,,,T1,laptop-taqiya,1,ScenXus-b0a73235f7d4,b0:a7:32:35:f7:d5,2422,3,2.4,40,-64.0,,,,Open,no,
2026-10-09 08:07:22,3,L3-033,,,T1,laptop-taqiya,1,WiFi-UB.x,e8:10:98:82:0b:20,5240,48,5.0,40,-63.0,,,,WPA2/3-Enterprise,no,
2026-10-09 08:07:22,3,L3-033,,,T1,laptop-taqiya,1,aldo kipan,b2:35:16:15:9f:dc,2412,1,2.4,20,-68.0,,,,WPA2-Personal,no,
2026-10-09 08:07:22,3,L3-033,,,T1,laptop-taqiya,1,Q,16:ef:f3:33:ad:62,2412,1,2.4,20,-80.0,,,,WPA2-Personal,no,
2026-10-09 08:07:22,3,L3-033,,,T1,laptop-taqiya,1,Recover.Me-184350,c0:c7:0a:58:43:5f,2412,1,2.4,20,-72.0,,0.0,40.0,WPA2-Personal,no,
2026-10-09 08:07:22,3,L3-033,,,T1,laptop-taqiya,1,Riko,ca:85:f1:86:0a:04,2412,1,2.4,20,-75.0,,,,WPA2-Personal,no,
2026-10-09 08:07:22,3,L3-033,,,T1,laptop-taqiya,1,WiFi-UB.x,94:b3:4f:bc:cb:81,5240,48,5.0,20,-91.0,,1.0,3.5,WPA2/3-Enterprise,capable,
2026-10-09 08:07:22,3,L3-033,,,T1,laptop-taqiya,1,FILKOM EVENT,54:d7:e3:41:42:d3,5280,56,5.0,40,-84.0,,,,WPA2-Personal,no,
2026-10-09 08:07:22,3,L3-033,,,T1,laptop-taqiya,1,eduroam,54:d7:e3:41:42:d2,5280,56,5.0,40,-85.0,,,,WPA2/3-Enterprise,no,
2026-10-09 08:07:22,3,L3-033,,,T1,laptop-taqiya,1,WiFi-FILKOM,54:d7:e3:41:42:d1,5280,56,5.0,40,-85.0,,,,WPA2/3-Enterprise,no,
2026-10-09 08:07:22,3,L3-033,,,T1,laptop-taqiya,1,WiFi-UB.x,54:d7:e3:41:42:d0,5280,56,5.0,40,-85.0,,,,WPA2/3-Enterprise,no,
2026-10-09 08:07:22,3,L3-033,,,T1,laptop-taqiya,1,DIRECT-WELAPTOP-VAI3VGMOmsvP,be:d2:2c:df:11:14,5785,157,5.0,20,-70.0,,,,WPA2-Personal,no,
2026-10-09 08:07:22,3,L3-033,,,T1,laptop-taqiya,1,FILKOM EVENT,e8:10:98:82:05:a3,5785,157,5.0,40,-70.0,,,,WPA2-Personal,no,
2026-10-09 08:07:22,3,L3-033,,,T1,laptop-taqiya,1,eduroam,e8:10:98:82:05:a2,5785,157,5.0,40,-71.0,,,,WPA2/3-Enterprise,no,
2026-10-09 08:07:22,3,L3-033,,,T1,laptop-taqiya,1,im’s phone,7e:64:24:c9:8d:df,5785,157,5.0,20,-82.0,,,,WPA2/WPA3-Personal,capable,
2026-10-09 08:07:22,3,L3-033,,,T1,laptop-taqiya,1,WiFi-FILKOM,e8:10:98:82:05:a1,5785,157,5.0,40,-72.0,,,,WPA2/3-Enterprise,no,
2026-10-09 08:07:22,3,L3-033,,,T1,laptop-taqiya,1,WiFi-UB.x,e8:10:98:82:05:a0,5785,157,5.0,40,-71.0,,,,WPA2/3-Enterprise,no,
2026-10-09 08:07:22,3,L3-033,,,T1,laptop-taqiya,1,WiFi-UB.x,e8:10:98:82:0b:40,5745,149,5.0,40,-65.0,,,,WPA2/3-Enterprise,no,
2026-10-09 08:07:22,3,L3-033,,,T1,laptop-taqiya,1,FILKOM EVENT,e8:10:98:82:0b:23,5240,48,5.0,40,-63.0,,,,WPA2-Personal,no,
2026-10-09 08:07:22,3,L3-033,,,T1,laptop-taqiya,1,eduroam,e8:10:98:82:0b:22,5240,48,5.0,40,-63.0,,,,WPA2/3-Enterprise,no,
2026-10-09 08:07:22,3,L3-033,,,T1,laptop-taqiya,1,WiFi-FILKOM,e8:10:98:82:0b:21,5240,48,5.0,40,-63.0,,,,WPA2/3-Enterprise,no,
2026-10-09 08:07:22,3,L3-033,,,T1,laptop-taqiya,1,lkjgfd,3e:c4:7f:30:14:49,5240,48,5.0,40,-87.0,,,,WPA2-Personal,no,
2026-10-09 08:07:22,3,L3-033,,,T1,laptop-taqiya,1,FILKOM EVENT,54:d7:e3:42:97:93,5180,36,5.0,40,-81.0,,,,WPA2-Personal,no,
2026-10-09 08:07:22,3,L3-033,,,T1,laptop-taqiya,1,eduroam,54:d7:e3:42:97:92,5180,36,5.0,40,-80.0,,,,WPA2/3-Enterprise,no,
2026-10-09 08:07:22,3,L3-033,,,T1,laptop-taqiya,1,WiFi-FILKOM,54:d7:e3:42:97:91,5180,36,5.0,40,-80.0,,,,WPA2/3-Enterprise,no,
2026-10-09 08:07:22,3,L3-033,,,T1,laptop-taqiya,1,WiFi-UB.x,54:d7:e3:42:97:90,5180,36,5.0,40,-80.0,,,,WPA2/3-Enterprise,no,
2026-10-09 08:07:31,3,L3-033,,,T1,laptop-taqiya,2,WiFi-UB.x,e8:10:98:82:0b:20,5240,48,5.0,40,-60.0,,,,WPA2/3-Enterprise,no,
2026-10-09 08:07:31,3,L3-033,,,T1,laptop-taqiya,2,Xiaomi 12T,aa:e0:aa:9c:66:21,2437,6,2.4,20,-83.0,,,,WPA2-Personal,no,
2026-10-09 08:07:31,3,L3-033,,,T1,laptop-taqiya,2,ScenXus-b0a73235f7d4,b0:a7:32:35:f7:d5,2422,3,2.4,40,-67.0,,,,Open,no,
2026-10-09 08:07:31,3,L3-033,,,T1,laptop-taqiya,2,Q,16:ef:f3:33:ad:62,2412,1,2.4,20,-82.0,,,,WPA2-Personal,no,
2026-10-09 08:07:31,3,L3-033,,,T1,laptop-taqiya,2,nishimura,a6:ac:7b:7a:ad:b8,2412,1,2.4,20,-86.0,,,,WPA2/WPA3-Personal,capable,
2026-10-09 08:07:31,3,L3-033,,,T1,laptop-taqiya,2,aldo kipan,b2:35:16:15:9f:dc,2412,1,2.4,20,-77.0,,,,WPA2-Personal,no,
2026-10-09 08:07:31,3,L3-033,,,T1,laptop-taqiya,2,Riko,ca:85:f1:86:0a:04,2412,1,2.4,20,-74.0,,,,WPA2-Personal,no,
2026-10-09 08:07:31,3,L3-033,,,T1,laptop-taqiya,2,FILKOM EVENT,fc:7f:f1:dd:53:33,5320,64,5.0,40,-89.0,,,,WPA2-Personal,no,
2026-10-09 08:07:31,3,L3-033,,,T1,laptop-taqiya,2,eduroam,fc:7f:f1:dd:53:32,5320,64,5.0,40,-90.0,,,,WPA2/3-Enterprise,no,
2026-10-09 08:07:31,3,L3-033,,,T1,laptop-taqiya,2,WiFi-FILKOM,fc:7f:f1:dd:53:31,5320,64,5.0,40,-88.0,,,,WPA2/3-Enterprise,no,
2026-10-09 08:07:31,3,L3-033,,,T1,laptop-taqiya,2,WiFi-UB.x,fc:7f:f1:dd:53:30,5320,64,5.0,40,-89.0,,,,WPA2/3-Enterprise,no,
2026-10-09 08:07:31,3,L3-033,,,T1,laptop-taqiya,2,WiFi-UB.x,54:d7:e3:45:4c:90,5300,60,5.0,40,-88.0,,,,WPA2/3-Enterprise,no,
2026-10-09 08:07:31,3,L3-033,,,T1,laptop-taqiya,2,mpp,3e:90:a0:6c:cd:11,5300,60,5.0,40,-67.0,,,,WPA2-Personal,no,
2026-10-09 08:07:31,3,L3-033,,,T1,laptop-taqiya,2,eduroam,54:d7:e3:45:4c:92,5300,60,5.0,40,-87.0,,,,WPA2/3-Enterprise,no,
2026-10-09 08:07:31,3,L3-033,,,T1,laptop-taqiya,2,WiFi-FILKOM,54:d7:e3:45:4c:91,5300,60,5.0,40,-90.0,,,,WPA2/3-Enterprise,no,
2026-10-09 08:07:31,3,L3-033,,,T1,laptop-taqiya,2,FILKOM EVENT,54:d7:e3:41:42:d3,5280,56,5.0,40,-86.0,,,,WPA2-Personal,no,
2026-10-09 08:07:31,3,L3-033,,,T1,laptop-taqiya,2,eduroam,54:d7:e3:41:42:d2,5280,56,5.0,40,-85.0,,,,WPA2/3-Enterprise,no,
2026-10-09 08:07:31,3,L3-033,,,T1,laptop-taqiya,2,WiFi-FILKOM,54:d7:e3:41:42:d1,5280,56,5.0,40,-85.0,,,,WPA2/3-Enterprise,no,
2026-10-09 08:07:31,3,L3-033,,,T1,laptop-taqiya,2,WiFi-UB.x,54:d7:e3:41:42:d0,5280,56,5.0,40,-85.0,,,,WPA2/3-Enterprise,no,
2026-10-09 08:07:31,3,L3-033,,,T1,laptop-taqiya,2,FILKOM EVENT,e8:10:98:82:05:a3,5785,157,5.0,40,-70.0,,,,WPA2-Personal,no,
2026-10-09 08:07:31,3,L3-033,,,T1,laptop-taqiya,2,eduroam,e8:10:98:82:05:a2,5785,157,5.0,40,-65.0,,,,WPA2/3-Enterprise,no,
2026-10-09 08:07:31,3,L3-033,,,T1,laptop-taqiya,2,im’s phone,7e:64:24:c9:8d:df,5785,157,5.0,20,-81.0,,,,WPA2/WPA3-Personal,capable,
2026-10-09 08:07:31,3,L3-033,,,T1,laptop-taqiya,2,WiFi-FILKOM,e8:10:98:82:05:a1,5785,157,5.0,40,-73.0,,,,WPA2/3-Enterprise,no,
2026-10-09 08:07:31,3,L3-033,,,T1,laptop-taqiya,2,WiFi-UB.x,e8:10:98:82:05:a0,5785,157,5.0,40,-69.0,,,,WPA2/3-Enterprise,no,
2026-10-09 08:07:31,3,L3-033,,,T1,laptop-taqiya,2,OPPO A12,12:47:2d:9a:26:cf,5765,153,5.0,80,-86.0,,,,WPA2-Personal,no,
2026-10-09 08:07:31,3,L3-033,,,T1,laptop-taqiya,2,FILKOM EVENT,e8:10:98:82:0b:43,5745,149,5.0,40,-65.0,,,,WPA2-Personal,no,
2026-10-09 08:07:31,3,L3-033,,,T1,laptop-taqiya,2,eduroam,e8:10:98:82:0b:42,5745,149,5.0,40,-66.0,,,,WPA2/3-Enterprise,no,
2026-10-09 08:07:31,3,L3-033,,,T1,laptop-taqiya,2,WiFi-FILKOM,e8:10:98:82:0b:41,5745,149,5.0,40,-65.0,,,,WPA2/3-Enterprise,no,
2026-10-09 08:07:31,3,L3-033,,,T1,laptop-taqiya,2,WiFi-UB.x,e8:10:98:82:0b:40,5745,149,5.0,40,-66.0,,,,WPA2/3-Enterprise,no,
2026-10-09 08:07:31,3,L3-033,,,T1,laptop-taqiya,2,lkjgfd,3e:c4:7f:30:14:49,5240,48,5.0,40,-86.0,,,,WPA2-Personal,no,
2026-10-09 08:07:31,3,L3-033,,,T1,laptop-taqiya,2,FILKOM EVENT,e8:10:98:82:0b:23,5240,48,5.0,40,-61.0,,,,WPA2-Personal,no,
2026-10-09 08:07:31,3,L3-033,,,T1,laptop-taqiya,2,eduroam,e8:10:98:82:0b:22,5240,48,5.0,40,-61.0,,,,WPA2/3-Enterprise,no,
2026-10-09 08:07:31,3,L3-033,,,T1,laptop-taqiya,2,WiFi-FILKOM,e8:10:98:82:0b:21,5240,48,5.0,40,-61.0,,,,WPA2/3-Enterprise,no,
2026-10-09 08:07:31,3,L3-033,,,T1,laptop-taqiya,2,FILKOM EVENT,54:d7:e3:42:97:93,5180,36,5.0,40,-85.0,,,,WPA2-Personal,no,
2026-10-09 08:07:31,3,L3-033,,,T1,laptop-taqiya,2,eduroam,54:d7:e3:42:97:92,5180,36,5.0,40,-84.0,,,,WPA2/3-Enterprise,no,
2026-10-09 08:07:31,3,L3-033,,,T1,laptop-taqiya,2,WiFi-FILKOM,54:d7:e3:42:97:91,5180,36,5.0,40,-84.0,,,,WPA2/3-Enterprise,no,
2026-10-09 08:07:31,3,L3-033,,,T1,laptop-taqiya,2,WiFi-UB.x,54:d7:e3:42:97:90,5180,36,5.0,40,-84.0,,,,WPA2/3-Enterprise,no,
2026-10-09 08:07:40,3,L3-033,,,T1,laptop-taqiya,3,WiFi-UB.x,e8:10:98:82:0b:20,5240,48,5.0,40,-59.0,,,,WPA2/3-Enterprise,no,
2026-10-09 08:07:40,3,L3-033,,,T1,laptop-taqiya,3,Galaxy A57 5G 01E7,ee:c3:14:7c:9f:ef,2462,11,2.4,20,-75.0,,,,WPA2-Personal,no,
2026-10-09 08:07:40,3,L3-033,,,T1,laptop-taqiya,3,FILKOM EVENT,e8:10:98:82:0b:33,2462,11,2.4,20,-64.0,,,,WPA2-Personal,no,
2026-10-09 08:07:40,3,L3-033,,,T1,laptop-taqiya,3,Acen slebew,7e:e5:96:e6:26:7c,2462,11,2.4,20,-61.0,,,,WPA2-Personal,no,
2026-10-09 08:07:40,3,L3-033,,,T1,laptop-taqiya,3,eduroam,e8:10:98:82:0b:32,2462,11,2.4,20,-70.0,,,,WPA2/3-Enterprise,no,
2026-10-09 08:07:40,3,L3-033,,,T1,laptop-taqiya,3,WiFi-FILKOM,e8:10:98:82:0b:31,2462,11,2.4,20,-70.0,,,,WPA2/3-Enterprise,no,
2026-10-09 08:07:40,3,L3-033,,,T1,laptop-taqiya,3,WiFi-UB.x,e8:10:98:82:0b:30,2462,11,2.4,20,-70.0,,,,WPA2/3-Enterprise,no,
2026-10-09 08:07:40,3,L3-033,,,T1,laptop-taqiya,3,Adachi,d2:e0:27:81:9e:8c,2462,11,2.4,20,-78.0,,,,WPA2-Personal,no,
2026-10-09 08:07:40,3,L3-033,,,T1,laptop-taqiya,3,"To you, in 2000 Years",0a:a1:11:53:7a:6e,2437,6,2.4,20,-61.0,,,,WPA2-Personal,no,
2026-10-09 08:07:40,3,L3-033,,,T1,laptop-taqiya,3,🩷🩷🩷,76:11:0d:59:58:56,2437,6,2.4,20,-57.0,,,,WPA2-Personal,no,
2026-10-09 08:07:40,3,L3-033,,,T1,laptop-taqiya,3,iPhone (2),ba:52:1a:fe:b4:8c,2437,6,2.4,20,-83.0,,,,WPA2-Personal,no,
2026-10-09 08:07:40,3,L3-033,,,T1,laptop-taqiya,3,iqoo Z9 ,8a:3f:0f:53:ce:1e,2437,6,2.4,20,-81.0,,,,WPA2-Personal,no,
2026-10-09 08:07:40,3,L3-033,,,T1,laptop-taqiya,3,Xiaomi 12T,aa:e0:aa:9c:66:21,2437,6,2.4,20,-81.0,,,,WPA2-Personal,no,
2026-10-09 08:07:40,3,L3-033,,,T1,laptop-taqiya,3,WiFi-UB.x,e8:10:98:82:05:90,2437,6,2.4,20,-76.0,,,,WPA2/3-Enterprise,no,
2026-10-09 08:07:40,3,L3-033,,,T1,laptop-taqiya,3,echa,5a:0a:10:1a:1c:cc,2437,6,2.4,20,-75.0,,,,WPA2-Personal,no,
2026-10-09 08:07:40,3,L3-033,,,T1,laptop-taqiya,3,ScenXus-b0a73235f7d4,b0:a7:32:35:f7:d5,2422,3,2.4,40,-61.0,,,,Open,no,
2026-10-09 08:07:40,3,L3-033,,,T1,laptop-taqiya,3,aldo kipan,b2:35:16:15:9f:dc,2412,1,2.4,20,-74.0,,,,WPA2-Personal,no,
2026-10-09 08:07:40,3,L3-033,,,T1,laptop-taqiya,3,FILKOM EVENT,54:d7:e3:42:97:83,2412,1,2.4,20,-79.0,,,,WPA2-Personal,no,
2026-10-09 08:07:40,3,L3-033,,,T1,laptop-taqiya,3,Recover.Me-184350,c0:c7:0a:58:43:5f,2412,1,2.4,20,-79.0,,0.0,43.9,WPA2-Personal,no,
2026-10-09 08:07:40,3,L3-033,,,T1,laptop-taqiya,3,Riko,ca:85:f1:86:0a:04,2412,1,2.4,20,-77.0,,,,WPA2-Personal,no,
2026-10-09 08:07:40,3,L3-033,,,T1,laptop-taqiya,3,WiFi-FILKOM,54:d7:e3:45:4c:91,5300,60,5.0,40,-85.0,,,,WPA2/3-Enterprise,no,
2026-10-09 08:07:40,3,L3-033,,,T1,laptop-taqiya,3,WiFi-UB.x,54:d7:e3:45:4c:90,5300,60,5.0,40,-86.0,,,,WPA2/3-Enterprise,no,
2026-10-09 08:07:40,3,L3-033,,,T1,laptop-taqiya,3,mpp,3e:90:a0:6c:cd:11,5300,60,5.0,40,-64.0,,,,WPA2-Personal,no,
2026-10-09 08:07:40,3,L3-033,,,T1,laptop-taqiya,3,FILKOM EVENT,54:d7:e3:45:4c:93,5300,60,5.0,40,-88.0,,,,WPA2-Personal,no,
2026-10-09 08:07:40,3,L3-033,,,T1,laptop-taqiya,3,eduroam,54:d7:e3:45:4c:92,5300,60,5.0,40,-87.0,,,,WPA2/3-Enterprise,no,
2026-10-09 08:07:40,3,L3-033,,,T1,laptop-taqiya,3,FILKOM EVENT,54:d7:e3:41:42:d3,5280,56,5.0,40,-86.0,,,,WPA2-Personal,no,
2026-10-09 08:07:40,3,L3-033,,,T1,laptop-taqiya,3,eduroam,54:d7:e3:41:42:d2,5280,56,5.0,40,-85.0,,,,WPA2/3-Enterprise,no,
2026-10-09 08:07:40,3,L3-033,,,T1,laptop-taqiya,3,WiFi-FILKOM,54:d7:e3:41:42:d1,5280,56,5.0,40,-85.0,,,,WPA2/3-Enterprise,no,
2026-10-09 08:07:40,3,L3-033,,,T1,laptop-taqiya,3,WiFi-UB.x,54:d7:e3:41:42:d0,5280,56,5.0,40,-86.0,,,,WPA2/3-Enterprise,no,
2026-10-09 08:07:40,3,L3-033,,,T1,laptop-taqiya,3,FILKOM EVENT,54:d7:e3:42:42:d3,5260,52,5.0,40,-89.0,,,,WPA2-Personal,no,
2026-10-09 08:07:40,3,L3-033,,,T1,laptop-taqiya,3,eduroam,54:d7:e3:42:42:d2,5260,52,5.0,40,-78.0,,,,WPA2/3-Enterprise,no,
2026-10-09 08:07:40,3,L3-033,,,T1,laptop-taqiya,3,WiFi-UB.x,54:d7:e3:42:42:d0,5260,52,5.0,40,-76.0,,,,WPA2/3-Enterprise,no,
2026-10-09 08:07:40,3,L3-033,,,T1,laptop-taqiya,3,FILKOM EVENT,e8:10:98:82:05:a3,5785,157,5.0,40,-67.0,,,,WPA2-Personal,no,
2026-10-09 08:07:40,3,L3-033,,,T1,laptop-taqiya,3,eduroam,e8:10:98:82:05:a2,5785,157,5.0,40,-65.0,,,,WPA2/3-Enterprise,no,
2026-10-09 08:07:40,3,L3-033,,,T1,laptop-taqiya,3,im’s phone,7e:64:24:c9:8d:df,5785,157,5.0,20,-76.0,,,,WPA2/WPA3-Personal,capable,
2026-10-09 08:07:40,3,L3-033,,,T1,laptop-taqiya,3,WiFi-FILKOM,e8:10:98:82:05:a1,5785,157,5.0,40,-67.0,,,,WPA2/3-Enterprise,no,
2026-10-09 08:07:40,3,L3-033,,,T1,laptop-taqiya,3,WiFi-UB.x,e8:10:98:82:05:a0,5785,157,5.0,40,-68.0,,,,WPA2/3-Enterprise,no,
2026-10-09 08:07:40,3,L3-033,,,T1,laptop-taqiya,3,FILKOM EVENT,e8:10:98:82:0b:43,5745,149,5.0,40,-66.0,,,,WPA2-Personal,no,
2026-10-09 08:07:40,3,L3-033,,,T1,laptop-taqiya,3,eduroam,e8:10:98:82:0b:42,5745,149,5.0,40,-66.0,,,,WPA2/3-Enterprise,no,
2026-10-09 08:07:40,3,L3-033,,,T1,laptop-taqiya,3,WiFi-FILKOM,e8:10:98:82:0b:41,5745,149,5.0,40,-67.0,,,,WPA2/3-Enterprise,no,
2026-10-09 08:07:40,3,L3-033,,,T1,laptop-taqiya,3,WiFi-UB.x,e8:10:98:82:0b:40,5745,149,5.0,40,-66.0,,,,WPA2/3-Enterprise,no,
2026-10-09 08:07:40,3,L3-033,,,T1,laptop-taqiya,3,FILKOM EVENT,e8:10:98:82:0b:23,5240,48,5.0,40,-62.0,,,,WPA2-Personal,no,
2026-10-09 08:07:40,3,L3-033,,,T1,laptop-taqiya,3,eduroam,e8:10:98:82:0b:22,5240,48,5.0,40,-61.0,,,,WPA2/3-Enterprise,no,
2026-10-09 08:07:40,3,L3-033,,,T1,laptop-taqiya,3,WiFi-FILKOM,e8:10:98:82:0b:21,5240,48,5.0,40,-61.0,,,,WPA2/3-Enterprise,no,
2026-10-09 08:07:40,3,L3-033,,,T1,laptop-taqiya,3,lkjgfd,3e:c4:7f:30:14:49,5240,48,5.0,40,-86.0,,,,WPA2-Personal,no,
2026-10-09 08:07:40,3,L3-033,,,T1,laptop-taqiya,3,iHome5G15,1a:a3:ef:fa:1d:79,5180,36,5.0,80,-91.0,,,,WPA2-Personal,no,
2026-10-09 08:07:40,3,L3-033,,,T1,laptop-taqiya,3,FILKOM EVENT,54:d7:e3:42:97:93,5180,36,5.0,40,-83.0,,,,WPA2-Personal,no,
2026-10-09 08:07:40,3,L3-033,,,T1,laptop-taqiya,3,eduroam,54:d7:e3:42:97:92,5180,36,5.0,40,-83.0,,,,WPA2/3-Enterprise,no,
2026-10-09 08:07:40,3,L3-033,,,T1,laptop-taqiya,3,WiFi-FILKOM,54:d7:e3:42:97:91,5180,36,5.0,40,-83.0,,,,WPA2/3-Enterprise,no,
2026-10-09 08:07:40,3,L3-033,,,T1,laptop-taqiya,3,WiFi-UB.x,54:d7:e3:42:97:90,5180,36,5.0,40,-82.0,,,,WPA2/3-Enterprise,no,
2026-10-09 08:09:31,3,L3-032,,,T1,laptop-taqiya,1,kuonzx,96:27:be:d6:7a:73,2437,6,2.4,20,-87.0,,,,WPA2-Personal,no,
2026-10-09 08:09:31,3,L3-032,,,T1,laptop-taqiya,1,iPhone (2),ba:52:1a:fe:b4:8c,2437,6,2.4,20,-84.0,,,,WPA2-Personal,no,
2026-10-09 08:09:31,3,L3-032,,,T1,laptop-taqiya,1,FILKOM EVENT,e8:10:98:82:05:93,2437,6,2.4,20,-71.0,,,,WPA2-Personal,no,
2026-10-09 08:09:31,3,L3-032,,,T1,laptop-taqiya,1,eduroam,e8:10:98:82:05:92,2437,6,2.4,20,-62.0,,,,WPA2/3-Enterprise,no,
2026-10-09 08:09:31,3,L3-032,,,T1,laptop-taqiya,1,WiFi-FILKOM,e8:10:98:82:05:91,2437,6,2.4,20,-61.0,,,,WPA2/3-Enterprise,no,
2026-10-09 08:09:31,3,L3-032,,,T1,laptop-taqiya,1,WiFi-UB.x,e8:10:98:82:05:90,2437,6,2.4,20,-65.0,,,,WPA2/3-Enterprise,no,
2026-10-09 08:09:31,3,L3-032,,,T1,laptop-taqiya,1,"To you, in 2000 Years",0a:a1:11:53:7a:6e,2437,6,2.4,20,-81.0,,,,WPA2-Personal,no,
2026-10-09 08:09:31,3,L3-032,,,T1,laptop-taqiya,1,WiFi-UB.x,e8:10:98:82:05:a0,5785,157,5.0,40,-65.0,,,,WPA2/3-Enterprise,no,
2026-10-09 08:09:31,3,L3-032,,,T1,laptop-taqiya,1,ScenXus-b0a73235f7d4,b0:a7:32:35:f7:d5,2422,3,2.4,40,-80.0,,,,Open,no,
2026-10-09 08:09:31,3,L3-032,,,T1,laptop-taqiya,1,Recover.Me-184350,c0:c7:0a:58:43:5f,2412,1,2.4,20,-59.0,,0.0,41.6,WPA2-Personal,no,
2026-10-09 08:09:31,3,L3-032,,,T1,laptop-taqiya,1,im’s phone,7e:64:24:c9:8d:df,5785,157,5.0,20,-85.0,,,,WPA2/WPA3-Personal,capable,
2026-10-09 08:09:31,3,L3-032,,,T1,laptop-taqiya,1,FILKOM EVENT,e8:10:98:82:0b:23,5240,48,5.0,40,-80.0,,,,WPA2-Personal,no,
2026-10-09 08:09:31,3,L3-032,,,T1,laptop-taqiya,1,eduroam,e8:10:98:82:0b:22,5240,48,5.0,40,-80.0,,,,WPA2/3-Enterprise,no,
2026-10-09 08:09:31,3,L3-032,,,T1,laptop-taqiya,1,WiFi-FILKOM,e8:10:98:82:0b:21,5240,48,5.0,40,-80.0,,,,WPA2/3-Enterprise,no,
2026-10-09 08:09:31,3,L3-032,,,T1,laptop-taqiya,1,WiFi-UB.x,e8:10:98:82:0b:20,5240,48,5.0,40,-81.0,,,,WPA2/3-Enterprise,no,
2026-10-09 08:09:31,3,L3-032,,,T1,laptop-taqiya,1,FILKOM EVENT,e8:10:98:82:05:a3,5785,157,5.0,40,-62.0,,,,WPA2-Personal,no,
2026-10-09 08:09:31,3,L3-032,,,T1,laptop-taqiya,1,eduroam,e8:10:98:82:05:a2,5785,157,5.0,40,-62.0,,,,WPA2/3-Enterprise,no,
2026-10-09 08:09:31,3,L3-032,,,T1,laptop-taqiya,1,WiFi-FILKOM,e8:10:98:82:05:a1,5785,157,5.0,40,-62.0,,,,WPA2/3-Enterprise,no,
2026-10-09 08:09:40,3,L3-032,,,T1,laptop-taqiya,2,Sakaguchi,c2:b9:99:8f:6a:a5,2462,11,2.4,20,-85.0,,,,WPA2-Personal,no,
2026-10-09 08:09:40,3,L3-032,,,T1,laptop-taqiya,2,WiFi-UB.x,e8:10:98:82:05:a0,5785,157,5.0,40,-65.0,,,,WPA2/3-Enterprise,no,
2026-10-09 08:09:40,3,L3-032,,,T1,laptop-taqiya,2,Acen slebew,7e:e5:96:e6:26:7c,2462,11,2.4,20,-81.0,,,,WPA2-Personal,no,
2026-10-09 08:09:40,3,L3-032,,,T1,laptop-taqiya,2,kuonzx,96:27:be:d6:7a:73,2437,6,2.4,20,-87.0,,,,WPA2-Personal,no,
2026-10-09 08:09:40,3,L3-032,,,T1,laptop-taqiya,2,FILKOM EVENT,e8:10:98:82:05:93,2437,6,2.4,20,-64.0,,,,WPA2-Personal,no,
2026-10-09 08:09:40,3,L3-032,,,T1,laptop-taqiya,2,eduroam,e8:10:98:82:05:92,2437,6,2.4,20,-64.0,,,,WPA2/3-Enterprise,no,
2026-10-09 08:09:40,3,L3-032,,,T1,laptop-taqiya,2,WiFi-FILKOM,e8:10:98:82:05:91,2437,6,2.4,20,-63.0,,,,WPA2/3-Enterprise,no,
2026-10-09 08:09:40,3,L3-032,,,T1,laptop-taqiya,2,WiFi-UB.x,e8:10:98:82:05:90,2437,6,2.4,20,-59.0,,,,WPA2/3-Enterprise,no,
2026-10-09 08:09:40,3,L3-032,,,T1,laptop-taqiya,2,"To you, in 2000 Years",0a:a1:11:53:7a:6e,2437,6,2.4,20,-81.0,,,,WPA2-Personal,no,
2026-10-09 08:09:40,3,L3-032,,,T1,laptop-taqiya,2,🩷🩷🩷,76:11:0d:59:58:56,2437,6,2.4,20,-81.0,,,,WPA2-Personal,no,
2026-10-09 08:09:40,3,L3-032,,,T1,laptop-taqiya,2,Redmi 10C,4e:78:64:e6:2c:5c,2432,5,2.4,20,-81.0,,,,WPA2-Personal,no,
2026-10-09 08:09:40,3,L3-032,,,T1,laptop-taqiya,2,Recover.Me-184350,c0:c7:0a:58:43:5f,2412,1,2.4,20,-67.0,,0.0,42.7,WPA2-Personal,no,
2026-10-09 08:09:40,3,L3-032,,,T1,laptop-taqiya,2,WiFi-FILKOM,54:d7:e3:42:42:c1,2412,1,2.4,20,-86.0,,,,WPA2/3-Enterprise,no,
2026-10-09 08:09:40,3,L3-032,,,T1,laptop-taqiya,2,FILKOM EVENT,c0:c7:0a:98:3a:c2,5765,153,5.0,20,-81.0,,0.0,55.7,WPA2-Personal,capable,
2026-10-09 08:09:40,3,L3-032,,,T1,laptop-taqiya,2,eduroam,c0:c7:0a:98:3a:c0,5765,153,5.0,20,-79.0,,4.0,55.7,WPA2/3-Enterprise,capable,
2026-10-09 08:09:40,3,L3-032,,,T1,laptop-taqiya,2,FILKOM EVENT,e8:10:98:82:05:a3,5785,157,5.0,40,-66.0,,,,WPA2-Personal,no,
2026-10-09 08:09:40,3,L3-032,,,T1,laptop-taqiya,2,eduroam,e8:10:98:82:05:a2,5785,157,5.0,40,-66.0,,,,WPA2/3-Enterprise,no,
2026-10-09 08:09:40,3,L3-032,,,T1,laptop-taqiya,2,WiFi-FILKOM,e8:10:98:82:05:a1,5785,157,5.0,40,-67.0,,,,WPA2/3-Enterprise,no,
2026-10-09 08:09:40,3,L3-032,,,T1,laptop-taqiya,2,im’s phone,7e:64:24:c9:8d:df,5785,157,5.0,20,-82.0,,,,WPA2/WPA3-Personal,capable,
2026-10-09 08:09:49,3,L3-032,,,T1,laptop-taqiya,3,WiFi-UB.x,e8:10:98:82:05:a0,5785,157,5.0,40,-63.0,,,,WPA2/3-Enterprise,no,
2026-10-09 08:09:49,3,L3-032,,,T1,laptop-taqiya,3,Sakaguchi,c2:b9:99:8f:6a:a5,2462,11,2.4,20,-83.0,,,,WPA2-Personal,no,
2026-10-09 08:09:49,3,L3-032,,,T1,laptop-taqiya,3,kuonzx,96:27:be:d6:7a:73,2437,6,2.4,20,-85.0,,,,WPA2-Personal,no,
2026-10-09 08:09:49,3,L3-032,,,T1,laptop-taqiya,3,FILKOM EVENT,e8:10:98:82:05:93,2437,6,2.4,20,-67.0,,,,WPA2-Personal,no,
2026-10-09 08:09:49,3,L3-032,,,T1,laptop-taqiya,3,eduroam,e8:10:98:82:05:92,2437,6,2.4,20,-56.0,,,,WPA2/3-Enterprise,no,
2026-10-09 08:09:49,3,L3-032,,,T1,laptop-taqiya,3,WiFi-FILKOM,e8:10:98:82:05:91,2437,6,2.4,20,-67.0,,,,WPA2/3-Enterprise,no,
2026-10-09 08:09:49,3,L3-032,,,T1,laptop-taqiya,3,WiFi-UB.x,e8:10:98:82:05:90,2437,6,2.4,20,-58.0,,,,WPA2/3-Enterprise,no,
2026-10-09 08:09:49,3,L3-032,,,T1,laptop-taqiya,3,"To you, in 2000 Years",0a:a1:11:53:7a:6e,2437,6,2.4,20,-81.0,,,,WPA2-Personal,no,
2026-10-09 08:09:49,3,L3-032,,,T1,laptop-taqiya,3,ScenXus-b0a73235f7d4,b0:a7:32:35:f7:d5,2422,3,2.4,40,-83.0,,,,Open,no,
2026-10-09 08:09:49,3,L3-032,,,T1,laptop-taqiya,3,Recover.Me-184350,c0:c7:0a:58:43:5f,2412,1,2.4,20,-67.0,,0.0,50.2,WPA2-Personal,no,
2026-10-09 08:09:49,3,L3-032,,,T1,laptop-taqiya,3,FILKOM EVENT,e8:10:98:82:05:a3,5785,157,5.0,40,-67.0,,,,WPA2-Personal,no,
2026-10-09 08:09:49,3,L3-032,,,T1,laptop-taqiya,3,eduroam,e8:10:98:82:05:a2,5785,157,5.0,40,-67.0,,,,WPA2/3-Enterprise,no,
2026-10-09 08:09:49,3,L3-032,,,T1,laptop-taqiya,3,WiFi-FILKOM,e8:10:98:82:05:a1,5785,157,5.0,40,-67.0,,,,WPA2/3-Enterprise,no,
2026-10-09 08:11:03,3,L3-031,,,T1,laptop-taqiya,1,WiFi-UB.x,e8:10:98:82:05:a0,5785,157,5.0,40,-66.0,,,,WPA2/3-Enterprise,no,
2026-10-09 08:11:03,3,L3-031,,,T1,laptop-taqiya,1,Acen slebew,7e:e5:96:e6:26:7c,2462,11,2.4,20,-86.0,,,,WPA2-Personal,no,
2026-10-09 08:11:03,3,L3-031,,,T1,laptop-taqiya,1,🩷🩷🩷,76:11:0d:59:58:56,2437,6,2.4,20,-83.0,,,,WPA2-Personal,no,
2026-10-09 08:11:03,3,L3-031,,,T1,laptop-taqiya,1,FILKOM EVENT,e8:10:98:82:05:93,2437,6,2.4,20,-71.0,,,,WPA2-Personal,no,
2026-10-09 08:11:03,3,L3-031,,,T1,laptop-taqiya,1,eduroam,e8:10:98:82:05:92,2437,6,2.4,20,-70.0,,,,WPA2/3-Enterprise,no,
2026-10-09 08:11:03,3,L3-031,,,T1,laptop-taqiya,1,WiFi-FILKOM,e8:10:98:82:05:91,2437,6,2.4,20,-71.0,,,,WPA2/3-Enterprise,no,
2026-10-09 08:11:03,3,L3-031,,,T1,laptop-taqiya,1,WiFi-UB.x,e8:10:98:82:05:90,2437,6,2.4,20,-74.0,,,,WPA2/3-Enterprise,no,
2026-10-09 08:11:03,3,L3-031,,,T1,laptop-taqiya,1,Recover.Me-184350,c0:c7:0a:58:43:5f,2412,1,2.4,20,-72.0,,0.0,38.0,WPA2-Personal,no,
2026-10-09 08:11:03,3,L3-031,,,T1,laptop-taqiya,1,eduroam,34:8f:27:04:98:ac,5785,157,5.0,20,-89.0,,0.0,1.6,WPA2/3-Enterprise,no,
2026-10-09 08:11:03,3,L3-031,,,T1,laptop-taqiya,1,FILKOM EVENT,e8:10:98:82:05:a3,5785,157,5.0,40,-63.0,,,,WPA2-Personal,no,
2026-10-09 08:11:03,3,L3-031,,,T1,laptop-taqiya,1,eduroam,e8:10:98:82:05:a2,5785,157,5.0,40,-64.0,,,,WPA2/3-Enterprise,no,
2026-10-09 08:11:03,3,L3-031,,,T1,laptop-taqiya,1,WiFi-FILKOM,e8:10:98:82:05:a1,5785,157,5.0,40,-64.0,,,,WPA2/3-Enterprise,no,
2026-10-09 08:11:03,3,L3-031,,,T1,laptop-taqiya,1,im’s phone,7e:64:24:c9:8d:df,5785,157,5.0,20,-89.0,,,,WPA2/WPA3-Personal,capable,
2026-10-09 08:11:12,3,L3-031,,,T1,laptop-taqiya,2,WiFi-UB.x,e8:10:98:82:05:a0,5785,157,5.0,40,-63.0,,,,WPA2/3-Enterprise,no,
2026-10-09 08:11:12,3,L3-031,,,T1,laptop-taqiya,2,eduroam,34:8f:27:04:98:ac,5785,157,5.0,20,-92.0,,0.0,1.6,WPA2/3-Enterprise,no,
2026-10-09 08:11:12,3,L3-031,,,T1,laptop-taqiya,2,FILKOM EVENT,e8:10:98:82:05:93,2437,6,2.4,20,-73.0,,,,WPA2-Personal,no,
2026-10-09 08:11:12,3,L3-031,,,T1,laptop-taqiya,2,eduroam,e8:10:98:82:05:92,2437,6,2.4,20,-75.0,,,,WPA2/3-Enterprise,no,
2026-10-09 08:11:12,3,L3-031,,,T1,laptop-taqiya,2,WiFi-FILKOM,e8:10:98:82:05:91,2437,6,2.4,20,-73.0,,,,WPA2/3-Enterprise,no,
2026-10-09 08:11:12,3,L3-031,,,T1,laptop-taqiya,2,WiFi-UB.x,e8:10:98:82:05:90,2437,6,2.4,20,-74.0,,,,WPA2/3-Enterprise,no,
2026-10-09 08:11:12,3,L3-031,,,T1,laptop-taqiya,2,WiFi-UB.x,34:8f:27:44:98:ac,5785,157,5.0,20,-90.0,,2.0,1.2,WPA2/3-Enterprise,no,
2026-10-09 08:11:12,3,L3-031,,,T1,laptop-taqiya,2,im’s phone,7e:64:24:c9:8d:df,5785,157,5.0,20,-88.0,,,,WPA2/WPA3-Personal,capable,
2026-10-09 08:11:12,3,L3-031,,,T1,laptop-taqiya,2,FILKOM EVENT,fc:7f:f1:dd:53:33,5320,64,5.0,40,-79.0,,,,WPA2-Personal,no,
2026-10-09 08:11:12,3,L3-031,,,T1,laptop-taqiya,2,eduroam,fc:7f:f1:dd:53:32,5320,64,5.0,40,-79.0,,,,WPA2/3-Enterprise,no,
2026-10-09 08:11:12,3,L3-031,,,T1,laptop-taqiya,2,WiFi-FILKOM,fc:7f:f1:dd:53:31,5320,64,5.0,40,-79.0,,,,WPA2/3-Enterprise,no,
2026-10-09 08:11:12,3,L3-031,,,T1,laptop-taqiya,2,WiFi-UB.x,fc:7f:f1:dd:53:30,5320,64,5.0,40,-79.0,,,,WPA2/3-Enterprise,no,
2026-10-09 08:11:12,3,L3-031,,,T1,laptop-taqiya,2,FILKOM EVENT,54:d7:e3:42:42:d3,5260,52,5.0,40,-83.0,,,,WPA2-Personal,no,
2026-10-09 08:11:12,3,L3-031,,,T1,laptop-taqiya,2,eduroam,54:d7:e3:42:42:d2,5260,52,5.0,40,-82.0,,,,WPA2/3-Enterprise,no,
2026-10-09 08:11:12,3,L3-031,,,T1,laptop-taqiya,2,WiFi-FILKOM,54:d7:e3:42:42:d1,5260,52,5.0,40,-83.0,,,,WPA2/3-Enterprise,no,
2026-10-09 08:11:12,3,L3-031,,,T1,laptop-taqiya,2,WiFi-UB.x,54:d7:e3:42:42:d0,5260,52,5.0,40,-83.0,,,,WPA2/3-Enterprise,no,
2026-10-09 08:11:12,3,L3-031,,,T1,laptop-taqiya,2,FILKOM EVENT,e8:10:98:82:05:a3,5785,157,5.0,40,-67.0,,,,WPA2-Personal,no,
2026-10-09 08:11:12,3,L3-031,,,T1,laptop-taqiya,2,eduroam,e8:10:98:82:05:a2,5785,157,5.0,40,-67.0,,,,WPA2/3-Enterprise,no,
2026-10-09 08:11:12,3,L3-031,,,T1,laptop-taqiya,2,WiFi-FILKOM,e8:10:98:82:05:a1,5785,157,5.0,40,-67.0,,,,WPA2/3-Enterprise,no,
2026-10-09 08:11:21,3,L3-031,,,T1,laptop-taqiya,3,WiFi-UB.x,e8:10:98:82:05:a0,5785,157,5.0,40,-63.0,,,,WPA2/3-Enterprise,no,
2026-10-09 08:11:21,3,L3-031,,,T1,laptop-taqiya,3,Acen slebew,7e:e5:96:e6:26:7c,2462,11,2.4,20,-84.0,,,,WPA2-Personal,no,
2026-10-09 08:11:21,3,L3-031,,,T1,laptop-taqiya,3,eduroam,34:8f:27:04:98:ac,5785,157,5.0,20,-91.0,,0.0,3.5,WPA2/3-Enterprise,no,
2026-10-09 08:11:21,3,L3-031,,,T1,laptop-taqiya,3,"To you, in 2000 Years",0a:a1:11:53:7a:6e,2437,6,2.4,20,-85.0,,,,WPA2-Personal,no,
2026-10-09 08:11:21,3,L3-031,,,T1,laptop-taqiya,3,FILKOM EVENT,e8:10:98:82:05:93,2437,6,2.4,20,-70.0,,,,WPA2-Personal,no,
2026-10-09 08:11:21,3,L3-031,,,T1,laptop-taqiya,3,eduroam,e8:10:98:82:05:92,2437,6,2.4,20,-69.0,,,,WPA2/3-Enterprise,no,
2026-10-09 08:11:21,3,L3-031,,,T1,laptop-taqiya,3,WiFi-FILKOM,e8:10:98:82:05:91,2437,6,2.4,20,-69.0,,,,WPA2/3-Enterprise,no,
2026-10-09 08:11:21,3,L3-031,,,T1,laptop-taqiya,3,WiFi-UB.x,e8:10:98:82:05:90,2437,6,2.4,20,-70.0,,,,WPA2/3-Enterprise,no,
2026-10-09 08:11:21,3,L3-031,,,T1,laptop-taqiya,3,🩷🩷🩷,76:11:0d:59:58:56,2437,6,2.4,20,-82.0,,,,WPA2-Personal,no,
2026-10-09 08:11:21,3,L3-031,,,T1,laptop-taqiya,3,WiFi-UB.x,54:d7:e3:42:42:c0,2412,1,2.4,20,-83.0,,,,WPA2/3-Enterprise,no,
2026-10-09 08:11:21,3,L3-031,,,T1,laptop-taqiya,3,Recover.Me-184350,c0:c7:0a:58:43:5f,2412,1,2.4,20,-73.0,,0.0,32.2,WPA2-Personal,no,
2026-10-09 08:11:21,3,L3-031,,,T1,laptop-taqiya,3,FILKOM EVENT,fc:7f:f1:dd:53:33,5320,64,5.0,40,-82.0,,,,WPA2-Personal,no,
2026-10-09 08:11:21,3,L3-031,,,T1,laptop-taqiya,3,eduroam,fc:7f:f1:dd:53:32,5320,64,5.0,40,-82.0,,,,WPA2/3-Enterprise,no,
2026-10-09 08:11:21,3,L3-031,,,T1,laptop-taqiya,3,WiFi-FILKOM,fc:7f:f1:dd:53:31,5320,64,5.0,40,-82.0,,,,WPA2/3-Enterprise,no,
2026-10-09 08:11:21,3,L3-031,,,T1,laptop-taqiya,3,WiFi-UB.x,fc:7f:f1:dd:53:30,5320,64,5.0,40,-82.0,,,,WPA2/3-Enterprise,no,
2026-10-09 08:11:21,3,L3-031,,,T1,laptop-taqiya,3,FILKOM EVENT,54:d7:e3:42:42:d3,5260,52,5.0,40,-84.0,,,,WPA2-Personal,no,
2026-10-09 08:11:21,3,L3-031,,,T1,laptop-taqiya,3,eduroam,54:d7:e3:42:42:d2,5260,52,5.0,40,-85.0,,,,WPA2/3-Enterprise,no,
2026-10-09 08:11:21,3,L3-031,,,T1,laptop-taqiya,3,WiFi-FILKOM,54:d7:e3:42:42:d1,5260,52,5.0,40,-85.0,,,,WPA2/3-Enterprise,no,
2026-10-09 08:11:21,3,L3-031,,,T1,laptop-taqiya,3,WiFi-UB.x,54:d7:e3:42:42:d0,5260,52,5.0,40,-84.0,,,,WPA2/3-Enterprise,no,
2026-10-09 08:11:21,3,L3-031,,,T1,laptop-taqiya,3,im’s phone,7e:64:24:c9:8d:df,5785,157,5.0,20,-90.0,,,,WPA2/WPA3-Personal,capable,
2026-10-09 08:11:21,3,L3-031,,,T1,laptop-taqiya,3,FILKOM EVENT,e8:10:98:82:05:a3,5785,157,5.0,40,-66.0,,,,WPA2-Personal,no,
2026-10-09 08:11:21,3,L3-031,,,T1,laptop-taqiya,3,eduroam,e8:10:98:82:05:a2,5785,157,5.0,40,-66.0,,,,WPA2/3-Enterprise,no,
2026-10-09 08:11:21,3,L3-031,,,T1,laptop-taqiya,3,WiFi-FILKOM,e8:10:98:82:05:a1,5785,157,5.0,40,-67.0,,,,WPA2/3-Enterprise,no,
2026-10-09 08:12:40,3,L3-024,,,T1,laptop-taqiya,1,WiFi-UB.x,e8:10:98:82:05:a0,5785,157,5.0,40,-48.0,,,,WPA2/3-Enterprise,no,
2026-10-09 08:12:40,3,L3-024,,,T1,laptop-taqiya,1,Adachi,d2:e0:27:81:9e:8c,2462,11,2.4,20,-70.0,,,,WPA2-Personal,no,
2026-10-09 08:12:40,3,L3-024,,,T1,laptop-taqiya,1,Galaxy A57 5G 01E7,ee:c3:14:7c:9f:ef,2462,11,2.4,20,-65.0,,,,WPA2-Personal,no,
2026-10-09 08:12:40,3,L3-024,,,T1,laptop-taqiya,1,FILKOM EVENT,e8:10:98:82:0b:33,2462,11,2.4,20,-67.0,,,,WPA2-Personal,no,
2026-10-09 08:12:40,3,L3-024,,,T1,laptop-taqiya,1,eduroam,e8:10:98:82:0b:32,2462,11,2.4,20,-65.0,,,,WPA2/3-Enterprise,no,
2026-10-09 08:12:40,3,L3-024,,,T1,laptop-taqiya,1,WiFi-FILKOM,e8:10:98:82:0b:31,2462,11,2.4,20,-66.0,,,,WPA2/3-Enterprise,no,
2026-10-09 08:12:40,3,L3-024,,,T1,laptop-taqiya,1,WiFi-UB.x,e8:10:98:82:0b:30,2462,11,2.4,20,-74.0,,,,WPA2/3-Enterprise,no,
2026-10-09 08:12:40,3,L3-024,,,T1,laptop-taqiya,1,🩷🩷🩷,76:11:0d:59:58:56,2437,6,2.4,20,-67.0,,,,WPA2-Personal,no,
2026-10-09 08:12:40,3,L3-024,,,T1,laptop-taqiya,1,Redmi 10C,4e:78:64:e6:2c:5c,2432,5,2.4,20,-73.0,,,,WPA2-Personal,no,
2026-10-09 08:12:40,3,L3-024,,,T1,laptop-taqiya,1,Lia's Galaxy A33 5G,52:ae:52:22:ad:64,2437,6,2.4,20,-83.0,,,,WPA2-Personal,no,
2026-10-09 08:12:40,3,L3-024,,,T1,laptop-taqiya,1,echa,5a:0a:10:1a:1c:cc,2437,6,2.4,20,-74.0,,,,WPA2-Personal,no,
2026-10-09 08:12:40,3,L3-024,,,T1,laptop-taqiya,1,iPhone (2),ba:52:1a:fe:b4:8c,2437,6,2.4,20,-79.0,,,,WPA2-Personal,no,
2026-10-09 08:12:40,3,L3-024,,,T1,laptop-taqiya,1,Xiaomi 12T,aa:e0:aa:9c:66:21,2437,6,2.4,20,-68.0,,,,WPA2-Personal,no,
2026-10-09 08:12:40,3,L3-024,,,T1,laptop-taqiya,1,"To you, in 2000 Years",0a:a1:11:53:7a:6e,2437,6,2.4,20,-69.0,,,,WPA2-Personal,no,
2026-10-09 08:12:40,3,L3-024,,,T1,laptop-taqiya,1,kuonzx,96:27:be:d6:7a:73,2437,6,2.4,20,-74.0,,,,WPA2-Personal,no,
2026-10-09 08:12:40,3,L3-024,,,T1,laptop-taqiya,1,FILKOM EVENT,e8:10:98:82:05:93,2437,6,2.4,20,-53.0,,,,WPA2-Personal,no,
2026-10-09 08:12:40,3,L3-024,,,T1,laptop-taqiya,1,eduroam,e8:10:98:82:05:92,2437,6,2.4,20,-52.0,,,,WPA2/3-Enterprise,no,
2026-10-09 08:12:40,3,L3-024,,,T1,laptop-taqiya,1,WiFi-FILKOM,e8:10:98:82:05:91,2437,6,2.4,20,-53.0,,,,WPA2/3-Enterprise,no,
2026-10-09 08:12:40,3,L3-024,,,T1,laptop-taqiya,1,WiFi-UB.x,e8:10:98:82:05:90,2437,6,2.4,20,-54.0,,,,WPA2/3-Enterprise,no,
2026-10-09 08:12:40,3,L3-024,,,T1,laptop-taqiya,1,FILKOM EVENT,54:d7:e3:42:42:c3,2412,1,2.4,20,-69.0,,,,WPA2-Personal,no,
2026-10-09 08:12:40,3,L3-024,,,T1,laptop-taqiya,1,WiFi-FILKOM,54:d7:e3:42:42:c1,2412,1,2.4,20,-70.0,,,,WPA2/3-Enterprise,no,
2026-10-09 08:12:40,3,L3-024,,,T1,laptop-taqiya,1,Riko,ca:85:f1:86:0a:04,2412,1,2.4,20,-73.0,,,,WPA2-Personal,no,
2026-10-09 08:12:40,3,L3-024,,,T1,laptop-taqiya,1,aldo kipan,b2:35:16:15:9f:dc,2412,1,2.4,20,-72.0,,,,WPA2-Personal,no,
2026-10-09 08:12:40,3,L3-024,,,T1,laptop-taqiya,1,FILKOM EVENT,fc:7f:f1:dd:53:33,5320,64,5.0,40,-67.0,,,,WPA2-Personal,no,
2026-10-09 08:12:40,3,L3-024,,,T1,laptop-taqiya,1,eduroam,fc:7f:f1:dd:53:32,5320,64,5.0,40,-69.0,,,,WPA2/3-Enterprise,no,
2026-10-09 08:12:40,3,L3-024,,,T1,laptop-taqiya,1,WiFi-FILKOM,fc:7f:f1:dd:53:31,5320,64,5.0,40,-70.0,,,,WPA2/3-Enterprise,no,
2026-10-09 08:12:40,3,L3-024,,,T1,laptop-taqiya,1,WiFi-UB.x,fc:7f:f1:dd:53:30,5320,64,5.0,40,-71.0,,,,WPA2/3-Enterprise,no,
2026-10-09 08:12:40,3,L3-024,,,T1,laptop-taqiya,1,FILKOM EVENT,54:d7:e3:42:42:d3,5260,52,5.0,40,-64.0,,,,WPA2-Personal,no,
2026-10-09 08:12:40,3,L3-024,,,T1,laptop-taqiya,1,eduroam,54:d7:e3:42:42:d2,5260,52,5.0,40,-64.0,,,,WPA2/3-Enterprise,no,
2026-10-09 08:12:40,3,L3-024,,,T1,laptop-taqiya,1,WiFi-FILKOM,54:d7:e3:42:42:d1,5260,52,5.0,40,-64.0,,,,WPA2/3-Enterprise,no,
2026-10-09 08:12:40,3,L3-024,,,T1,laptop-taqiya,1,WiFi-UB.x,54:d7:e3:42:42:d0,5260,52,5.0,40,-65.0,,,,WPA2/3-Enterprise,no,
2026-10-09 08:12:40,3,L3-024,,,T1,laptop-taqiya,1,OPPO A12,12:47:2d:9a:26:cf,5765,153,5.0,80,-89.0,,,,WPA2-Personal,no,
2026-10-09 08:12:40,3,L3-024,,,T1,laptop-taqiya,1,DIRECT-WELAPTOP-VAI3VGMOmsvP,be:d2:2c:df:11:14,5745,149,5.0,20,-68.0,,,,WPA2-Personal,no,
2026-10-09 08:12:40,3,L3-024,,,T1,laptop-taqiya,1,Samsung S25 Ultra,e2:82:61:7d:8d:ae,5745,149,5.0,80,-70.0,,,,WPA2/WPA3-Personal,capable,
2026-10-09 08:12:40,3,L3-024,,,T1,laptop-taqiya,1,WiFi-UB.x,e8:10:98:82:0b:40,5745,149,5.0,40,-65.0,,,,WPA2/3-Enterprise,no,
2026-10-09 08:12:40,3,L3-024,,,T1,laptop-taqiya,1,im’s phone,7e:64:24:c9:8d:df,5785,157,5.0,20,-72.0,,,,WPA2/WPA3-Personal,capable,
2026-10-09 08:12:40,3,L3-024,,,T1,laptop-taqiya,1,FILKOM EVENT,e8:10:98:82:05:a3,5785,157,5.0,40,-52.0,,,,WPA2-Personal,no,
2026-10-09 08:12:40,3,L3-024,,,T1,laptop-taqiya,1,eduroam,e8:10:98:82:05:a2,5785,157,5.0,40,-52.0,,,,WPA2/3-Enterprise,no,
2026-10-09 08:12:40,3,L3-024,,,T1,laptop-taqiya,1,WiFi-FILKOM,e8:10:98:82:05:a1,5785,157,5.0,40,-51.0,,,,WPA2/3-Enterprise,no,
2026-10-09 08:12:40,3,L3-024,,,T1,laptop-taqiya,1,FILKOM EVENT,e8:10:98:82:0b:23,5240,48,5.0,40,-62.0,,,,WPA2-Personal,no,
2026-10-09 08:12:40,3,L3-024,,,T1,laptop-taqiya,1,eduroam,e8:10:98:82:0b:22,5240,48,5.0,40,-62.0,,,,WPA2/3-Enterprise,no,
2026-10-09 08:12:40,3,L3-024,,,T1,laptop-taqiya,1,WiFi-FILKOM,e8:10:98:82:0b:21,5240,48,5.0,40,-61.0,,,,WPA2/3-Enterprise,no,
2026-10-09 08:12:40,3,L3-024,,,T1,laptop-taqiya,1,WiFi-UB.x,e8:10:98:82:0b:20,5240,48,5.0,40,-59.0,,,,WPA2/3-Enterprise,no,
2026-10-09 08:12:40,3,L3-024,,,T1,laptop-taqiya,1,lkjgfd,3e:c4:7f:30:14:49,5240,48,5.0,40,-82.0,,,,WPA2-Personal,no,
2026-10-09 08:12:49,3,L3-024,,,T1,laptop-taqiya,2,WiFi-UB.x,e8:10:98:82:05:a0,5785,157,5.0,40,-49.0,,,,WPA2/3-Enterprise,no,
2026-10-09 08:12:49,3,L3-024,,,T1,laptop-taqiya,2,Adachi,d2:e0:27:81:9e:8c,2462,11,2.4,20,-69.0,,,,WPA2-Personal,no,
2026-10-09 08:12:49,3,L3-024,,,T1,laptop-taqiya,2,FILKOM EVENT,e8:10:98:82:0b:33,2462,11,2.4,20,-71.0,,,,WPA2-Personal,no,
2026-10-09 08:12:49,3,L3-024,,,T1,laptop-taqiya,2,WiFi-FILKOM,e8:10:98:82:0b:31,2462,11,2.4,20,-64.0,,,,WPA2/3-Enterprise,no,
2026-10-09 08:12:49,3,L3-024,,,T1,laptop-taqiya,2,WiFi-UB.x,e8:10:98:82:0b:30,2462,11,2.4,20,-66.0,,,,WPA2/3-Enterprise,no,
2026-10-09 08:12:49,3,L3-024,,,T1,laptop-taqiya,2,nanadd,4e:f9:04:44:27:54,2462,11,2.4,20,-63.0,,,,WPA2-Personal,no,
2026-10-09 08:12:49,3,L3-024,,,T1,laptop-taqiya,2,Galaxy A57 5G 01E7,ee:c3:14:7c:9f:ef,2462,11,2.4,20,-66.0,,,,WPA2-Personal,no,
2026-10-09 08:12:49,3,L3-024,,,T1,laptop-taqiya,2,echa,5a:0a:10:1a:1c:cc,2437,6,2.4,20,-74.0,,,,WPA2-Personal,no,
2026-10-09 08:12:49,3,L3-024,,,T1,laptop-taqiya,2,"To you, in 2000 Years",0a:a1:11:53:7a:6e,2437,6,2.4,20,-67.0,,,,WPA2-Personal,no,
2026-10-09 08:12:49,3,L3-024,,,T1,laptop-taqiya,2,kuonzx,96:27:be:d6:7a:73,2437,6,2.4,20,-79.0,,,,WPA2-Personal,no,
2026-10-09 08:12:49,3,L3-024,,,T1,laptop-taqiya,2,FILKOM EVENT,e8:10:98:82:05:93,2437,6,2.4,20,-54.0,,,,WPA2-Personal,no,
2026-10-09 08:12:49,3,L3-024,,,T1,laptop-taqiya,2,eduroam,e8:10:98:82:05:92,2437,6,2.4,20,-54.0,,,,WPA2/3-Enterprise,no,
2026-10-09 08:12:49,3,L3-024,,,T1,laptop-taqiya,2,WiFi-FILKOM,e8:10:98:82:05:91,2437,6,2.4,20,-54.0,,,,WPA2/3-Enterprise,no,
2026-10-09 08:12:49,3,L3-024,,,T1,laptop-taqiya,2,WiFi-UB.x,e8:10:98:82:05:90,2437,6,2.4,20,-54.0,,,,WPA2/3-Enterprise,no,
2026-10-09 08:12:49,3,L3-024,,,T1,laptop-taqiya,2,FILKOM EVENT,54:d7:e3:42:42:c3,2412,1,2.4,20,-69.0,,,,WPA2-Personal,no,
2026-10-09 08:12:49,3,L3-024,,,T1,laptop-taqiya,2,eduroam,54:d7:e3:42:42:c2,2412,1,2.4,20,-70.0,,,,WPA2/3-Enterprise,no,
2026-10-09 08:12:49,3,L3-024,,,T1,laptop-taqiya,2,WiFi-FILKOM,54:d7:e3:42:42:c1,2412,1,2.4,20,-67.0,,,,WPA2/3-Enterprise,no,
2026-10-09 08:12:49,3,L3-024,,,T1,laptop-taqiya,2,Recover.Me-184350,c0:c7:0a:58:43:5f,2412,1,2.4,20,-74.0,,0.0,32.9,WPA2-Personal,no,
2026-10-09 08:12:49,3,L3-024,,,T1,laptop-taqiya,2,Riko,ca:85:f1:86:0a:04,2412,1,2.4,20,-73.0,,,,WPA2-Personal,no,
2026-10-09 08:12:49,3,L3-024,,,T1,laptop-taqiya,2,aldo kipan,b2:35:16:15:9f:dc,2412,1,2.4,20,-63.0,,,,WPA2-Personal,no,
2026-10-09 08:12:49,3,L3-024,,,T1,laptop-taqiya,2,WiFi-UB.x,54:d7:e3:42:42:c0,2412,1,2.4,20,-71.0,,,,WPA2/3-Enterprise,no,
2026-10-09 08:12:49,3,L3-024,,,T1,laptop-taqiya,2,FILKOM EVENT,fc:7f:f1:dd:53:33,5320,64,5.0,40,-74.0,,,,WPA2-Personal,no,
2026-10-09 08:12:49,3,L3-024,,,T1,laptop-taqiya,2,eduroam,fc:7f:f1:dd:53:32,5320,64,5.0,40,-72.0,,,,WPA2/3-Enterprise,no,
2026-10-09 08:12:49,3,L3-024,,,T1,laptop-taqiya,2,WiFi-FILKOM,fc:7f:f1:dd:53:31,5320,64,5.0,40,-72.0,,,,WPA2/3-Enterprise,no,
2026-10-09 08:12:49,3,L3-024,,,T1,laptop-taqiya,2,WiFi-UB.x,fc:7f:f1:dd:53:30,5320,64,5.0,40,-72.0,,,,WPA2/3-Enterprise,no,
2026-10-09 08:12:49,3,L3-024,,,T1,laptop-taqiya,2,FILKOM EVENT,54:d7:e3:42:42:d3,5260,52,5.0,40,-70.0,,,,WPA2-Personal,no,
2026-10-09 08:12:49,3,L3-024,,,T1,laptop-taqiya,2,eduroam,54:d7:e3:42:42:d2,5260,52,5.0,40,-71.0,,,,WPA2/3-Enterprise,no,
2026-10-09 08:12:49,3,L3-024,,,T1,laptop-taqiya,2,WiFi-FILKOM,54:d7:e3:42:42:d1,5260,52,5.0,40,-68.0,,,,WPA2/3-Enterprise,no,
2026-10-09 08:12:49,3,L3-024,,,T1,laptop-taqiya,2,WiFi-UB.x,54:d7:e3:42:42:d0,5260,52,5.0,40,-68.0,,,,WPA2/3-Enterprise,no,
2026-10-09 08:12:49,3,L3-024,,,T1,laptop-taqiya,2,FILKOM EVENT,e8:10:98:82:05:a3,5785,157,5.0,40,-52.0,,,,WPA2-Personal,no,
2026-10-09 08:12:49,3,L3-024,,,T1,laptop-taqiya,2,eduroam,e8:10:98:82:05:a2,5785,157,5.0,40,-53.0,,,,WPA2/3-Enterprise,no,
2026-10-09 08:12:49,3,L3-024,,,T1,laptop-taqiya,2,WiFi-FILKOM,e8:10:98:82:05:a1,5785,157,5.0,40,-52.0,,,,WPA2/3-Enterprise,no,
2026-10-09 08:12:49,3,L3-024,,,T1,laptop-taqiya,2,DIRECT-WELAPTOP-VAI3VGMOmsvP,be:d2:2c:df:11:14,5745,149,5.0,20,-60.0,,,,WPA2-Personal,no,
2026-10-09 08:12:49,3,L3-024,,,T1,laptop-taqiya,2,FILKOM EVENT,e8:10:98:82:0b:43,5745,149,5.0,40,-59.0,,,,WPA2-Personal,no,
2026-10-09 08:12:49,3,L3-024,,,T1,laptop-taqiya,2,eduroam,e8:10:98:82:0b:42,5745,149,5.0,40,-62.0,,,,WPA2/3-Enterprise,no,
2026-10-09 08:12:49,3,L3-024,,,T1,laptop-taqiya,2,WiFi-FILKOM,e8:10:98:82:0b:41,5745,149,5.0,40,-61.0,,,,WPA2/3-Enterprise,no,
2026-10-09 08:12:49,3,L3-024,,,T1,laptop-taqiya,2,WiFi-UB.x,e8:10:98:82:0b:40,5745,149,5.0,40,-59.0,,,,WPA2/3-Enterprise,no,
2026-10-09 08:12:49,3,L3-024,,,T1,laptop-taqiya,2,Samsung S25 Ultra,e2:82:61:7d:8d:ae,5745,149,5.0,80,-78.0,,,,WPA2/WPA3-Personal,capable,
2026-10-09 08:12:49,3,L3-024,,,T1,laptop-taqiya,2,im’s phone,7e:64:24:c9:8d:df,5785,157,5.0,20,-69.0,,,,WPA2/WPA3-Personal,capable,
2026-10-09 08:12:49,3,L3-024,,,T1,laptop-taqiya,2,FILKOM EVENT,e8:10:98:82:0b:23,5240,48,5.0,40,-60.0,,,,WPA2-Personal,no,
2026-10-09 08:12:49,3,L3-024,,,T1,laptop-taqiya,2,eduroam,e8:10:98:82:0b:22,5240,48,5.0,40,-60.0,,,,WPA2/3-Enterprise,no,
2026-10-09 08:12:49,3,L3-024,,,T1,laptop-taqiya,2,WiFi-FILKOM,e8:10:98:82:0b:21,5240,48,5.0,40,-62.0,,,,WPA2/3-Enterprise,no,
2026-10-09 08:12:49,3,L3-024,,,T1,laptop-taqiya,2,WiFi-UB.x,e8:10:98:82:0b:20,5240,48,5.0,40,-62.0,,,,WPA2/3-Enterprise,no,
2026-10-09 08:12:49,3,L3-024,,,T1,laptop-taqiya,2,lkjgfd,3e:c4:7f:30:14:49,5240,48,5.0,40,-78.0,,,,WPA2-Personal,no,
2026-10-09 08:12:58,3,L3-024,,,T1,laptop-taqiya,3,WiFi-UB.x,e8:10:98:82:05:a0,5785,157,5.0,40,-51.0,,,,WPA2/3-Enterprise,no,
2026-10-09 08:12:58,3,L3-024,,,T1,laptop-taqiya,3,Unite Plaechere,42:3d:77:b0:7e:9e,2462,11,2.4,20,-83.0,,,,WPA2-Personal,no,
2026-10-09 08:12:58,3,L3-024,,,T1,laptop-taqiya,3,Galaxy A57 5G 01E7,ee:c3:14:7c:9f:ef,2462,11,2.4,20,-66.0,,,,WPA2-Personal,no,
2026-10-09 08:12:58,3,L3-024,,,T1,laptop-taqiya,3,FILKOM EVENT,fc:7f:f1:dd:53:23,2462,11,2.4,20,-75.0,,,,WPA2-Personal,no,
2026-10-09 08:12:58,3,L3-024,,,T1,laptop-taqiya,3,eduroam,fc:7f:f1:dd:53:22,2462,11,2.4,20,-81.0,,,,WPA2/3-Enterprise,no,
2026-10-09 08:12:58,3,L3-024,,,T1,laptop-taqiya,3,FILKOM EVENT,e8:10:98:82:0b:33,2462,11,2.4,20,-72.0,,,,WPA2-Personal,no,
2026-10-09 08:12:58,3,L3-024,,,T1,laptop-taqiya,3,eduroam,e8:10:98:82:0b:32,2462,11,2.4,20,-69.0,,,,WPA2/3-Enterprise,no,
2026-10-09 08:12:58,3,L3-024,,,T1,laptop-taqiya,3,WiFi-FILKOM,e8:10:98:82:0b:31,2462,11,2.4,20,-71.0,,,,WPA2/3-Enterprise,no,
2026-10-09 08:12:58,3,L3-024,,,T1,laptop-taqiya,3,WiFi-UB.x,e8:10:98:82:0b:30,2462,11,2.4,20,-73.0,,,,WPA2/3-Enterprise,no,
2026-10-09 08:12:58,3,L3-024,,,T1,laptop-taqiya,3,Adachi,d2:e0:27:81:9e:8c,2462,11,2.4,20,-68.0,,,,WPA2-Personal,no,
2026-10-09 08:12:58,3,L3-024,,,T1,laptop-taqiya,3,FILKOM EVENT,e8:10:98:82:05:93,2437,6,2.4,20,-57.0,,,,WPA2-Personal,no,
2026-10-09 08:12:58,3,L3-024,,,T1,laptop-taqiya,3,eduroam,e8:10:98:82:05:92,2437,6,2.4,20,-57.0,,,,WPA2/3-Enterprise,no,
2026-10-09 08:12:58,3,L3-024,,,T1,laptop-taqiya,3,WiFi-FILKOM,e8:10:98:82:05:91,2437,6,2.4,20,-54.0,,,,WPA2/3-Enterprise,no,
2026-10-09 08:12:58,3,L3-024,,,T1,laptop-taqiya,3,WiFi-UB.x,e8:10:98:82:05:90,2437,6,2.4,20,-55.0,,,,WPA2/3-Enterprise,no,
2026-10-09 08:12:58,3,L3-024,,,T1,laptop-taqiya,3,Redmi 10C,4e:78:64:e6:2c:5c,2432,5,2.4,20,-75.0,,,,WPA2-Personal,no,
2026-10-09 08:12:58,3,L3-024,,,T1,laptop-taqiya,3,aldo kipan,b2:35:16:15:9f:dc,2412,1,2.4,20,-67.0,,,,WPA2-Personal,no,
2026-10-09 08:12:58,3,L3-024,,,T1,laptop-taqiya,3,Riko,ca:85:f1:86:0a:04,2412,1,2.4,20,-74.0,,,,WPA2-Personal,no,
2026-10-09 08:12:58,3,L3-024,,,T1,laptop-taqiya,3,WiFi-UB.x,54:d7:e3:42:42:c0,2412,1,2.4,20,-72.0,,,,WPA2/3-Enterprise,no,
2026-10-09 08:12:58,3,L3-024,,,T1,laptop-taqiya,3,im’s phone,7e:64:24:c9:8d:df,5785,157,5.0,20,-73.0,,,,WPA2/WPA3-Personal,capable,
2026-10-09 08:12:58,3,L3-024,,,T1,laptop-taqiya,3,Samsung S25 Ultra,e2:82:61:7d:8d:ae,5745,149,5.0,80,-77.0,,,,WPA2/WPA3-Personal,capable,
2026-10-09 08:12:58,3,L3-024,,,T1,laptop-taqiya,3,FILKOM EVENT,e8:10:98:82:0b:43,5745,149,5.0,40,-67.0,,,,WPA2-Personal,no,
2026-10-09 08:12:58,3,L3-024,,,T1,laptop-taqiya,3,eduroam,e8:10:98:82:0b:42,5745,149,5.0,40,-61.0,,,,WPA2/3-Enterprise,no,
2026-10-09 08:12:58,3,L3-024,,,T1,laptop-taqiya,3,WiFi-FILKOM,e8:10:98:82:0b:41,5745,149,5.0,40,-58.0,,,,WPA2/3-Enterprise,no,
2026-10-09 08:12:58,3,L3-024,,,T1,laptop-taqiya,3,WiFi-UB.x,e8:10:98:82:0b:40,5745,149,5.0,40,-59.0,,,,WPA2/3-Enterprise,no,
2026-10-09 08:12:58,3,L3-024,,,T1,laptop-taqiya,3,FILKOM EVENT,e8:10:98:82:05:a3,5785,157,5.0,40,-48.0,,,,WPA2-Personal,no,
2026-10-09 08:12:58,3,L3-024,,,T1,laptop-taqiya,3,eduroam,e8:10:98:82:05:a2,5785,157,5.0,40,-48.0,,,,WPA2/3-Enterprise,no,
2026-10-09 08:12:58,3,L3-024,,,T1,laptop-taqiya,3,WiFi-FILKOM,e8:10:98:82:05:a1,5785,157,5.0,40,-48.0,,,,WPA2/3-Enterprise,no,
2026-10-09 08:12:58,3,L3-024,,,T1,laptop-taqiya,3,lkjgfd,3e:c4:7f:30:14:49,5240,48,5.0,40,-79.0,,,,WPA2-Personal,no,
2026-10-09 08:12:58,3,L3-024,,,T1,laptop-taqiya,3,FILKOM EVENT,e8:10:98:82:0b:23,5240,48,5.0,40,-62.0,,,,WPA2-Personal,no,
2026-10-09 08:12:58,3,L3-024,,,T1,laptop-taqiya,3,eduroam,e8:10:98:82:0b:22,5240,48,5.0,40,-64.0,,,,WPA2/3-Enterprise,no,
2026-10-09 08:12:58,3,L3-024,,,T1,laptop-taqiya,3,WiFi-FILKOM,e8:10:98:82:0b:21,5240,48,5.0,40,-65.0,,,,WPA2/3-Enterprise,no,
2026-10-09 08:12:58,3,L3-024,,,T1,laptop-taqiya,3,WiFi-UB.x,e8:10:98:82:0b:20,5240,48,5.0,40,-63.0,,,,WPA2/3-Enterprise,no,
2026-10-09 08:16:36,3,L3-019,,,T1,laptop-taqiya,1,🩷🩷🩷,76:11:0d:59:58:56,2437,6,2.4,20,-84.0,,,,WPA2-Personal,no,
2026-10-09 08:16:36,3,L3-019,,,T1,laptop-taqiya,1,WiFi-UB.x,54:d7:e3:42:42:c0,2412,1,2.4,20,-50.0,,,,WPA2/3-Enterprise,no,
2026-10-09 08:16:36,3,L3-019,,,T1,laptop-taqiya,1,Lia's Galaxy A33 5G,52:ae:52:22:ad:64,2437,6,2.4,20,-74.0,,,,WPA2-Personal,no,
2026-10-09 08:16:36,3,L3-019,,,T1,laptop-taqiya,1,ammar,e2:16:a3:63:e7:d4,2437,6,2.4,20,-80.0,,,,WPA2-Personal,no,
2026-10-09 08:16:36,3,L3-019,,,T1,laptop-taqiya,1,WiFi-UB.x,e8:10:98:82:05:90,2437,6,2.4,20,-76.0,,,,WPA2/3-Enterprise,no,
2026-10-09 08:16:36,3,L3-019,,,T1,laptop-taqiya,1,Redmi 10C,4e:78:64:e6:2c:5c,2432,5,2.4,20,-75.0,,,,WPA2-Personal,no,
2026-10-09 08:16:36,3,L3-019,,,T1,laptop-taqiya,1,WiFi-FILKOM,54:d7:e3:45:51:21,2412,1,2.4,20,-82.0,,,,WPA2/3-Enterprise,no,
2026-10-09 08:16:36,3,L3-019,,,T1,laptop-taqiya,1,WiFi-UB.x,54:d7:e3:45:51:20,2412,1,2.4,20,-69.0,,,,WPA2/3-Enterprise,no,
2026-10-09 08:16:36,3,L3-019,,,T1,laptop-taqiya,1,eduroam,54:d7:e3:45:51:22,2412,1,2.4,20,-84.0,,,,WPA2/3-Enterprise,no,
2026-10-09 08:16:36,3,L3-019,,,T1,laptop-taqiya,1,FILKOM EVENT,54:d7:e3:45:51:23,2412,1,2.4,20,-76.0,,,,WPA2-Personal,no,
2026-10-09 08:16:36,3,L3-019,,,T1,laptop-taqiya,1,aldo kipan,b2:35:16:15:9f:dc,2412,1,2.4,20,-81.0,,,,WPA2-Personal,no,
2026-10-09 08:16:36,3,L3-019,,,T1,laptop-taqiya,1,FILKOM EVENT,fc:7f:f1:dd:53:33,5320,64,5.0,40,-73.0,,,,WPA2-Personal,no,
2026-10-09 08:16:36,3,L3-019,,,T1,laptop-taqiya,1,eduroam,fc:7f:f1:dd:53:32,5320,64,5.0,40,-72.0,,,,WPA2/3-Enterprise,no,
2026-10-09 08:16:36,3,L3-019,,,T1,laptop-taqiya,1,WiFi-FILKOM,fc:7f:f1:dd:53:31,5320,64,5.0,40,-72.0,,,,WPA2/3-Enterprise,no,
2026-10-09 08:16:36,3,L3-019,,,T1,laptop-taqiya,1,WiFi-UB.x,fc:7f:f1:dd:53:30,5320,64,5.0,40,-73.0,,,,WPA2/3-Enterprise,no,
2026-10-09 08:16:36,3,L3-019,,,T1,laptop-taqiya,1,FILKOM EVENT,e8:10:98:82:05:a3,5785,157,5.0,40,-70.0,,,,WPA2-Personal,no,
2026-10-09 08:16:36,3,L3-019,,,T1,laptop-taqiya,1,eduroam,e8:10:98:82:05:a2,5785,157,5.0,40,-68.0,,,,WPA2/3-Enterprise,no,
2026-10-09 08:16:36,3,L3-019,,,T1,laptop-taqiya,1,im’s phone,7e:64:24:c9:8d:df,5785,157,5.0,20,-67.0,,,,WPA2/WPA3-Personal,capable,
2026-10-09 08:16:36,3,L3-019,,,T1,laptop-taqiya,1,WiFi-FILKOM,e8:10:98:82:05:a1,5785,157,5.0,40,-68.0,,,,WPA2/3-Enterprise,no,
2026-10-09 08:16:36,3,L3-019,,,T1,laptop-taqiya,1,WiFi-UB.x,e8:10:98:82:05:a0,5785,157,5.0,40,-67.0,,,,WPA2/3-Enterprise,no,
2026-10-09 08:16:36,3,L3-019,,,T1,laptop-taqiya,1,FILKOM EVENT,ec:bd:1d:af:f6:73,2412,1,2.4,20,-81.0,,3.0,32.2,WPA2-Personal,no,
2026-10-09 08:16:36,3,L3-019,,,T1,laptop-taqiya,1,eduroam,ec:bd:1d:af:f6:7d,5745,149,5.0,20,-88.0,,0.0,0.8,WPA2/3-Enterprise,capable,
2026-10-09 08:16:36,3,L3-019,,,T1,laptop-taqiya,1,FILKOM EVENT,e8:10:98:82:0b:43,5745,149,5.0,40,-85.0,,,,WPA2-Personal,no,
2026-10-09 08:16:36,3,L3-019,,,T1,laptop-taqiya,1,eduroam,e8:10:98:82:0b:42,5745,149,5.0,40,-84.0,,,,WPA2/3-Enterprise,no,
2026-10-09 08:16:36,3,L3-019,,,T1,laptop-taqiya,1,WiFi-FILKOM,e8:10:98:82:0b:41,5745,149,5.0,40,-84.0,,,,WPA2/3-Enterprise,no,
2026-10-09 08:16:36,3,L3-019,,,T1,laptop-taqiya,1,WiFi-UB.x,e8:10:98:82:0b:40,5745,149,5.0,40,-86.0,,,,WPA2/3-Enterprise,no,
2026-10-09 08:16:36,3,L3-019,,,T1,laptop-taqiya,1,Samsung S25 Ultra,e2:82:61:7d:8d:ae,5745,149,5.0,80,-82.0,,,,WPA2/WPA3-Personal,capable,
2026-10-09 08:16:36,3,L3-019,,,T1,laptop-taqiya,1,DIRECT-WELAPTOP-VAI3VGMOmsvP,be:d2:2c:df:11:14,5745,149,5.0,20,-82.0,,,,WPA2-Personal,no,
2026-10-09 08:16:36,3,L3-019,,,T1,laptop-taqiya,1,eduroam,ec:bd:1d:af:f6:72,2412,1,2.4,20,-76.0,,3.0,32.2,WPA2/3-Enterprise,capable,
2026-10-09 08:16:36,3,L3-019,,,T1,laptop-taqiya,1,FILKOM EVENT,e8:10:98:82:0b:23,5240,48,5.0,40,-85.0,,,,WPA2-Personal,no,
2026-10-09 08:16:36,3,L3-019,,,T1,laptop-taqiya,1,eduroam,e8:10:98:82:0b:22,5240,48,5.0,40,-86.0,,,,WPA2/3-Enterprise,no,
2026-10-09 08:16:36,3,L3-019,,,T1,laptop-taqiya,1,WiFi-UB.x,c0:c7:0a:98:3a:52,5240,48,5.0,20,-90.0,,24.0,3.9,WPA2/3-Enterprise,capable,
2026-10-09 08:16:36,3,L3-019,,,T1,laptop-taqiya,1,WiFi-UB.x,ec:bd:1d:af:f6:70,2412,1,2.4,20,-82.0,,3.0,32.2,WPA2/3-Enterprise,no,
2026-10-09 08:16:36,3,L3-019,,,T1,laptop-taqiya,1,FILKOM EVENT,54:d7:e3:42:42:c3,2412,1,2.4,20,-51.0,,,,WPA2-Personal,no,
2026-10-09 08:16:36,3,L3-019,,,T1,laptop-taqiya,1,eduroam,54:d7:e3:42:42:c2,2412,1,2.4,20,-51.0,,,,WPA2/3-Enterprise,no,
2026-10-09 08:16:36,3,L3-019,,,T1,laptop-taqiya,1,WiFi-FILKOM,54:d7:e3:42:42:c1,2412,1,2.4,20,-51.0,,,,WPA2/3-Enterprise,no,
2026-10-09 08:16:36,3,L3-019,,,T1,laptop-taqiya,1,Recover.Me-184350,c0:c7:0a:58:43:5f,2412,1,2.4,20,-74.0,,0.0,45.5,WPA2-Personal,no,
2026-10-09 08:16:45,3,L3-019,,,T1,laptop-taqiya,2,WiFi-UB.x,54:d7:e3:42:42:c0,2412,1,2.4,20,-49.0,,,,WPA2/3-Enterprise,no,
2026-10-09 08:16:45,3,L3-019,,,T1,laptop-taqiya,2,eduroam,fc:7f:f1:dd:53:22,2462,11,2.4,20,-75.0,,,,WPA2/3-Enterprise,no,
2026-10-09 08:16:45,3,L3-019,,,T1,laptop-taqiya,2,WiFi-FILKOM,fc:7f:f1:dd:53:21,2462,11,2.4,20,-75.0,,,,WPA2/3-Enterprise,no,
2026-10-09 08:16:45,3,L3-019,,,T1,laptop-taqiya,2,WiFi-UB.x,fc:7f:f1:dd:53:20,2462,11,2.4,20,-76.0,,,,WPA2/3-Enterprise,no,
2026-10-09 08:16:45,3,L3-019,,,T1,laptop-taqiya,2,eduroam,04:62:73:09:a4:d2,2437,6,2.4,20,-79.0,,9.0,55.3,WPA2/3-Enterprise,capable,
2026-10-09 08:16:45,3,L3-019,,,T1,laptop-taqiya,2,"To you, in 2000 Years",0a:a1:11:53:7a:6e,2437,6,2.4,20,-75.0,,,,WPA2-Personal,no,
2026-10-09 08:16:45,3,L3-019,,,T1,laptop-taqiya,2,ammar,e2:16:a3:63:e7:d4,2437,6,2.4,20,-77.0,,,,WPA2-Personal,no,
2026-10-09 08:16:45,3,L3-019,,,T1,laptop-taqiya,2,WiFi-FILKOM,e8:10:98:82:05:91,2437,6,2.4,20,-76.0,,,,WPA2/3-Enterprise,no,
2026-10-09 08:16:45,3,L3-019,,,T1,laptop-taqiya,2,myECO_LIDAR,de:4f:22:6c:e6:c6,2412,1,2.4,20,-78.0,,,,Open,no,
2026-10-09 08:16:45,3,L3-019,,,T1,laptop-taqiya,2,ScenXus-b0a732311f20,b0:a7:32:31:1f:21,2422,3,2.4,40,-87.0,,,,Open,no,
2026-10-09 08:16:45,3,L3-019,,,T1,laptop-taqiya,2,,c8:5a:9f:ce:72:52,2417,2,2.4,20,-79.0,,0.0,0.8,WPA2-Personal,no,
2026-10-09 08:16:45,3,L3-019,,,T1,laptop-taqiya,2,WiFi-UB.x,ec:bd:1d:af:f6:70,2412,1,2.4,20,-75.0,,3.0,25.5,WPA2/3-Enterprise,no,
2026-10-09 08:16:45,3,L3-019,,,T1,laptop-taqiya,2,FILKOM EVENT,54:d7:e3:42:42:d3,5260,52,5.0,40,-46.0,,,,WPA2-Personal,no,
2026-10-09 08:16:45,3,L3-019,,,T1,laptop-taqiya,2,eduroam,54:d7:e3:42:42:d2,5260,52,5.0,40,-46.0,,,,WPA2/3-Enterprise,no,
2026-10-09 08:16:45,3,L3-019,,,T1,laptop-taqiya,2,WiFi-FILKOM,54:d7:e3:42:42:d1,5260,52,5.0,40,-45.0,,,,WPA2/3-Enterprise,no,
2026-10-09 08:16:45,3,L3-019,,,T1,laptop-taqiya,2,WiFi-UB.x,54:d7:e3:42:42:d0,5260,52,5.0,40,-46.0,,,,WPA2/3-Enterprise,no,
2026-10-09 08:16:45,3,L3-019,,,T1,laptop-taqiya,2,eduroam,ec:bd:1d:af:f6:72,2412,1,2.4,20,-80.0,,3.0,25.5,WPA2/3-Enterprise,capable,
2026-10-09 08:16:45,3,L3-019,,,T1,laptop-taqiya,2,im’s phone,7e:64:24:c9:8d:df,5785,157,5.0,20,-72.0,,,,WPA2/WPA3-Personal,capable,
2026-10-09 08:16:45,3,L3-019,,,T1,laptop-taqiya,2,FILKOM EVENT,54:d7:e3:45:51:23,2412,1,2.4,20,-77.0,,,,WPA2-Personal,no,
2026-10-09 08:16:45,3,L3-019,,,T1,laptop-taqiya,2,eduroam,54:d7:e3:45:51:22,2412,1,2.4,20,-78.0,,,,WPA2/3-Enterprise,no,
2026-10-09 08:16:45,3,L3-019,,,T1,laptop-taqiya,2,WiFi-FILKOM,54:d7:e3:45:51:21,2412,1,2.4,20,-77.0,,,,WPA2/3-Enterprise,no,
2026-10-09 08:16:45,3,L3-019,,,T1,laptop-taqiya,2,WiFi-UB.x,54:d7:e3:45:51:20,2412,1,2.4,20,-72.0,,,,WPA2/3-Enterprise,no,
2026-10-09 08:16:45,3,L3-019,,,T1,laptop-taqiya,2,FILKOM EVENT,ec:bd:1d:af:f6:73,2412,1,2.4,20,-79.0,,3.0,25.5,WPA2-Personal,no,
2026-10-09 08:16:45,3,L3-019,,,T1,laptop-taqiya,2,Samsung S25 Ultra,e2:82:61:7d:8d:ae,5745,149,5.0,80,-82.0,,,,WPA2/WPA3-Personal,capable,
2026-10-09 08:16:45,3,L3-019,,,T1,laptop-taqiya,2,aldo kipan,b2:35:16:15:9f:dc,2412,1,2.4,20,-73.0,,,,WPA2-Personal,no,
2026-10-09 08:16:45,3,L3-019,,,T1,laptop-taqiya,2,FILKOM EVENT,54:d7:e3:42:42:c3,2412,1,2.4,20,-49.0,,,,WPA2-Personal,no,
2026-10-09 08:16:45,3,L3-019,,,T1,laptop-taqiya,2,eduroam,54:d7:e3:42:42:c2,2412,1,2.4,20,-50.0,,,,WPA2/3-Enterprise,no,
2026-10-09 08:16:45,3,L3-019,,,T1,laptop-taqiya,2,WiFi-FILKOM,54:d7:e3:42:42:c1,2412,1,2.4,20,-50.0,,,,WPA2/3-Enterprise,no,
2026-10-09 08:16:45,3,L3-019,,,T1,laptop-taqiya,2,Recover.Me-184350,c0:c7:0a:58:43:5f,2412,1,2.4,20,-74.0,,0.0,42.4,WPA2-Personal,no,
2026-10-09 08:16:45,3,L3-019,,,T1,laptop-taqiya,2,WiFi-UB.x,28:b3:71:93:a0:fc,5240,48,5.0,20,-87.0,,0.0,0.4,WPA2/3-Enterprise,capable,
2026-10-09 08:16:45,3,L3-019,,,T1,laptop-taqiya,2,eduroam,28:b3:71:13:a0:fc,5240,48,5.0,20,-89.0,,3.0,0.4,WPA2/3-Enterprise,capable,
2026-10-09 08:16:45,3,L3-019,,,T1,laptop-taqiya,2,lkjgfd,3e:c4:7f:30:14:49,5240,48,5.0,40,-78.0,,,,WPA2-Personal,no,
2026-10-09 08:16:54,3,L3-019,,,T1,laptop-taqiya,3,WiFi-UB.x,54:d7:e3:42:42:c0,2412,1,2.4,20,-47.0,,,,WPA2/3-Enterprise,no,
2026-10-09 08:16:54,3,L3-019,,,T1,laptop-taqiya,3,Unite Plaechere,42:3d:77:b0:7e:9e,2462,11,2.4,20,-84.0,,,,WPA2-Personal,no,
2026-10-09 08:16:54,3,L3-019,,,T1,laptop-taqiya,3,WiFi-FILKOM,fc:7f:f1:dd:53:21,2462,11,2.4,20,-77.0,,,,WPA2/3-Enterprise,no,
2026-10-09 08:16:54,3,L3-019,,,T1,laptop-taqiya,3,FILKOM EVENT,fc:7f:f1:dd:53:23,2462,11,2.4,20,-77.0,,,,WPA2-Personal,no,
2026-10-09 08:16:54,3,L3-019,,,T1,laptop-taqiya,3,eduroam,fc:7f:f1:dd:53:22,2462,11,2.4,20,-78.0,,,,WPA2/3-Enterprise,no,
2026-10-09 08:16:54,3,L3-019,,,T1,laptop-taqiya,3,WiFi-UB.x,a0:3d:6f:8f:92:20,2462,11,2.4,20,-83.0,,8.0,5.9,WPA2/3-Enterprise,no,
2026-10-09 08:16:54,3,L3-019,,,T1,laptop-taqiya,3,WiFi-UB.x,fc:7f:f1:dd:53:20,2462,11,2.4,20,-78.0,,,,WPA2/3-Enterprise,no,
2026-10-09 08:16:54,3,L3-019,,,T1,laptop-taqiya,3,"To you, in 2000 Years",0a:a1:11:53:7a:6e,2437,6,2.4,20,-77.0,,,,WPA2-Personal,no,
2026-10-09 08:16:54,3,L3-019,,,T1,laptop-taqiya,3,FILKOM EVENT,e8:10:98:82:05:93,2437,6,2.4,20,-75.0,,,,WPA2-Personal,no,
2026-10-09 08:16:54,3,L3-019,,,T1,laptop-taqiya,3,eduroam,e8:10:98:82:05:92,2437,6,2.4,20,-75.0,,,,WPA2/3-Enterprise,no,
2026-10-09 08:16:54,3,L3-019,,,T1,laptop-taqiya,3,ammar,e2:16:a3:63:e7:d4,2437,6,2.4,20,-75.0,,,,WPA2-Personal,no,
2026-10-09 08:16:54,3,L3-019,,,T1,laptop-taqiya,3,WiFi-UB.x,e8:10:98:82:05:90,2437,6,2.4,20,-76.0,,,,WPA2/3-Enterprise,no,
2026-10-09 08:16:54,3,L3-019,,,T1,laptop-taqiya,3,FILKOM EVENT,04:62:73:09:a4:d3,2437,6,2.4,20,-83.0,,9.0,57.6,WPA2-Personal,no,
2026-10-09 08:16:54,3,L3-019,,,T1,laptop-taqiya,3,Redmi 10C,4e:78:64:e6:2c:5c,2432,5,2.4,20,-73.0,,,,WPA2-Personal,no,
2026-10-09 08:16:54,3,L3-019,,,T1,laptop-taqiya,3,FILKOM EVENT,54:d7:e3:45:51:23,2412,1,2.4,20,-80.0,,,,WPA2-Personal,no,
2026-10-09 08:16:54,3,L3-019,,,T1,laptop-taqiya,3,eduroam,54:d7:e3:45:51:22,2412,1,2.4,20,-80.0,,,,WPA2/3-Enterprise,no,
2026-10-09 08:16:54,3,L3-019,,,T1,laptop-taqiya,3,Recover.Me-184350,c0:c7:0a:58:43:5f,2412,1,2.4,20,-83.0,,0.0,41.6,WPA2-Personal,no,
2026-10-09 08:16:54,3,L3-019,,,T1,laptop-taqiya,3,WiFi-UB.x,54:d7:e3:45:51:20,2412,1,2.4,20,-83.0,,,,WPA2/3-Enterprise,no,
2026-10-09 08:16:54,3,L3-019,,,T1,laptop-taqiya,3,eduroam,ec:bd:1d:af:f6:72,2412,1,2.4,20,-79.0,,3.0,20.8,WPA2/3-Enterprise,capable,
2026-10-09 08:16:54,3,L3-019,,,T1,laptop-taqiya,3,WiFi-UB.x,ec:bd:1d:af:f6:70,2412,1,2.4,20,-70.0,,3.0,20.8,WPA2/3-Enterprise,no,
2026-10-09 08:16:54,3,L3-019,,,T1,laptop-taqiya,3,FILKOM EVENT,e8:10:98:82:05:a3,5785,157,5.0,40,-65.0,,,,WPA2-Personal,no,
2026-10-09 08:16:54,3,L3-019,,,T1,laptop-taqiya,3,eduroam,e8:10:98:82:05:a2,5785,157,5.0,40,-65.0,,,,WPA2/3-Enterprise,no,
2026-10-09 08:16:54,3,L3-019,,,T1,laptop-taqiya,3,im’s phone,7e:64:24:c9:8d:df,5785,157,5.0,20,-71.0,,,,WPA2/WPA3-Personal,capable,
2026-10-09 08:16:54,3,L3-019,,,T1,laptop-taqiya,3,WiFi-FILKOM,e8:10:98:82:05:a1,5785,157,5.0,40,-64.0,,,,WPA2/3-Enterprise,no,
2026-10-09 08:16:54,3,L3-019,,,T1,laptop-taqiya,3,WiFi-UB.x,e8:10:98:82:05:a0,5785,157,5.0,40,-65.0,,,,WPA2/3-Enterprise,no,
2026-10-09 08:16:54,3,L3-019,,,T1,laptop-taqiya,3,WiFi-UB.x,e8:10:98:82:0b:40,5745,149,5.0,40,-86.0,,,,WPA2/3-Enterprise,no,
2026-10-09 08:16:54,3,L3-019,,,T1,laptop-taqiya,3,DIRECT-WELAPTOP-VAI3VGMOmsvP,be:d2:2c:df:11:14,5745,149,5.0,20,-86.0,,,,WPA2-Personal,no,
2026-10-09 08:16:54,3,L3-019,,,T1,laptop-taqiya,3,aldo kipan,b2:35:16:15:9f:dc,2412,1,2.4,20,-77.0,,,,WPA2-Personal,no,
2026-10-09 08:16:54,3,L3-019,,,T1,laptop-taqiya,3,FILKOM EVENT,ec:bd:1d:af:f6:73,2412,1,2.4,20,-77.0,,3.0,20.8,WPA2-Personal,no,
2026-10-09 08:16:54,3,L3-019,,,T1,laptop-taqiya,3,FILKOM EVENT,54:d7:e3:42:42:c3,2412,1,2.4,20,-50.0,,,,WPA2-Personal,no,
2026-10-09 08:16:54,3,L3-019,,,T1,laptop-taqiya,3,eduroam,54:d7:e3:42:42:c2,2412,1,2.4,20,-50.0,,,,WPA2/3-Enterprise,no,
2026-10-09 08:16:54,3,L3-019,,,T1,laptop-taqiya,3,WiFi-FILKOM,54:d7:e3:42:42:c1,2412,1,2.4,20,-50.0,,,,WPA2/3-Enterprise,no,
2026-10-09 08:18:13,3,L3-020,,,T1,laptop-taqiya,1,WiFi-UB.x,54:d7:e3:42:42:d0,5260,52,5.0,40,-55.0,,,,WPA2/3-Enterprise,no,
2026-10-09 08:18:13,3,L3-020,,,T1,laptop-taqiya,1,Unite Plaechere,42:3d:77:b0:7e:9e,2462,11,2.4,20,-86.0,,,,WPA2-Personal,no,
2026-10-09 08:18:13,3,L3-020,,,T1,laptop-taqiya,1,WiFi-UB.x,a0:3d:6f:8f:92:20,2462,11,2.4,20,-78.0,,10.0,2.0,WPA2/3-Enterprise,no,
2026-10-09 08:18:13,3,L3-020,,,T1,laptop-taqiya,1,Kfkfkfm,46:d9:d2:ca:4f:5a,2437,6,2.4,20,-85.0,,,,WPA2-Personal,no,
2026-10-09 08:18:13,3,L3-020,,,T1,laptop-taqiya,1,Xiaomi 12T,aa:e0:aa:9c:66:21,2437,6,2.4,20,-86.0,,,,WPA2-Personal,no,
2026-10-09 08:18:13,3,L3-020,,,T1,laptop-taqiya,1,eduroam,04:62:73:09:a4:d2,2437,6,2.4,20,-82.0,,9.0,34.1,WPA2/3-Enterprise,capable,
2026-10-09 08:18:13,3,L3-020,,,T1,laptop-taqiya,1,FILKOM EVENT,e8:10:98:82:05:93,2437,6,2.4,20,-63.0,,,,WPA2-Personal,no,
2026-10-09 08:18:13,3,L3-020,,,T1,laptop-taqiya,1,eduroam,e8:10:98:82:05:92,2437,6,2.4,20,-65.0,,,,WPA2/3-Enterprise,no,
2026-10-09 08:18:13,3,L3-020,,,T1,laptop-taqiya,1,WiFi-FILKOM,e8:10:98:82:05:91,2437,6,2.4,20,-66.0,,,,WPA2/3-Enterprise,no,
2026-10-09 08:18:13,3,L3-020,,,T1,laptop-taqiya,1,ammar,e2:16:a3:63:e7:d4,2437,6,2.4,20,-82.0,,,,WPA2-Personal,no,
2026-10-09 08:18:13,3,L3-020,,,T1,laptop-taqiya,1,"To you, in 2000 Years",0a:a1:11:53:7a:6e,2437,6,2.4,20,-75.0,,,,WPA2-Personal,no,
2026-10-09 08:18:13,3,L3-020,,,T1,laptop-taqiya,1,WiFi-UB.x,e8:10:98:82:05:90,2437,6,2.4,20,-65.0,,,,WPA2/3-Enterprise,no,
2026-10-09 08:18:13,3,L3-020,,,T1,laptop-taqiya,1,WiFi-UB.x,04:62:73:09:a4:d0,2437,6,2.4,20,-65.0,,9.0,34.1,WPA2/3-Enterprise,no,
2026-10-09 08:18:13,3,L3-020,,,T1,laptop-taqiya,1,Redmi 10C,4e:78:64:e6:2c:5c,2432,5,2.4,20,-79.0,,,,WPA2-Personal,no,
2026-10-09 08:18:13,3,L3-020,,,T1,laptop-taqiya,1,,d8:e8:44:74:ea:a3,2427,4,2.4,20,-87.0,,0.0,0.4,WPA2-Personal,no,
2026-10-09 08:18:13,3,L3-020,,,T1,laptop-taqiya,1,eduroam,0e:b8:e6:d9:b0:55,2412,1,2.4,20,-84.0,,,,WPA2/3-Enterprise,no,
2026-10-09 08:18:13,3,L3-020,,,T1,laptop-taqiya,1,eduroam,ec:bd:1d:af:f6:72,2412,1,2.4,20,-78.0,,2.0,18.4,WPA2/3-Enterprise,capable,
2026-10-09 08:18:13,3,L3-020,,,T1,laptop-taqiya,1,nishimura,a6:ac:7b:7a:ad:b8,2412,1,2.4,20,-79.0,,,,WPA2/WPA3-Personal,capable,
2026-10-09 08:18:13,3,L3-020,,,T1,laptop-taqiya,1,FILKOM EVENT,c0:c7:0a:58:3a:a2,2412,1,2.4,20,-76.0,,1.0,15.7,WPA2-Personal,capable,
2026-10-09 08:18:13,3,L3-020,,,T1,laptop-taqiya,1,WiFi-UB.x,c0:c7:0a:58:3a:a1,2412,1,2.4,20,-75.0,,0.0,15.7,WPA2/3-Enterprise,capable,
2026-10-09 08:18:13,3,L3-020,,,T1,laptop-taqiya,1,eduroam,c0:c7:0a:58:3a:a0,2412,1,2.4,20,-75.0,,1.0,15.7,WPA2/3-Enterprise,capable,
2026-10-09 08:18:13,3,L3-020,,,T1,laptop-taqiya,1,FILKOM EVENT,54:d7:e3:42:42:c3,2412,1,2.4,20,-60.0,,,,WPA2-Personal,no,
2026-10-09 08:18:13,3,L3-020,,,T1,laptop-taqiya,1,eduroam,54:d7:e3:42:42:c2,2412,1,2.4,20,-60.0,,,,WPA2/3-Enterprise,no,
2026-10-09 08:18:13,3,L3-020,,,T1,laptop-taqiya,1,WiFi-FILKOM,54:d7:e3:42:42:c1,2412,1,2.4,20,-68.0,,,,WPA2/3-Enterprise,no,
2026-10-09 08:18:13,3,L3-020,,,T1,laptop-taqiya,1,WiFi-UB.x,54:d7:e3:42:42:c0,2412,1,2.4,20,-64.0,,,,WPA2/3-Enterprise,no,
2026-10-09 08:18:13,3,L3-020,,,T1,laptop-taqiya,1,FILKOM EVENT,fc:7f:f1:dd:53:33,5320,64,5.0,40,-78.0,,,,WPA2-Personal,no,
2026-10-09 08:18:13,3,L3-020,,,T1,laptop-taqiya,1,eduroam,fc:7f:f1:dd:53:32,5320,64,5.0,40,-78.0,,,,WPA2/3-Enterprise,no,
2026-10-09 08:18:13,3,L3-020,,,T1,laptop-taqiya,1,WiFi-FILKOM,fc:7f:f1:dd:53:31,5320,64,5.0,40,-78.0,,,,WPA2/3-Enterprise,no,
2026-10-09 08:18:13,3,L3-020,,,T1,laptop-taqiya,1,WiFi-UB.x,fc:7f:f1:dd:53:30,5320,64,5.0,40,-79.0,,,,WPA2/3-Enterprise,no,
2026-10-09 08:18:13,3,L3-020,,,T1,laptop-taqiya,1,FILKOM EVENT,e8:10:98:82:05:a3,5785,157,5.0,40,-59.0,,,,WPA2-Personal,no,
2026-10-09 08:18:13,3,L3-020,,,T1,laptop-taqiya,1,eduroam,e8:10:98:82:05:a2,5785,157,5.0,40,-58.0,,,,WPA2/3-Enterprise,no,
2026-10-09 08:18:13,3,L3-020,,,T1,laptop-taqiya,1,WiFi-FILKOM,e8:10:98:82:05:a1,5785,157,5.0,40,-59.0,,,,WPA2/3-Enterprise,no,
2026-10-09 08:18:13,3,L3-020,,,T1,laptop-taqiya,1,WiFi-UB.x,e8:10:98:82:05:a0,5785,157,5.0,40,-58.0,,,,WPA2/3-Enterprise,no,
2026-10-09 08:18:13,3,L3-020,,,T1,laptop-taqiya,1,im’s phone,7e:64:24:c9:8d:df,5785,157,5.0,20,-67.0,,,,WPA2/WPA3-Personal,capable,
2026-10-09 08:18:13,3,L3-020,,,T1,laptop-taqiya,1,FILKOM EVENT,ec:bd:1d:af:f6:7c,5745,149,5.0,20,-83.0,,3.0,1.2,WPA2-Personal,no,
2026-10-09 08:18:13,3,L3-020,,,T1,laptop-taqiya,1,FILKOM EVENT,e8:10:98:82:0b:43,5745,149,5.0,40,-74.0,,,,WPA2-Personal,no,
2026-10-09 08:18:13,3,L3-020,,,T1,laptop-taqiya,1,eduroam,e8:10:98:82:0b:42,5745,149,5.0,40,-73.0,,,,WPA2/3-Enterprise,no,
2026-10-09 08:18:13,3,L3-020,,,T1,laptop-taqiya,1,WiFi-FILKOM,e8:10:98:82:0b:41,5745,149,5.0,40,-73.0,,,,WPA2/3-Enterprise,no,
2026-10-09 08:18:13,3,L3-020,,,T1,laptop-taqiya,1,WiFi-UB.x,e8:10:98:82:0b:40,5745,149,5.0,40,-74.0,,,,WPA2/3-Enterprise,no,
2026-10-09 08:18:13,3,L3-020,,,T1,laptop-taqiya,1,DIRECT-WELAPTOP-VAI3VGMOmsvP,be:d2:2c:df:11:14,5745,149,5.0,20,-84.0,,,,WPA2-Personal,no,
2026-10-09 08:18:13,3,L3-020,,,T1,laptop-taqiya,1,WiFi-UB.x,28:b3:71:93:a0:fc,5240,48,5.0,20,-86.0,,1.0,0.8,WPA2/3-Enterprise,capable,
2026-10-09 08:18:13,3,L3-020,,,T1,laptop-taqiya,1,FILKOM EVENT,e8:10:98:82:0b:23,5240,48,5.0,40,-80.0,,,,WPA2-Personal,no,
2026-10-09 08:18:13,3,L3-020,,,T1,laptop-taqiya,1,eduroam,e8:10:98:82:0b:22,5240,48,5.0,40,-80.0,,,,WPA2/3-Enterprise,no,
2026-10-09 08:18:13,3,L3-020,,,T1,laptop-taqiya,1,WiFi-FILKOM,e8:10:98:82:0b:21,5240,48,5.0,40,-80.0,,,,WPA2/3-Enterprise,no,
2026-10-09 08:18:13,3,L3-020,,,T1,laptop-taqiya,1,lkjgfd,3e:c4:7f:30:14:49,5240,48,5.0,40,-84.0,,,,WPA2-Personal,no,
2026-10-09 08:18:13,3,L3-020,,,T1,laptop-taqiya,1,WiFi-UB.x,e8:10:98:82:0b:20,5240,48,5.0,40,-80.0,,,,WPA2/3-Enterprise,no,
2026-10-09 08:18:13,3,L3-020,,,T1,laptop-taqiya,1,FILKOM EVENT,54:d7:e3:42:42:d3,5260,52,5.0,40,-55.0,,,,WPA2-Personal,no,
2026-10-09 08:18:13,3,L3-020,,,T1,laptop-taqiya,1,eduroam,54:d7:e3:42:42:d2,5260,52,5.0,40,-55.0,,,,WPA2/3-Enterprise,no,
2026-10-09 08:18:13,3,L3-020,,,T1,laptop-taqiya,1,WiFi-FILKOM,54:d7:e3:42:42:d1,5260,52,5.0,40,-58.0,,,,WPA2/3-Enterprise,no,
2026-10-09 08:18:13,3,L3-020,,,T1,laptop-taqiya,1,FILKOM EVENT,c0:c7:0a:98:3a:a2,5180,36,5.0,20,-85.0,,1.0,5.9,WPA2-Personal,capable,
2026-10-09 08:18:13,3,L3-020,,,T1,laptop-taqiya,1,WiFi-UB.x,c0:c7:0a:98:3a:a1,5180,36,5.0,20,-84.0,,7.0,5.9,WPA2/3-Enterprise,capable,
2026-10-09 08:18:13,3,L3-020,,,T1,laptop-taqiya,1,eduroam,c0:c7:0a:98:3a:a0,5180,36,5.0,20,-84.0,,0.0,5.9,WPA2/3-Enterprise,capable,
2026-10-09 08:18:22,3,L3-020,,,T1,laptop-taqiya,2,WiFi-UB.x,54:d7:e3:42:42:d0,5260,52,5.0,40,-57.0,,,,WPA2/3-Enterprise,no,
2026-10-09 08:18:22,3,L3-020,,,T1,laptop-taqiya,2,iPhone (2),ba:52:1a:fe:b4:8c,2437,6,2.4,20,-85.0,,,,WPA2-Personal,no,
2026-10-09 08:18:22,3,L3-020,,,T1,laptop-taqiya,2,"To you, in 2000 Years",0a:a1:11:53:7a:6e,2437,6,2.4,20,-82.0,,,,WPA2-Personal,no,
2026-10-09 08:18:22,3,L3-020,,,T1,laptop-taqiya,2,echa,5a:0a:10:1a:1c:cc,2437,6,2.4,20,-88.0,,,,WPA2-Personal,no,
2026-10-09 08:18:22,3,L3-020,,,T1,laptop-taqiya,2,FILKOM EVENT,e8:10:98:82:05:93,2437,6,2.4,20,-67.0,,,,WPA2-Personal,no,
2026-10-09 08:18:22,3,L3-020,,,T1,laptop-taqiya,2,Xiaomi 12T,aa:e0:aa:9c:66:21,2437,6,2.4,20,-84.0,,,,WPA2-Personal,no,
2026-10-09 08:18:22,3,L3-020,,,T1,laptop-taqiya,2,eduroam,e8:10:98:82:05:92,2437,6,2.4,20,-63.0,,,,WPA2/3-Enterprise,no,
2026-10-09 08:18:22,3,L3-020,,,T1,laptop-taqiya,2,ammar,e2:16:a3:63:e7:d4,2437,6,2.4,20,-79.0,,,,WPA2-Personal,no,
2026-10-09 08:18:22,3,L3-020,,,T1,laptop-taqiya,2,WiFi-FILKOM,e8:10:98:82:05:91,2437,6,2.4,20,-63.0,,,,WPA2/3-Enterprise,no,
2026-10-09 08:18:22,3,L3-020,,,T1,laptop-taqiya,2,WiFi-UB.x,e8:10:98:82:05:90,2437,6,2.4,20,-64.0,,,,WPA2/3-Enterprise,no,
2026-10-09 08:18:22,3,L3-020,,,T1,laptop-taqiya,2,🩷🩷🩷,76:11:0d:59:58:56,2437,6,2.4,20,-84.0,,,,WPA2-Personal,no,
2026-10-09 08:18:22,3,L3-020,,,T1,laptop-taqiya,2,Riko,ca:85:f1:86:0a:04,2412,1,2.4,20,-79.0,,,,WPA2-Personal,no,
2026-10-09 08:18:22,3,L3-020,,,T1,laptop-taqiya,2,nishimura,a6:ac:7b:7a:ad:b8,2412,1,2.4,20,-74.0,,,,WPA2/WPA3-Personal,capable,
2026-10-09 08:18:22,3,L3-020,,,T1,laptop-taqiya,2,FILKOM EVENT,c0:c7:0a:58:3a:a2,2412,1,2.4,20,-76.0,,1.0,12.2,WPA2-Personal,capable,
2026-10-09 08:18:22,3,L3-020,,,T1,laptop-taqiya,2,FILKOM EVENT,54:d7:e3:42:42:c3,2412,1,2.4,20,-66.0,,,,WPA2-Personal,no,
2026-10-09 08:18:22,3,L3-020,,,T1,laptop-taqiya,2,WiFi-UB.x,c0:c7:0a:58:3a:a1,2412,1,2.4,20,-75.0,,0.0,12.2,WPA2/3-Enterprise,capable,
2026-10-09 08:18:22,3,L3-020,,,T1,laptop-taqiya,2,eduroam,c0:c7:0a:58:3a:a0,2412,1,2.4,20,-75.0,,1.0,12.2,WPA2/3-Enterprise,capable,
2026-10-09 08:18:22,3,L3-020,,,T1,laptop-taqiya,2,eduroam,54:d7:e3:42:42:c2,2412,1,2.4,20,-59.0,,,,WPA2/3-Enterprise,no,
2026-10-09 08:18:22,3,L3-020,,,T1,laptop-taqiya,2,WiFi-FILKOM,54:d7:e3:42:42:c1,2412,1,2.4,20,-58.0,,,,WPA2/3-Enterprise,no,
2026-10-09 08:18:22,3,L3-020,,,T1,laptop-taqiya,2,WiFi-UB.x,54:d7:e3:42:42:c0,2412,1,2.4,20,-58.0,,,,WPA2/3-Enterprise,no,
2026-10-09 08:18:22,3,L3-020,,,T1,laptop-taqiya,2,eduroam,ec:bd:1d:af:f6:72,2412,1,2.4,20,-78.0,,2.0,15.7,WPA2/3-Enterprise,capable,
2026-10-09 08:18:22,3,L3-020,,,T1,laptop-taqiya,2,aldo kipan,b2:35:16:15:9f:dc,2412,1,2.4,20,-78.0,,,,WPA2-Personal,no,
2026-10-09 08:18:22,3,L3-020,,,T1,laptop-taqiya,2,WiFi-FILKOM,54:d7:e3:42:42:d1,5260,52,5.0,40,-55.0,,,,WPA2/3-Enterprise,no,
2026-10-09 08:18:22,3,L3-020,,,T1,laptop-taqiya,2,FILKOM EVENT,54:d7:e3:42:42:d3,5260,52,5.0,40,-55.0,,,,WPA2-Personal,no,
2026-10-09 08:18:22,3,L3-020,,,T1,laptop-taqiya,2,eduroam,54:d7:e3:42:42:d2,5260,52,5.0,40,-54.0,,,,WPA2/3-Enterprise,no,
2026-10-09 08:18:22,3,L3-020,,,T1,laptop-taqiya,2,FILKOM EVENT,e8:10:98:82:05:a3,5785,157,5.0,40,-58.0,,,,WPA2-Personal,no,
2026-10-09 08:18:22,3,L3-020,,,T1,laptop-taqiya,2,eduroam,e8:10:98:82:05:a2,5785,157,5.0,40,-59.0,,,,WPA2/3-Enterprise,no,
2026-10-09 08:18:22,3,L3-020,,,T1,laptop-taqiya,2,im’s phone,7e:64:24:c9:8d:df,5785,157,5.0,20,-77.0,,,,WPA2/WPA3-Personal,capable,
2026-10-09 08:18:22,3,L3-020,,,T1,laptop-taqiya,2,WiFi-FILKOM,e8:10:98:82:05:a1,5785,157,5.0,40,-58.0,,,,WPA2/3-Enterprise,no,
2026-10-09 08:18:22,3,L3-020,,,T1,laptop-taqiya,2,WiFi-UB.x,e8:10:98:82:05:a0,5785,157,5.0,40,-58.0,,,,WPA2/3-Enterprise,no,
2026-10-09 08:18:22,3,L3-020,,,T1,laptop-taqiya,2,FILKOM EVENT,ec:bd:1d:af:f6:7c,5745,149,5.0,20,-82.0,,2.0,0.8,WPA2-Personal,no,
2026-10-09 08:18:22,3,L3-020,,,T1,laptop-taqiya,2,FILKOM EVENT,e8:10:98:82:0b:43,5745,149,5.0,40,-77.0,,,,WPA2-Personal,no,
2026-10-09 08:18:22,3,L3-020,,,T1,laptop-taqiya,2,eduroam,e8:10:98:82:0b:42,5745,149,5.0,40,-77.0,,,,WPA2/3-Enterprise,no,
2026-10-09 08:18:22,3,L3-020,,,T1,laptop-taqiya,2,WiFi-FILKOM,e8:10:98:82:0b:41,5745,149,5.0,40,-75.0,,,,WPA2/3-Enterprise,no,
2026-10-09 08:18:22,3,L3-020,,,T1,laptop-taqiya,2,Samsung S25 Ultra,e2:82:61:7d:8d:ae,5745,149,5.0,80,-88.0,,,,WPA2/WPA3-Personal,capable,
2026-10-09 08:18:22,3,L3-020,,,T1,laptop-taqiya,2,WiFi-UB.x,e8:10:98:82:0b:40,5745,149,5.0,40,-75.0,,,,WPA2/3-Enterprise,no,
2026-10-09 08:18:22,3,L3-020,,,T1,laptop-taqiya,2,WiFi-UB.x,c0:c7:0a:98:3a:a1,5180,36,5.0,20,-83.0,,7.0,10.2,WPA2/3-Enterprise,capable,
2026-10-09 08:18:22,3,L3-020,,,T1,laptop-taqiya,2,FILKOM EVENT,c0:c7:0a:98:3a:a2,5180,36,5.0,20,-83.0,,1.0,10.2,WPA2-Personal,capable,
2026-10-09 08:18:22,3,L3-020,,,T1,laptop-taqiya,2,eduroam,c0:c7:0a:98:3a:a0,5180,36,5.0,20,-82.0,,0.0,10.2,WPA2/3-Enterprise,capable,
2026-10-09 08:18:31,3,L3-020,,,T1,laptop-taqiya,3,WiFi-UB.x,54:d7:e3:42:42:d0,5260,52,5.0,40,-55.0,,,,WPA2/3-Enterprise,no,
2026-10-09 08:18:31,3,L3-020,,,T1,laptop-taqiya,3,FILKOM EVENT,e8:10:98:82:05:93,2437,6,2.4,20,-65.0,,,,WPA2-Personal,no,
2026-10-09 08:18:31,3,L3-020,,,T1,laptop-taqiya,3,eduroam,e8:10:98:82:05:92,2437,6,2.4,20,-65.0,,,,WPA2/3-Enterprise,no,
2026-10-09 08:18:31,3,L3-020,,,T1,laptop-taqiya,3,Xiaomi 12T,aa:e0:aa:9c:66:21,2437,6,2.4,20,-81.0,,,,WPA2-Personal,no,
2026-10-09 08:18:31,3,L3-020,,,T1,laptop-taqiya,3,ammar,e2:16:a3:63:e7:d4,2437,6,2.4,20,-82.0,,,,WPA2-Personal,no,
2026-10-09 08:18:31,3,L3-020,,,T1,laptop-taqiya,3,WiFi-FILKOM,e8:10:98:82:05:91,2437,6,2.4,20,-63.0,,,,WPA2/3-Enterprise,no,
2026-10-09 08:18:31,3,L3-020,,,T1,laptop-taqiya,3,WiFi-UB.x,e8:10:98:82:05:90,2437,6,2.4,20,-64.0,,,,WPA2/3-Enterprise,no,
2026-10-09 08:18:31,3,L3-020,,,T1,laptop-taqiya,3,"To you, in 2000 Years",0a:a1:11:53:7a:6e,2437,6,2.4,20,-79.0,,,,WPA2-Personal,no,
2026-10-09 08:18:31,3,L3-020,,,T1,laptop-taqiya,3,🩷🩷🩷,76:11:0d:59:58:56,2437,6,2.4,20,-78.0,,,,WPA2-Personal,no,
2026-10-09 08:18:31,3,L3-020,,,T1,laptop-taqiya,3,Redmi 10C,4e:78:64:e6:2c:5c,2432,5,2.4,20,-78.0,,,,WPA2-Personal,no,
2026-10-09 08:18:31,3,L3-020,,,T1,laptop-taqiya,3,Recover.Me-184350,c0:c7:0a:58:43:5f,2412,1,2.4,20,-68.0,,0.0,38.8,WPA2-Personal,no,
2026-10-09 08:18:31,3,L3-020,,,T1,laptop-taqiya,3,WiFi-FILKOM,54:d7:e3:42:42:c1,2412,1,2.4,20,-66.0,,,,WPA2/3-Enterprise,no,
2026-10-09 08:18:31,3,L3-020,,,T1,laptop-taqiya,3,FILKOM EVENT,54:d7:e3:42:42:c3,2412,1,2.4,20,-66.0,,,,WPA2-Personal,no,
2026-10-09 08:18:31,3,L3-020,,,T1,laptop-taqiya,3,eduroam,54:d7:e3:42:42:c2,2412,1,2.4,20,-66.0,,,,WPA2/3-Enterprise,no,
2026-10-09 08:18:31,3,L3-020,,,T1,laptop-taqiya,3,WiFi-UB.x,54:d7:e3:42:42:c0,2412,1,2.4,20,-59.0,,,,WPA2/3-Enterprise,no,
2026-10-09 08:18:31,3,L3-020,,,T1,laptop-taqiya,3,FILKOM EVENT,fc:7f:f1:dd:53:33,5320,64,5.0,40,-69.0,,,,WPA2-Personal,no,
2026-10-09 08:18:31,3,L3-020,,,T1,laptop-taqiya,3,eduroam,fc:7f:f1:dd:53:32,5320,64,5.0,40,-70.0,,,,WPA2/3-Enterprise,no,
2026-10-09 08:18:31,3,L3-020,,,T1,laptop-taqiya,3,WiFi-FILKOM,fc:7f:f1:dd:53:31,5320,64,5.0,40,-70.0,,,,WPA2/3-Enterprise,no,
2026-10-09 08:18:31,3,L3-020,,,T1,laptop-taqiya,3,WiFi-UB.x,fc:7f:f1:dd:53:30,5320,64,5.0,40,-70.0,,,,WPA2/3-Enterprise,no,
2026-10-09 08:18:31,3,L3-020,,,T1,laptop-taqiya,3,FILKOM EVENT,e8:10:98:82:05:a3,5785,157,5.0,40,-56.0,,,,WPA2-Personal,no,
2026-10-09 08:18:31,3,L3-020,,,T1,laptop-taqiya,3,eduroam,e8:10:98:82:05:a2,5785,157,5.0,40,-58.0,,,,WPA2/3-Enterprise,no,
2026-10-09 08:18:31,3,L3-020,,,T1,laptop-taqiya,3,im’s phone,7e:64:24:c9:8d:df,5785,157,5.0,20,-78.0,,,,WPA2/WPA3-Personal,capable,
2026-10-09 08:18:31,3,L3-020,,,T1,laptop-taqiya,3,WiFi-FILKOM,e8:10:98:82:05:a1,5785,157,5.0,40,-57.0,,,,WPA2/3-Enterprise,no,
2026-10-09 08:18:31,3,L3-020,,,T1,laptop-taqiya,3,WiFi-UB.x,e8:10:98:82:05:a0,5785,157,5.0,40,-57.0,,,,WPA2/3-Enterprise,no,
2026-10-09 08:18:31,3,L3-020,,,T1,laptop-taqiya,3,FILKOM EVENT,e8:10:98:82:0b:43,5745,149,5.0,40,-71.0,,,,WPA2-Personal,no,
2026-10-09 08:18:31,3,L3-020,,,T1,laptop-taqiya,3,eduroam,e8:10:98:82:0b:42,5745,149,5.0,40,-73.0,,,,WPA2/3-Enterprise,no,
2026-10-09 08:18:31,3,L3-020,,,T1,laptop-taqiya,3,WiFi-FILKOM,e8:10:98:82:0b:41,5745,149,5.0,40,-73.0,,,,WPA2/3-Enterprise,no,
2026-10-09 08:18:31,3,L3-020,,,T1,laptop-taqiya,3,Samsung S25 Ultra,e2:82:61:7d:8d:ae,5745,149,5.0,80,-86.0,,,,WPA2/WPA3-Personal,capable,
2026-10-09 08:18:31,3,L3-020,,,T1,laptop-taqiya,3,WiFi-UB.x,e8:10:98:82:0b:40,5745,149,5.0,40,-73.0,,,,WPA2/3-Enterprise,no,
2026-10-09 08:18:31,3,L3-020,,,T1,laptop-taqiya,3,WiFi-UB.x,28:b3:71:93:a0:fc,5240,48,5.0,20,-85.0,,1.0,2.0,WPA2/3-Enterprise,capable,
2026-10-09 08:18:31,3,L3-020,,,T1,laptop-taqiya,3,FILKOM EVENT,28:b3:71:53:a0:fc,5240,48,5.0,20,-85.0,,1.0,2.0,WPA2-Personal,capable,
2026-10-09 08:18:31,3,L3-020,,,T1,laptop-taqiya,3,eduroam,28:b3:71:13:a0:fc,5240,48,5.0,20,-84.0,,0.0,2.0,WPA2/3-Enterprise,capable,
2026-10-09 08:18:31,3,L3-020,,,T1,laptop-taqiya,3,WiFi-UB.x,e8:10:98:82:0b:20,5240,48,5.0,40,-82.0,,,,WPA2/3-Enterprise,no,
2026-10-09 08:18:31,3,L3-020,,,T1,laptop-taqiya,3,FILKOM EVENT,e8:10:98:82:0b:23,5240,48,5.0,40,-81.0,,,,WPA2-Personal,no,
2026-10-09 08:18:31,3,L3-020,,,T1,laptop-taqiya,3,eduroam,e8:10:98:82:0b:22,5240,48,5.0,40,-81.0,,,,WPA2/3-Enterprise,no,
2026-10-09 08:18:31,3,L3-020,,,T1,laptop-taqiya,3,WiFi-FILKOM,e8:10:98:82:0b:21,5240,48,5.0,40,-82.0,,,,WPA2/3-Enterprise,no,
2026-10-09 08:18:31,3,L3-020,,,T1,laptop-taqiya,3,lkjgfd,3e:c4:7f:30:14:49,5240,48,5.0,40,-87.0,,,,WPA2-Personal,no,
2026-10-09 08:18:31,3,L3-020,,,T1,laptop-taqiya,3,FILKOM EVENT,54:d7:e3:42:42:d3,5260,52,5.0,40,-52.0,,,,WPA2-Personal,no,
2026-10-09 08:18:31,3,L3-020,,,T1,laptop-taqiya,3,eduroam,54:d7:e3:42:42:d2,5260,52,5.0,40,-52.0,,,,WPA2/3-Enterprise,no,
2026-10-09 08:18:31,3,L3-020,,,T1,laptop-taqiya,3,WiFi-FILKOM,54:d7:e3:42:42:d1,5260,52,5.0,40,-52.0,,,,WPA2/3-Enterprise,no,
2026-10-09 08:18:31,3,L3-020,,,T1,laptop-taqiya,3,WiFi-UB.x,c0:c7:0a:98:3a:a1,5180,36,5.0,20,-85.0,,7.0,6.3,WPA2/3-Enterprise,capable,
2026-10-09 08:18:31,3,L3-020,,,T1,laptop-taqiya,3,eduroam,c0:c7:0a:98:3a:a0,5180,36,5.0,20,-85.0,,0.0,6.3,WPA2/3-Enterprise,capable,
2026-10-09 08:21:35,3,L3-017,,,T1,laptop-taqiya,1,WiFi-UB.x,fc:7f:f1:dd:53:30,5320,64,5.0,40,-64.0,,,,WPA2/3-Enterprise,no,
2026-10-09 08:21:35,3,L3-017,,,T1,laptop-taqiya,1,WiFi-UB.x,54:d7:e3:42:42:c0,2412,1,2.4,20,-75.0,,,,WPA2/3-Enterprise,no,
2026-10-09 08:21:35,3,L3-017,,,T1,laptop-taqiya,1,FILKOM EVENT,54:d7:e3:42:42:d3,5260,52,5.0,40,-65.0,,,,WPA2-Personal,no,
2026-10-09 08:21:35,3,L3-017,,,T1,laptop-taqiya,1,eduroam,54:d7:e3:42:42:d2,5260,52,5.0,40,-68.0,,,,WPA2/3-Enterprise,no,
2026-10-09 08:21:35,3,L3-017,,,T1,laptop-taqiya,1,WiFi-FILKOM,54:d7:e3:42:42:d1,5260,52,5.0,40,-68.0,,,,WPA2/3-Enterprise,no,
2026-10-09 08:21:35,3,L3-017,,,T1,laptop-taqiya,1,WiFi-UB.x,54:d7:e3:42:42:d0,5260,52,5.0,40,-66.0,,,,WPA2/3-Enterprise,no,
2026-10-09 08:21:35,3,L3-017,,,T1,laptop-taqiya,1,FILKOM EVENT,fc:7f:f1:dd:53:33,5320,64,5.0,40,-64.0,,,,WPA2-Personal,no,
2026-10-09 08:21:35,3,L3-017,,,T1,laptop-taqiya,1,eduroam,fc:7f:f1:dd:53:32,5320,64,5.0,40,-66.0,,,,WPA2/3-Enterprise,no,
2026-10-09 08:21:35,3,L3-017,,,T1,laptop-taqiya,1,WiFi-FILKOM,fc:7f:f1:dd:53:31,5320,64,5.0,40,-61.0,,,,WPA2/3-Enterprise,no,
2026-10-09 08:21:44,3,L3-017,,,T1,laptop-taqiya,2,WiFi-UB.x,fc:7f:f1:dd:53:30,5320,64,5.0,40,-65.0,,,,WPA2/3-Enterprise,no,
2026-10-09 08:21:44,3,L3-017,,,T1,laptop-taqiya,2,eduroam,54:d7:e3:42:42:c2,2412,1,2.4,20,-72.0,,,,WPA2/3-Enterprise,no,
2026-10-09 08:21:44,3,L3-017,,,T1,laptop-taqiya,2,WiFi-UB.x,54:d7:e3:42:42:c0,2412,1,2.4,20,-73.0,,,,WPA2/3-Enterprise,no,
2026-10-09 08:21:44,3,L3-017,,,T1,laptop-taqiya,2,FILKOM EVENT,54:d7:e3:42:42:d3,5260,52,5.0,40,-63.0,,,,WPA2-Personal,no,
2026-10-09 08:21:44,3,L3-017,,,T1,laptop-taqiya,2,eduroam,54:d7:e3:42:42:d2,5260,52,5.0,40,-64.0,,,,WPA2/3-Enterprise,no,
2026-10-09 08:21:44,3,L3-017,,,T1,laptop-taqiya,2,WiFi-FILKOM,54:d7:e3:42:42:d1,5260,52,5.0,40,-62.0,,,,WPA2/3-Enterprise,no,
2026-10-09 08:21:44,3,L3-017,,,T1,laptop-taqiya,2,WiFi-UB.x,54:d7:e3:42:42:d0,5260,52,5.0,40,-63.0,,,,WPA2/3-Enterprise,no,
2026-10-09 08:21:44,3,L3-017,,,T1,laptop-taqiya,2,FILKOM EVENT,fc:7f:f1:dd:53:33,5320,64,5.0,40,-64.0,,,,WPA2-Personal,no,
2026-10-09 08:21:44,3,L3-017,,,T1,laptop-taqiya,2,eduroam,fc:7f:f1:dd:53:32,5320,64,5.0,40,-64.0,,,,WPA2/3-Enterprise,no,
2026-10-09 08:21:44,3,L3-017,,,T1,laptop-taqiya,2,WiFi-FILKOM,fc:7f:f1:dd:53:31,5320,64,5.0,40,-64.0,,,,WPA2/3-Enterprise,no,
2026-10-09 08:21:53,3,L3-017,,,T1,laptop-taqiya,3,WiFi-UB.x,fc:7f:f1:dd:53:30,5320,64,5.0,40,-60.0,,,,WPA2/3-Enterprise,no,
2026-10-09 08:21:53,3,L3-017,,,T1,laptop-taqiya,3,eduroam,54:d7:e3:42:42:c2,2412,1,2.4,20,-70.0,,,,WPA2/3-Enterprise,no,
2026-10-09 08:21:53,3,L3-017,,,T1,laptop-taqiya,3,WiFi-FILKOM,54:d7:e3:42:42:c1,2412,1,2.4,20,-70.0,,,,WPA2/3-Enterprise,no,
2026-10-09 08:21:53,3,L3-017,,,T1,laptop-taqiya,3,WiFi-UB.x,54:d7:e3:42:42:c0,2412,1,2.4,20,-70.0,,,,WPA2/3-Enterprise,no,
2026-10-09 08:21:53,3,L3-017,,,T1,laptop-taqiya,3,FILKOM EVENT,fc:7f:f1:dd:53:33,5320,64,5.0,40,-64.0,,,,WPA2-Personal,no,
2026-10-09 08:21:53,3,L3-017,,,T1,laptop-taqiya,3,eduroam,fc:7f:f1:dd:53:32,5320,64,5.0,40,-63.0,,,,WPA2/3-Enterprise,no,
2026-10-09 08:21:53,3,L3-017,,,T1,laptop-taqiya,3,WiFi-FILKOM,fc:7f:f1:dd:53:31,5320,64,5.0,40,-63.0,,,,WPA2/3-Enterprise,no,
2026-10-09 08:21:53,3,L3-017,,,T1,laptop-taqiya,3,eduroam,c0:c7:0a:98:3a:50,5240,48,5.0,20,-77.0,,4.0,6.7,WPA2/3-Enterprise,capable,
2026-10-09 08:25:10,3,L3-018,,,T1,laptop-taqiya,1,FILKOM EVENT,fc:7f:f1:dd:53:23,2462,11,2.4,20,-77.0,,,,WPA2-Personal,no,
2026-10-09 08:25:10,3,L3-018,,,T1,laptop-taqiya,1,eduroam,fc:7f:f1:dd:53:22,2462,11,2.4,20,-78.0,,,,WPA2/3-Enterprise,no,
2026-10-09 08:25:10,3,L3-018,,,T1,laptop-taqiya,1,WiFi-FILKOM,fc:7f:f1:dd:53:21,2462,11,2.4,20,-78.0,,,,WPA2/3-Enterprise,no,
2026-10-09 08:25:10,3,L3-018,,,T1,laptop-taqiya,1,WiFi-UB.x,fc:7f:f1:dd:53:20,2462,11,2.4,20,-77.0,,,,WPA2/3-Enterprise,no,
2026-10-09 08:25:10,3,L3-018,,,T1,laptop-taqiya,1,FILKOM EVENT,a0:3d:6f:8f:92:23,2462,11,2.4,20,-76.0,,4.0,3.9,WPA2-Personal,no,
2026-10-09 08:25:10,3,L3-018,,,T1,laptop-taqiya,1,eduroam,a0:3d:6f:8f:92:22,2462,11,2.4,20,-77.0,,4.0,3.9,WPA2/3-Enterprise,capable,
2026-10-09 08:25:10,3,L3-018,,,T1,laptop-taqiya,1,WiFi-UB.x,a0:3d:6f:8f:92:20,2462,11,2.4,20,-76.0,,4.0,3.9,WPA2/3-Enterprise,no,
2026-10-09 08:25:10,3,L3-018,,,T1,laptop-taqiya,1,WiFi-UB.x,54:d7:e3:42:42:d0,5260,52,5.0,40,-55.0,,,,WPA2/3-Enterprise,no,
2026-10-09 08:25:10,3,L3-018,,,T1,laptop-taqiya,1,WiFi-UB.x,04:62:73:09:a4:d0,2437,6,2.4,20,-80.0,,9.0,48.2,WPA2/3-Enterprise,no,
2026-10-09 08:25:10,3,L3-018,,,T1,laptop-taqiya,1,FILKOM EVENT,e8:10:98:82:05:93,2437,6,2.4,20,-81.0,,,,WPA2-Personal,no,
2026-10-09 08:25:10,3,L3-018,,,T1,laptop-taqiya,1,"To you, in 2000 Years",0a:a1:11:53:7a:6e,2437,6,2.4,20,-83.0,,,,WPA2-Personal,no,
2026-10-09 08:25:10,3,L3-018,,,T1,laptop-taqiya,1,Redmi 10C,4e:78:64:e6:2c:5c,2432,5,2.4,20,-80.0,,,,WPA2-Personal,no,
2026-10-09 08:25:10,3,L3-018,,,T1,laptop-taqiya,1,Recover.Me-184350,c0:c7:0a:58:43:5f,2412,1,2.4,20,-80.0,,0.0,38.4,WPA2-Personal,no,
2026-10-09 08:25:10,3,L3-018,,,T1,laptop-taqiya,1,FILKOM EVENT,ec:bd:1d:af:f6:73,2412,1,2.4,20,-77.0,,2.0,37.3,WPA2-Personal,no,
2026-10-09 08:25:10,3,L3-018,,,T1,laptop-taqiya,1,eduroam,ec:bd:1d:af:f6:72,2412,1,2.4,20,-75.0,,2.0,37.3,WPA2/3-Enterprise,capable,
2026-10-09 08:25:10,3,L3-018,,,T1,laptop-taqiya,1,FILKOM EVENT,54:d7:e3:42:42:c3,2412,1,2.4,20,-62.0,,,,WPA2-Personal,no,
2026-10-09 08:25:10,3,L3-018,,,T1,laptop-taqiya,1,eduroam,54:d7:e3:42:42:c2,2412,1,2.4,20,-62.0,,,,WPA2/3-Enterprise,no,
2026-10-09 08:25:10,3,L3-018,,,T1,laptop-taqiya,1,WiFi-FILKOM,54:d7:e3:42:42:c1,2412,1,2.4,20,-62.0,,,,WPA2/3-Enterprise,no,
2026-10-09 08:25:10,3,L3-018,,,T1,laptop-taqiya,1,WiFi-UB.x,54:d7:e3:42:42:c0,2412,1,2.4,20,-62.0,,,,WPA2/3-Enterprise,no,
2026-10-09 08:25:10,3,L3-018,,,T1,laptop-taqiya,1,FILKOM EVENT,fc:7f:f1:dd:53:33,5320,64,5.0,40,-61.0,,,,WPA2-Personal,no,
2026-10-09 08:25:10,3,L3-018,,,T1,laptop-taqiya,1,eduroam,fc:7f:f1:dd:53:32,5320,64,5.0,40,-62.0,,,,WPA2/3-Enterprise,no,
2026-10-09 08:25:10,3,L3-018,,,T1,laptop-taqiya,1,WiFi-FILKOM,fc:7f:f1:dd:53:31,5320,64,5.0,40,-61.0,,,,WPA2/3-Enterprise,no,
2026-10-09 08:25:10,3,L3-018,,,T1,laptop-taqiya,1,WiFi-UB.x,fc:7f:f1:dd:53:30,5320,64,5.0,40,-62.0,,,,WPA2/3-Enterprise,no,
2026-10-09 08:25:10,3,L3-018,,,T1,laptop-taqiya,1,FILKOM EVENT,e8:10:98:82:05:a3,5785,157,5.0,40,-75.0,,,,WPA2-Personal,no,
2026-10-09 08:25:10,3,L3-018,,,T1,laptop-taqiya,1,eduroam,e8:10:98:82:05:a2,5785,157,5.0,40,-75.0,,,,WPA2/3-Enterprise,no,
2026-10-09 08:25:10,3,L3-018,,,T1,laptop-taqiya,1,WiFi-FILKOM,e8:10:98:82:05:a1,5785,157,5.0,40,-77.0,,,,WPA2/3-Enterprise,no,
2026-10-09 08:25:10,3,L3-018,,,T1,laptop-taqiya,1,WiFi-UB.x,e8:10:98:82:05:a0,5785,157,5.0,40,-75.0,,,,WPA2/3-Enterprise,no,
2026-10-09 08:25:10,3,L3-018,,,T1,laptop-taqiya,1,FILKOM EVENT,c0:c7:0a:98:34:d2,5745,149,5.0,20,-84.0,,1.0,36.1,WPA2-Personal,capable,
2026-10-09 08:25:10,3,L3-018,,,T1,laptop-taqiya,1,WiFi-UB.x,c0:c7:0a:98:34:d1,5745,149,5.0,20,-82.0,,45.0,36.1,WPA2/3-Enterprise,capable,
2026-10-09 08:25:10,3,L3-018,,,T1,laptop-taqiya,1,eduroam,c0:c7:0a:98:34:d0,5745,149,5.0,20,-82.0,,4.0,36.1,WPA2/3-Enterprise,capable,
2026-10-09 08:25:10,3,L3-018,,,T1,laptop-taqiya,1,FILKOM EVENT,54:d7:e3:42:42:d3,5260,52,5.0,40,-54.0,,,,WPA2-Personal,no,
2026-10-09 08:25:10,3,L3-018,,,T1,laptop-taqiya,1,eduroam,54:d7:e3:42:42:d2,5260,52,5.0,40,-54.0,,,,WPA2/3-Enterprise,no,
2026-10-09 08:25:10,3,L3-018,,,T1,laptop-taqiya,1,WiFi-FILKOM,54:d7:e3:42:42:d1,5260,52,5.0,40,-54.0,,,,WPA2/3-Enterprise,no,
2026-10-09 08:25:10,3,L3-018,,,T1,laptop-taqiya,1,WiFi-UB.x,c0:c7:0a:98:3a:52,5240,48,5.0,20,-82.0,,28.0,72.9,WPA2/3-Enterprise,capable,
2026-10-09 08:25:10,3,L3-018,,,T1,laptop-taqiya,1,FILKOM EVENT,c0:c7:0a:98:3a:51,5240,48,5.0,20,-85.0,,1.0,72.9,WPA2-Personal,capable,
2026-10-09 08:25:10,3,L3-018,,,T1,laptop-taqiya,1,eduroam,c0:c7:0a:98:3a:50,5240,48,5.0,20,-83.0,,4.0,72.9,WPA2/3-Enterprise,capable,
2026-10-09 08:25:19,3,L3-018,,,T1,laptop-taqiya,2,eduroam,fc:7f:f1:dd:53:22,2462,11,2.4,20,-80.0,,,,WPA2/3-Enterprise,no,
2026-10-09 08:25:19,3,L3-018,,,T1,laptop-taqiya,2,WiFi-UB.x,fc:7f:f1:dd:53:20,2462,11,2.4,20,-80.0,,,,WPA2/3-Enterprise,no,
2026-10-09 08:25:19,3,L3-018,,,T1,laptop-taqiya,2,WiFi-UB.x,54:d7:e3:42:42:d0,5260,52,5.0,40,-55.0,,,,WPA2/3-Enterprise,no,
2026-10-09 08:25:19,3,L3-018,,,T1,laptop-taqiya,2,Lia's Galaxy A33 5G,52:ae:52:22:ad:64,2437,6,2.4,20,-88.0,,,,WPA2-Personal,no,
2026-10-09 08:25:19,3,L3-018,,,T1,laptop-taqiya,2,FILKOM EVENT,e8:10:98:82:05:93,2437,6,2.4,20,-82.0,,,,WPA2-Personal,no,
2026-10-09 08:25:19,3,L3-018,,,T1,laptop-taqiya,2,eduroam,e8:10:98:82:05:92,2437,6,2.4,20,-84.0,,,,WPA2/3-Enterprise,no,
2026-10-09 08:25:19,3,L3-018,,,T1,laptop-taqiya,2,WiFi-UB.x,04:62:73:09:a4:d0,2437,6,2.4,20,-80.0,,9.0,72.2,WPA2/3-Enterprise,no,
2026-10-09 08:25:19,3,L3-018,,,T1,laptop-taqiya,2,Kfkfkfm,46:d9:d2:ca:4f:5a,2437,6,2.4,20,-82.0,,,,WPA2-Personal,no,
2026-10-09 08:25:19,3,L3-018,,,T1,laptop-taqiya,2,"To you, in 2000 Years",0a:a1:11:53:7a:6e,2437,6,2.4,20,-84.0,,,,WPA2-Personal,no,
2026-10-09 08:25:19,3,L3-018,,,T1,laptop-taqiya,2,FILKOM EVENT,04:62:73:09:a4:d3,2437,6,2.4,20,-81.0,,9.0,72.2,WPA2-Personal,no,
2026-10-09 08:25:19,3,L3-018,,,T1,laptop-taqiya,2,ammar,e2:16:a3:63:e7:d4,2437,6,2.4,20,-84.0,,,,WPA2-Personal,no,
2026-10-09 08:25:19,3,L3-018,,,T1,laptop-taqiya,2,ㅤ,d6:7a:83:ec:10:18,2437,6,2.4,20,-86.0,,,,WPA2/WPA3-Personal,capable,
2026-10-09 08:25:19,3,L3-018,,,T1,laptop-taqiya,2,WiFi-UB.x,e8:10:98:82:05:90,2437,6,2.4,20,-84.0,,,,WPA2/3-Enterprise,no,
2026-10-09 08:25:19,3,L3-018,,,T1,laptop-taqiya,2,Redmi 10C,4e:78:64:e6:2c:5c,2432,5,2.4,20,-82.0,,,,WPA2-Personal,no,
2026-10-09 08:25:19,3,L3-018,,,T1,laptop-taqiya,2,FILKOM EVENT,54:d7:e3:42:42:c3,2412,1,2.4,20,-55.0,,,,WPA2-Personal,no,
2026-10-09 08:25:19,3,L3-018,,,T1,laptop-taqiya,2,eduroam,54:d7:e3:42:42:c2,2412,1,2.4,20,-56.0,,,,WPA2/3-Enterprise,no,
2026-10-09 08:25:19,3,L3-018,,,T1,laptop-taqiya,2,WiFi-FILKOM,54:d7:e3:42:42:c1,2412,1,2.4,20,-57.0,,,,WPA2/3-Enterprise,no,
2026-10-09 08:25:19,3,L3-018,,,T1,laptop-taqiya,2,WiFi-UB.x,54:d7:e3:42:42:c0,2412,1,2.4,20,-58.0,,,,WPA2/3-Enterprise,no,
2026-10-09 08:25:19,3,L3-018,,,T1,laptop-taqiya,2,FILKOM EVENT,fc:7f:f1:dd:53:33,5320,64,5.0,40,-63.0,,,,WPA2-Personal,no,
2026-10-09 08:25:19,3,L3-018,,,T1,laptop-taqiya,2,eduroam,fc:7f:f1:dd:53:32,5320,64,5.0,40,-63.0,,,,WPA2/3-Enterprise,no,
2026-10-09 08:25:19,3,L3-018,,,T1,laptop-taqiya,2,WiFi-FILKOM,fc:7f:f1:dd:53:31,5320,64,5.0,40,-62.0,,,,WPA2/3-Enterprise,no,
2026-10-09 08:25:19,3,L3-018,,,T1,laptop-taqiya,2,WiFi-UB.x,fc:7f:f1:dd:53:30,5320,64,5.0,40,-63.0,,,,WPA2/3-Enterprise,no,
2026-10-09 08:25:19,3,L3-018,,,T1,laptop-taqiya,2,FILKOM EVENT,e8:10:98:82:05:a3,5785,157,5.0,40,-83.0,,,,WPA2-Personal,no,
2026-10-09 08:25:19,3,L3-018,,,T1,laptop-taqiya,2,eduroam,e8:10:98:82:05:a2,5785,157,5.0,40,-82.0,,,,WPA2/3-Enterprise,no,
2026-10-09 08:25:19,3,L3-018,,,T1,laptop-taqiya,2,WiFi-FILKOM,e8:10:98:82:05:a1,5785,157,5.0,40,-82.0,,,,WPA2/3-Enterprise,no,
2026-10-09 08:25:19,3,L3-018,,,T1,laptop-taqiya,2,WiFi-UB.x,e8:10:98:82:05:a0,5785,157,5.0,40,-82.0,,,,WPA2/3-Enterprise,no,
2026-10-09 08:25:19,3,L3-018,,,T1,laptop-taqiya,2,FILKOM EVENT,54:d7:e3:42:42:d3,5260,52,5.0,40,-56.0,,,,WPA2-Personal,no,
2026-10-09 08:25:19,3,L3-018,,,T1,laptop-taqiya,2,eduroam,54:d7:e3:42:42:d2,5260,52,5.0,40,-56.0,,,,WPA2/3-Enterprise,no,
2026-10-09 08:25:19,3,L3-018,,,T1,laptop-taqiya,2,WiFi-FILKOM,54:d7:e3:42:42:d1,5260,52,5.0,40,-56.0,,,,WPA2/3-Enterprise,no,
2026-10-09 08:25:19,3,L3-018,,,T1,laptop-taqiya,2,lkjgfd,3e:c4:7f:30:14:49,5240,48,5.0,40,-91.0,,,,WPA2-Personal,no,
2026-10-09 08:25:19,3,L3-018,,,T1,laptop-taqiya,2,eduroam,e8:10:98:82:0b:22,5240,48,5.0,40,-91.0,,,,WPA2/3-Enterprise,no,
2026-10-09 08:25:19,3,L3-018,,,T1,laptop-taqiya,2,WiFi-FILKOM,e8:10:98:82:0b:21,5240,48,5.0,40,-90.0,,,,WPA2/3-Enterprise,no,
2026-10-09 08:25:19,3,L3-018,,,T1,laptop-taqiya,2,WiFi-UB.x,e8:10:98:82:0b:20,5240,48,5.0,40,-87.0,,,,WPA2/3-Enterprise,no,
2026-10-09 08:25:28,3,L3-018,,,T1,laptop-taqiya,3,WiFi-UB.x,54:d7:e3:42:42:d0,5260,52,5.0,40,-55.0,,,,WPA2/3-Enterprise,no,
2026-10-09 08:25:28,3,L3-018,,,T1,laptop-taqiya,3,FILKOM EVENT,a0:3d:6f:8f:92:23,2462,11,2.4,20,-79.0,,4.0,6.7,WPA2-Personal,no,
2026-10-09 08:25:28,3,L3-018,,,T1,laptop-taqiya,3,WiFi-FILKOM,fc:7f:f1:dd:53:21,2462,11,2.4,20,-78.0,,,,WPA2/3-Enterprise,no,
2026-10-09 08:25:28,3,L3-018,,,T1,laptop-taqiya,3,WiFi-UB.x,a0:3d:6f:8f:92:20,2462,11,2.4,20,-79.0,,4.0,6.7,WPA2/3-Enterprise,no,
2026-10-09 08:25:28,3,L3-018,,,T1,laptop-taqiya,3,ammar,e2:16:a3:63:e7:d4,2437,6,2.4,20,-82.0,,,,WPA2-Personal,no,
2026-10-09 08:25:28,3,L3-018,,,T1,laptop-taqiya,3,Kfkfkfm,46:d9:d2:ca:4f:5a,2437,6,2.4,20,-82.0,,,,WPA2-Personal,no,
2026-10-09 08:25:28,3,L3-018,,,T1,laptop-taqiya,3,WiFi-UB.x,04:62:73:09:a4:d0,2437,6,2.4,20,-80.0,,9.0,31.4,WPA2/3-Enterprise,no,
2026-10-09 08:25:28,3,L3-018,,,T1,laptop-taqiya,3,FILKOM EVENT,ec:bd:1d:af:f6:73,2412,1,2.4,20,-78.0,,2.0,42.4,WPA2-Personal,no,
2026-10-09 08:25:28,3,L3-018,,,T1,laptop-taqiya,3,FILKOM EVENT,54:d7:e3:42:42:c3,2412,1,2.4,20,-55.0,,,,WPA2-Personal,no,
2026-10-09 08:25:28,3,L3-018,,,T1,laptop-taqiya,3,eduroam,54:d7:e3:42:42:c2,2412,1,2.4,20,-54.0,,,,WPA2/3-Enterprise,no,
2026-10-09 08:25:28,3,L3-018,,,T1,laptop-taqiya,3,WiFi-FILKOM,54:d7:e3:42:42:c1,2412,1,2.4,20,-55.0,,,,WPA2/3-Enterprise,no,
2026-10-09 08:25:28,3,L3-018,,,T1,laptop-taqiya,3,WiFi-UB.x,ec:bd:1d:af:f6:70,2412,1,2.4,20,-78.0,,2.0,42.4,WPA2/3-Enterprise,no,
2026-10-09 08:25:28,3,L3-018,,,T1,laptop-taqiya,3,WiFi-UB.x,54:d7:e3:42:42:c0,2412,1,2.4,20,-56.0,,,,WPA2/3-Enterprise,no,
2026-10-09 08:25:28,3,L3-018,,,T1,laptop-taqiya,3,FILKOM EVENT,e8:10:98:82:05:a3,5785,157,5.0,40,-79.0,,,,WPA2-Personal,no,
2026-10-09 08:25:28,3,L3-018,,,T1,laptop-taqiya,3,eduroam,e8:10:98:82:05:a2,5785,157,5.0,40,-79.0,,,,WPA2/3-Enterprise,no,
2026-10-09 08:25:28,3,L3-018,,,T1,laptop-taqiya,3,WiFi-FILKOM,e8:10:98:82:05:a1,5785,157,5.0,40,-79.0,,,,WPA2/3-Enterprise,no,
2026-10-09 08:25:28,3,L3-018,,,T1,laptop-taqiya,3,WiFi-UB.x,e8:10:98:82:05:a0,5785,157,5.0,40,-80.0,,,,WPA2/3-Enterprise,no,
2026-10-09 08:25:28,3,L3-018,,,T1,laptop-taqiya,3,eduroam,c0:c7:0a:98:34:d0,5745,149,5.0,20,-82.0,,4.0,32.2,WPA2/3-Enterprise,capable,
2026-10-09 08:25:28,3,L3-018,,,T1,laptop-taqiya,3,FILKOM EVENT,54:d7:e3:42:42:d3,5260,52,5.0,40,-52.0,,,,WPA2-Personal,no,
2026-10-09 08:25:28,3,L3-018,,,T1,laptop-taqiya,3,eduroam,54:d7:e3:42:42:d2,5260,52,5.0,40,-54.0,,,,WPA2/3-Enterprise,no,
2026-10-09 08:25:28,3,L3-018,,,T1,laptop-taqiya,3,WiFi-FILKOM,54:d7:e3:42:42:d1,5260,52,5.0,40,-54.0,,,,WPA2/3-Enterprise,no,
2026-10-09 08:25:28,3,L3-018,,,T1,laptop-taqiya,3,WiFi-UB.x,c0:c7:0a:98:3a:52,5240,48,5.0,20,-72.0,,28.0,14.1,WPA2/3-Enterprise,capable,
2026-10-09 08:25:28,3,L3-018,,,T1,laptop-taqiya,3,FILKOM EVENT,c0:c7:0a:98:3a:51,5240,48,5.0,20,-82.0,,1.0,14.1,WPA2-Personal,capable,
2026-10-09 08:25:28,3,L3-018,,,T1,laptop-taqiya,3,eduroam,c0:c7:0a:98:3a:50,5240,48,5.0,20,-79.0,,4.0,14.1,WPA2/3-Enterprise,capable,
2026-10-09 08:27:48,3,L3-029,,,T1,laptop-taqiya,1,WiFi-UB.x,e8:10:98:82:05:a0,5785,157,5.0,40,-78.0,,,,WPA2/3-Enterprise,no,
2026-10-09 08:27:48,3,L3-029,,,T1,laptop-taqiya,1,Galaxy A36 5G D49E,1e:e3:ff:59:a9:d6,2462,11,2.4,20,-82.0,,,,WPA2-Personal,no,
2026-10-09 08:27:48,3,L3-029,,,T1,laptop-taqiya,1,Verizon-SM-G996U-d561,32:c0:06:d1:8c:cf,2462,11,2.4,20,-87.0,,,,WPA2-Personal,no,
2026-10-09 08:27:48,3,L3-029,,,T1,laptop-taqiya,1,eduroam,34:8f:27:04:98:a8,2462,11,2.4,20,-78.0,,0.0,23.9,WPA2/3-Enterprise,no,
2026-10-09 08:27:48,3,L3-029,,,T1,laptop-taqiya,1,FILKOM EVENT,c0:c7:0a:58:34:d1,2462,11,2.4,20,-79.0,,0.0,38.0,WPA2-Personal,capable,
2026-10-09 08:27:48,3,L3-029,,,T1,laptop-taqiya,1,WiFi-UB.x,c0:c7:0a:58:34:d2,2462,11,2.4,20,-80.0,,1.0,38.0,WPA2/3-Enterprise,capable,
2026-10-09 08:27:48,3,L3-029,,,T1,laptop-taqiya,1,eduroam,c0:c7:0a:58:34:d0,2462,11,2.4,20,-82.0,,0.0,38.0,WPA2/3-Enterprise,capable,
2026-10-09 08:27:48,3,L3-029,,,T1,laptop-taqiya,1,FILKOM EVENT,fc:7f:f1:dd:53:23,2462,11,2.4,20,-51.0,,,,WPA2-Personal,no,
2026-10-09 08:27:48,3,L3-029,,,T1,laptop-taqiya,1,eduroam,fc:7f:f1:dd:53:22,2462,11,2.4,20,-52.0,,,,WPA2/3-Enterprise,no,
2026-10-09 08:27:48,3,L3-029,,,T1,laptop-taqiya,1,BB,f6:a2:a8:aa:ed:22,2462,11,2.4,20,-78.0,,,,WPA2-Personal,no,
2026-10-09 08:27:48,3,L3-029,,,T1,laptop-taqiya,1,WiFi-FILKOM,fc:7f:f1:dd:53:21,2462,11,2.4,20,-52.0,,,,WPA2/3-Enterprise,no,
2026-10-09 08:27:48,3,L3-029,,,T1,laptop-taqiya,1,WiFi-UB.x,fc:7f:f1:dd:53:20,2462,11,2.4,20,-52.0,,,,WPA2/3-Enterprise,no,
2026-10-09 08:27:48,3,L3-029,,,T1,laptop-taqiya,1,chiwa ,52:53:bf:d3:53:f5,2457,10,2.4,20,-79.0,,,,WPA2-Personal,no,
2026-10-09 08:27:48,3,L3-029,,,T1,laptop-taqiya,1,FILKOM EVENT,e8:10:98:82:05:93,2437,6,2.4,20,-78.0,,,,WPA2-Personal,no,
2026-10-09 08:27:48,3,L3-029,,,T1,laptop-taqiya,1,eduroam,e8:10:98:82:05:92,2437,6,2.4,20,-78.0,,,,WPA2/3-Enterprise,no,
2026-10-09 08:27:48,3,L3-029,,,T1,laptop-taqiya,1,WiFi-UB.x,e8:10:98:82:05:90,2437,6,2.4,20,-78.0,,,,WPA2/3-Enterprise,no,
2026-10-09 08:27:48,3,L3-029,,,T1,laptop-taqiya,1,"To you, in 2000 Years",0a:a1:11:53:7a:6e,2437,6,2.4,20,-64.0,,,,WPA2-Personal,no,
2026-10-09 08:27:48,3,L3-029,,,T1,laptop-taqiya,1,Lia's Galaxy A33 5G,52:ae:52:22:ad:64,2437,6,2.4,20,-73.0,,,,WPA2-Personal,no,
2026-10-09 08:27:48,3,L3-029,,,T1,laptop-taqiya,1,Kfkfkfm,46:d9:d2:ca:4f:5a,2437,6,2.4,20,-73.0,,,,WPA2-Personal,no,
2026-10-09 08:27:48,3,L3-029,,,T1,laptop-taqiya,1,timun,62:77:a0:94:99:95,2437,6,2.4,20,-87.0,,,,WPA2-Personal,no,
2026-10-09 08:27:48,3,L3-029,,,T1,laptop-taqiya,1,ammar,e2:16:a3:63:e7:d4,2437,6,2.4,20,-78.0,,,,WPA2-Personal,no,
2026-10-09 08:27:48,3,L3-029,,,T1,laptop-taqiya,1,WiFi-FILKOM,e8:10:98:82:05:91,2437,6,2.4,20,-71.0,,,,WPA2/3-Enterprise,no,
2026-10-09 08:27:48,3,L3-029,,,T1,laptop-taqiya,1,Redmi 10C,4e:78:64:e6:2c:5c,2432,5,2.4,20,-75.0,,,,WPA2-Personal,no,
2026-10-09 08:27:48,3,L3-029,,,T1,laptop-taqiya,1,FILKOM EVENT,54:d7:e3:45:51:23,2412,1,2.4,20,-69.0,,,,WPA2-Personal,no,
2026-10-09 08:27:48,3,L3-029,,,T1,laptop-taqiya,1,eduroam,54:d7:e3:45:51:22,2412,1,2.4,20,-61.0,,,,WPA2/3-Enterprise,no,
2026-10-09 08:27:48,3,L3-029,,,T1,laptop-taqiya,1,WiFi-FILKOM,54:d7:e3:45:51:21,2412,1,2.4,20,-68.0,,,,WPA2/3-Enterprise,no,
2026-10-09 08:27:48,3,L3-029,,,T1,laptop-taqiya,1,WiFi-UB.x,54:d7:e3:45:51:20,2412,1,2.4,20,-68.0,,,,WPA2/3-Enterprise,no,
2026-10-09 08:27:48,3,L3-029,,,T1,laptop-taqiya,1,FILKOM EVENT,54:d7:e3:42:42:c3,2412,1,2.4,20,-77.0,,,,WPA2-Personal,no,
2026-10-09 08:27:48,3,L3-029,,,T1,laptop-taqiya,1,eduroam,54:d7:e3:42:42:c2,2412,1,2.4,20,-78.0,,,,WPA2/3-Enterprise,no,
2026-10-09 08:27:48,3,L3-029,,,T1,laptop-taqiya,1,WiFi-FILKOM,54:d7:e3:42:42:c1,2412,1,2.4,20,-77.0,,,,WPA2/3-Enterprise,no,
2026-10-09 08:27:48,3,L3-029,,,T1,laptop-taqiya,1,WiFi-UB.x,54:d7:e3:42:42:c0,2412,1,2.4,20,-77.0,,,,WPA2/3-Enterprise,no,
2026-10-09 08:27:48,3,L3-029,,,T1,laptop-taqiya,1,FILKOM EVENT,fc:7f:f1:dd:53:33,5320,64,5.0,40,-39.0,,,,WPA2-Personal,no,
2026-10-09 08:27:48,3,L3-029,,,T1,laptop-taqiya,1,eduroam,fc:7f:f1:dd:53:32,5320,64,5.0,40,-39.0,,,,WPA2/3-Enterprise,no,
2026-10-09 08:27:48,3,L3-029,,,T1,laptop-taqiya,1,WiFi-FILKOM,fc:7f:f1:dd:53:31,5320,64,5.0,40,-39.0,,,,WPA2/3-Enterprise,no,
2026-10-09 08:27:48,3,L3-029,,,T1,laptop-taqiya,1,WiFi-UB.x,fc:7f:f1:dd:53:30,5320,64,5.0,40,-39.0,,,,WPA2/3-Enterprise,no,
2026-10-09 08:27:48,3,L3-029,,,T1,laptop-taqiya,1,WiFi-UB.x,34:8f:27:44:98:ac,5785,157,5.0,20,-85.0,,3.0,1.6,WPA2/3-Enterprise,no,
2026-10-09 08:27:48,3,L3-029,,,T1,laptop-taqiya,1,FILKOM EVENT,54:d7:e3:42:42:d3,5260,52,5.0,40,-79.0,,,,WPA2-Personal,no,
2026-10-09 08:27:48,3,L3-029,,,T1,laptop-taqiya,1,eduroam,54:d7:e3:42:42:d2,5260,52,5.0,40,-80.0,,,,WPA2/3-Enterprise,no,
2026-10-09 08:27:48,3,L3-029,,,T1,laptop-taqiya,1,WiFi-FILKOM,54:d7:e3:42:42:d1,5260,52,5.0,40,-79.0,,,,WPA2/3-Enterprise,no,
2026-10-09 08:27:48,3,L3-029,,,T1,laptop-taqiya,1,WiFi-UB.x,54:d7:e3:42:42:d0,5260,52,5.0,40,-79.0,,,,WPA2/3-Enterprise,no,
2026-10-09 08:27:48,3,L3-029,,,T1,laptop-taqiya,1,eduroam,34:8f:27:04:98:ac,5785,157,5.0,20,-85.0,,1.0,1.6,WPA2/3-Enterprise,no,
2026-10-09 08:27:48,3,L3-029,,,T1,laptop-taqiya,1,FILKOM EVENT,e8:10:98:82:05:a3,5785,157,5.0,40,-79.0,,,,WPA2-Personal,no,
2026-10-09 08:27:48,3,L3-029,,,T1,laptop-taqiya,1,eduroam,e8:10:98:82:05:a2,5785,157,5.0,40,-78.0,,,,WPA2/3-Enterprise,no,
2026-10-09 08:27:48,3,L3-029,,,T1,laptop-taqiya,1,WiFi-FILKOM,e8:10:98:82:05:a1,5785,157,5.0,40,-78.0,,,,WPA2/3-Enterprise,no,
2026-10-09 08:27:48,3,L3-029,,,T1,laptop-taqiya,1,Samsung S25 Ultra,e2:82:61:7d:8d:ae,5745,149,5.0,80,-85.0,,,,WPA2/WPA3-Personal,capable,
2026-10-09 08:27:48,3,L3-029,,,T1,laptop-taqiya,1,FILKOM EVENT,e8:10:98:82:0b:43,5745,149,5.0,40,-84.0,,,,WPA2-Personal,no,
2026-10-09 08:27:48,3,L3-029,,,T1,laptop-taqiya,1,eduroam,e8:10:98:82:0b:42,5745,149,5.0,40,-85.0,,,,WPA2/3-Enterprise,no,
2026-10-09 08:27:48,3,L3-029,,,T1,laptop-taqiya,1,WiFi-FILKOM,e8:10:98:82:0b:41,5745,149,5.0,40,-85.0,,,,WPA2/3-Enterprise,no,
2026-10-09 08:27:48,3,L3-029,,,T1,laptop-taqiya,1,WiFi-UB.x,e8:10:98:82:0b:40,5745,149,5.0,40,-85.0,,,,WPA2/3-Enterprise,no,
2026-10-09 08:27:48,3,L3-029,,,T1,laptop-taqiya,1,eduroam,e8:10:98:82:0b:22,5240,48,5.0,40,-86.0,,,,WPA2/3-Enterprise,no,
2026-10-09 08:27:48,3,L3-029,,,T1,laptop-taqiya,1,WiFi-FILKOM,e8:10:98:82:0b:21,5240,48,5.0,40,-86.0,,,,WPA2/3-Enterprise,no,
2026-10-09 08:27:48,3,L3-029,,,T1,laptop-taqiya,1,WiFi-UB.x,e8:10:98:82:0b:20,5240,48,5.0,40,-85.0,,,,WPA2/3-Enterprise,no,
2026-10-09 08:27:48,3,L3-029,,,T1,laptop-taqiya,1,lkjgfd,3e:c4:7f:30:14:49,5240,48,5.0,40,-88.0,,,,WPA2-Personal,no,
2026-10-09 08:27:57,3,L3-029,,,T1,laptop-taqiya,2,BB,f6:a2:a8:aa:ed:22,2462,11,2.4,20,-78.0,,,,WPA2-Personal,no,
2026-10-09 08:27:57,3,L3-029,,,T1,laptop-taqiya,2,eduroam,34:8f:27:04:98:a8,2462,11,2.4,20,-75.0,,0.0,23.1,WPA2/3-Enterprise,no,
2026-10-09 08:27:57,3,L3-029,,,T1,laptop-taqiya,2,FILKOM EVENT,fc:7f:f1:dd:53:23,2462,11,2.4,20,-50.0,,,,WPA2-Personal,no,
2026-10-09 08:27:57,3,L3-029,,,T1,laptop-taqiya,2,WiFi-UB.x,e8:10:98:82:05:a0,5785,157,5.0,40,-79.0,,,,WPA2/3-Enterprise,no,
2026-10-09 08:27:57,3,L3-029,,,T1,laptop-taqiya,2,eduroam,fc:7f:f1:dd:53:22,2462,11,2.4,20,-50.0,,,,WPA2/3-Enterprise,no,
2026-10-09 08:27:57,3,L3-029,,,T1,laptop-taqiya,2,WiFi-FILKOM,fc:7f:f1:dd:53:21,2462,11,2.4,20,-51.0,,,,WPA2/3-Enterprise,no,
2026-10-09 08:27:57,3,L3-029,,,T1,laptop-taqiya,2,WiFi-UB.x,fc:7f:f1:dd:53:20,2462,11,2.4,20,-51.0,,,,WPA2/3-Enterprise,no,
2026-10-09 08:27:57,3,L3-029,,,T1,laptop-taqiya,2,FILKOM EVENT,e8:10:98:82:05:93,2437,6,2.4,20,-70.0,,,,WPA2-Personal,no,
2026-10-09 08:27:57,3,L3-029,,,T1,laptop-taqiya,2,Kfkfkfm,46:d9:d2:ca:4f:5a,2437,6,2.4,20,-76.0,,,,WPA2-Personal,no,
2026-10-09 08:27:57,3,L3-029,,,T1,laptop-taqiya,2,"To you, in 2000 Years",0a:a1:11:53:7a:6e,2437,6,2.4,20,-65.0,,,,WPA2-Personal,no,
2026-10-09 08:27:57,3,L3-029,,,T1,laptop-taqiya,2,Lia's Galaxy A33 5G,52:ae:52:22:ad:64,2437,6,2.4,20,-57.0,,,,WPA2-Personal,no,
2026-10-09 08:27:57,3,L3-029,,,T1,laptop-taqiya,2,WiFi-UB.x,54:d7:e3:45:51:20,2412,1,2.4,20,-65.0,,,,WPA2/3-Enterprise,no,
2026-10-09 08:27:57,3,L3-029,,,T1,laptop-taqiya,2,WiFi-FILKOM,54:d7:e3:42:42:c1,2412,1,2.4,20,-77.0,,,,WPA2/3-Enterprise,no,
2026-10-09 08:27:57,3,L3-029,,,T1,laptop-taqiya,2,WiFi-UB.x,54:d7:e3:42:42:c0,2412,1,2.4,20,-77.0,,,,WPA2/3-Enterprise,no,
2026-10-09 08:27:57,3,L3-029,,,T1,laptop-taqiya,2,nishimura,a6:ac:7b:7a:ad:b8,2412,1,2.4,20,-81.0,,,,WPA2/WPA3-Personal,capable,
2026-10-09 08:27:57,3,L3-029,,,T1,laptop-taqiya,2,FILKOM EVENT,54:d7:e3:45:51:23,2412,1,2.4,20,-63.0,,,,WPA2-Personal,no,
2026-10-09 08:27:57,3,L3-029,,,T1,laptop-taqiya,2,eduroam,54:d7:e3:45:51:22,2412,1,2.4,20,-65.0,,,,WPA2/3-Enterprise,no,
2026-10-09 08:27:57,3,L3-029,,,T1,laptop-taqiya,2,FILKOM EVENT,fc:7f:f1:dd:53:33,5320,64,5.0,40,-40.0,,,,WPA2-Personal,no,
2026-10-09 08:27:57,3,L3-029,,,T1,laptop-taqiya,2,eduroam,fc:7f:f1:dd:53:32,5320,64,5.0,40,-39.0,,,,WPA2/3-Enterprise,no,
2026-10-09 08:27:57,3,L3-029,,,T1,laptop-taqiya,2,WiFi-FILKOM,fc:7f:f1:dd:53:31,5320,64,5.0,40,-40.0,,,,WPA2/3-Enterprise,no,
2026-10-09 08:27:57,3,L3-029,,,T1,laptop-taqiya,2,WiFi-UB.x,fc:7f:f1:dd:53:30,5320,64,5.0,40,-39.0,,,,WPA2/3-Enterprise,no,
2026-10-09 08:27:57,3,L3-029,,,T1,laptop-taqiya,2,FILKOM EVENT,54:d7:e3:42:42:d3,5260,52,5.0,40,-75.0,,,,WPA2-Personal,no,
2026-10-09 08:27:57,3,L3-029,,,T1,laptop-taqiya,2,eduroam,54:d7:e3:42:42:d2,5260,52,5.0,40,-74.0,,,,WPA2/3-Enterprise,no,
2026-10-09 08:27:57,3,L3-029,,,T1,laptop-taqiya,2,WiFi-FILKOM,54:d7:e3:42:42:d1,5260,52,5.0,40,-74.0,,,,WPA2/3-Enterprise,no,
2026-10-09 08:27:57,3,L3-029,,,T1,laptop-taqiya,2,WiFi-UB.x,54:d7:e3:42:42:d0,5260,52,5.0,40,-74.0,,,,WPA2/3-Enterprise,no,
2026-10-09 08:27:57,3,L3-029,,,T1,laptop-taqiya,2,eduroam,34:8f:27:04:98:ac,5785,157,5.0,20,-90.0,,1.0,2.0,WPA2/3-Enterprise,no,
2026-10-09 08:27:57,3,L3-029,,,T1,laptop-taqiya,2,FILKOM EVENT,e8:10:98:82:05:a3,5785,157,5.0,40,-79.0,,,,WPA2-Personal,no,
2026-10-09 08:27:57,3,L3-029,,,T1,laptop-taqiya,2,eduroam,e8:10:98:82:05:a2,5785,157,5.0,40,-79.0,,,,WPA2/3-Enterprise,no,
2026-10-09 08:27:57,3,L3-029,,,T1,laptop-taqiya,2,WiFi-FILKOM,e8:10:98:82:05:a1,5785,157,5.0,40,-79.0,,,,WPA2/3-Enterprise,no,
2026-10-09 08:27:57,3,L3-029,,,T1,laptop-taqiya,2,iPhone (6),ae:80:1f:3c:0c:9d,5745,149,5.0,80,-88.0,,,,WPA2/WPA3-Personal,capable,
2026-10-09 08:27:57,3,L3-029,,,T1,laptop-taqiya,2,Samsung S25 Ultra,e2:82:61:7d:8d:ae,5745,149,5.0,80,-89.0,,,,WPA2/WPA3-Personal,capable,
2026-10-09 08:27:57,3,L3-029,,,T1,laptop-taqiya,2,eduroam,e8:10:98:82:0b:42,5745,149,5.0,40,-87.0,,,,WPA2/3-Enterprise,no,
2026-10-09 08:27:57,3,L3-029,,,T1,laptop-taqiya,2,WiFi-FILKOM,e8:10:98:82:0b:41,5745,149,5.0,40,-87.0,,,,WPA2/3-Enterprise,no,
2026-10-09 08:27:57,3,L3-029,,,T1,laptop-taqiya,2,WiFi-UB.x,e8:10:98:82:0b:40,5745,149,5.0,40,-86.0,,,,WPA2/3-Enterprise,no,
2026-10-09 08:27:57,3,L3-029,,,T1,laptop-taqiya,2,WiFi-UB.x,34:8f:27:44:98:ac,5785,157,5.0,20,-89.0,,3.0,1.2,WPA2/3-Enterprise,no,
2026-10-09 08:27:57,3,L3-029,,,T1,laptop-taqiya,2,FILKOM EVENT,e8:10:98:82:0b:23,5240,48,5.0,40,-86.0,,,,WPA2-Personal,no,
2026-10-09 08:27:57,3,L3-029,,,T1,laptop-taqiya,2,eduroam,e8:10:98:82:0b:22,5240,48,5.0,40,-86.0,,,,WPA2/3-Enterprise,no,
2026-10-09 08:27:57,3,L3-029,,,T1,laptop-taqiya,2,WiFi-FILKOM,e8:10:98:82:0b:21,5240,48,5.0,40,-86.0,,,,WPA2/3-Enterprise,no,
2026-10-09 08:27:57,3,L3-029,,,T1,laptop-taqiya,2,WiFi-UB.x,e8:10:98:82:0b:20,5240,48,5.0,40,-86.0,,,,WPA2/3-Enterprise,no,
2026-10-09 08:27:57,3,L3-029,,,T1,laptop-taqiya,2,lkjgfd,3e:c4:7f:30:14:49,5240,48,5.0,40,-85.0,,,,WPA2-Personal,no,
2026-10-09 08:28:06,3,L3-029,,,T1,laptop-taqiya,3,WiFi-UB.x,e8:10:98:82:05:a0,5785,157,5.0,40,-78.0,,,,WPA2/3-Enterprise,no,
2026-10-09 08:28:06,3,L3-029,,,T1,laptop-taqiya,3,Galaxy A36 5G D49E,1e:e3:ff:59:a9:d6,2462,11,2.4,20,-79.0,,,,WPA2-Personal,no,
2026-10-09 08:28:06,3,L3-029,,,T1,laptop-taqiya,3,eduroam,34:8f:27:04:98:a8,2462,11,2.4,20,-81.0,,0.0,24.3,WPA2/3-Enterprise,no,
2026-10-09 08:28:06,3,L3-029,,,T1,laptop-taqiya,3,FILKOM EVENT,fc:7f:f1:dd:53:23,2462,11,2.4,20,-49.0,,,,WPA2-Personal,no,
2026-10-09 08:28:06,3,L3-029,,,T1,laptop-taqiya,3,eduroam,fc:7f:f1:dd:53:22,2462,11,2.4,20,-51.0,,,,WPA2/3-Enterprise,no,
2026-10-09 08:28:06,3,L3-029,,,T1,laptop-taqiya,3,WiFi-FILKOM,fc:7f:f1:dd:53:21,2462,11,2.4,20,-51.0,,,,WPA2/3-Enterprise,no,
2026-10-09 08:28:06,3,L3-029,,,T1,laptop-taqiya,3,WiFi-UB.x,fc:7f:f1:dd:53:20,2462,11,2.4,20,-51.0,,,,WPA2/3-Enterprise,no,
2026-10-09 08:28:06,3,L3-029,,,T1,laptop-taqiya,3,chiwa ,52:53:bf:d3:53:f5,2457,10,2.4,20,-77.0,,,,WPA2-Personal,no,
2026-10-09 08:28:06,3,L3-029,,,T1,laptop-taqiya,3,WiFi-FILKOM,e8:10:98:82:05:91,2437,6,2.4,20,-78.0,,,,WPA2/3-Enterprise,no,
2026-10-09 08:28:06,3,L3-029,,,T1,laptop-taqiya,3,"To you, in 2000 Years",0a:a1:11:53:7a:6e,2437,6,2.4,20,-68.0,,,,WPA2-Personal,no,
2026-10-09 08:28:06,3,L3-029,,,T1,laptop-taqiya,3,Redmi 10C,4e:78:64:e6:2c:5c,2432,5,2.4,20,-76.0,,,,WPA2-Personal,no,
2026-10-09 08:28:06,3,L3-029,,,T1,laptop-taqiya,3,Lia's Galaxy A33 5G,52:ae:52:22:ad:64,2437,6,2.4,20,-71.0,,,,WPA2-Personal,no,
2026-10-09 08:28:06,3,L3-029,,,T1,laptop-taqiya,3,Kfkfkfm,46:d9:d2:ca:4f:5a,2437,6,2.4,20,-70.0,,,,WPA2-Personal,no,
2026-10-09 08:28:06,3,L3-029,,,T1,laptop-taqiya,3,FILKOM EVENT,54:d7:e3:42:42:c3,2412,1,2.4,20,-70.0,,,,WPA2-Personal,no,
2026-10-09 08:28:06,3,L3-029,,,T1,laptop-taqiya,3,eduroam,54:d7:e3:42:42:c2,2412,1,2.4,20,-84.0,,,,WPA2/3-Enterprise,no,
2026-10-09 08:28:06,3,L3-029,,,T1,laptop-taqiya,3,WiFi-UB.x,54:d7:e3:42:42:c0,2412,1,2.4,20,-76.0,,,,WPA2/3-Enterprise,no,
2026-10-09 08:28:06,3,L3-029,,,T1,laptop-taqiya,3,eduroam,0e:b8:e6:d9:af:f1,2412,1,2.4,20,-79.0,,,,WPA2/3-Enterprise,no,
2026-10-09 08:28:06,3,L3-029,,,T1,laptop-taqiya,3,FILKOM EVENT,54:d7:e3:45:51:23,2412,1,2.4,20,-65.0,,,,WPA2-Personal,no,
2026-10-09 08:28:06,3,L3-029,,,T1,laptop-taqiya,3,eduroam,54:d7:e3:45:51:22,2412,1,2.4,20,-65.0,,,,WPA2/3-Enterprise,no,
2026-10-09 08:28:06,3,L3-029,,,T1,laptop-taqiya,3,WiFi-FILKOM,54:d7:e3:45:51:21,2412,1,2.4,20,-80.0,,,,WPA2/3-Enterprise,no,
2026-10-09 08:28:06,3,L3-029,,,T1,laptop-taqiya,3,WiFi-UB.x,54:d7:e3:45:51:20,2412,1,2.4,20,-65.0,,,,WPA2/3-Enterprise,no,
2026-10-09 08:28:06,3,L3-029,,,T1,laptop-taqiya,3,FILKOM EVENT,fc:7f:f1:dd:53:33,5320,64,5.0,40,-40.0,,,,WPA2-Personal,no,
2026-10-09 08:28:06,3,L3-029,,,T1,laptop-taqiya,3,eduroam,fc:7f:f1:dd:53:32,5320,64,5.0,40,-40.0,,,,WPA2/3-Enterprise,no,
2026-10-09 08:28:06,3,L3-029,,,T1,laptop-taqiya,3,WiFi-FILKOM,fc:7f:f1:dd:53:31,5320,64,5.0,40,-38.0,,,,WPA2/3-Enterprise,no,
2026-10-09 08:28:06,3,L3-029,,,T1,laptop-taqiya,3,WiFi-UB.x,fc:7f:f1:dd:53:30,5320,64,5.0,40,-38.0,,,,WPA2/3-Enterprise,no,
2026-10-09 08:28:06,3,L3-029,,,T1,laptop-taqiya,3,FILKOM EVENT,54:d7:e3:42:42:d3,5260,52,5.0,40,-71.0,,,,WPA2-Personal,no,
2026-10-09 08:28:06,3,L3-029,,,T1,laptop-taqiya,3,eduroam,54:d7:e3:42:42:d2,5260,52,5.0,40,-75.0,,,,WPA2/3-Enterprise,no,
2026-10-09 08:28:06,3,L3-029,,,T1,laptop-taqiya,3,WiFi-FILKOM,54:d7:e3:42:42:d1,5260,52,5.0,40,-79.0,,,,WPA2/3-Enterprise,no,
2026-10-09 08:28:06,3,L3-029,,,T1,laptop-taqiya,3,WiFi-UB.x,54:d7:e3:42:42:d0,5260,52,5.0,40,-77.0,,,,WPA2/3-Enterprise,no,
2026-10-09 08:28:06,3,L3-029,,,T1,laptop-taqiya,3,WiFi-UB.x,34:8f:27:44:98:ac,5785,157,5.0,20,-87.0,,4.0,3.1,WPA2/3-Enterprise,no,
2026-10-09 08:28:06,3,L3-029,,,T1,laptop-taqiya,3,eduroam,34:8f:27:04:98:ac,5785,157,5.0,20,-88.0,,1.0,3.1,WPA2/3-Enterprise,no,
2026-10-09 08:28:06,3,L3-029,,,T1,laptop-taqiya,3,FILKOM EVENT,e8:10:98:82:05:a3,5785,157,5.0,40,-79.0,,,,WPA2-Personal,no,
2026-10-09 08:28:06,3,L3-029,,,T1,laptop-taqiya,3,eduroam,e8:10:98:82:05:a2,5785,157,5.0,40,-80.0,,,,WPA2/3-Enterprise,no,
2026-10-09 08:28:06,3,L3-029,,,T1,laptop-taqiya,3,WiFi-FILKOM,e8:10:98:82:05:a1,5785,157,5.0,40,-79.0,,,,WPA2/3-Enterprise,no,
2026-10-09 08:28:06,3,L3-029,,,T1,laptop-taqiya,3,WiFi-FILKOM,e8:10:98:82:0b:41,5745,149,5.0,40,-86.0,,,,WPA2/3-Enterprise,no,
2026-10-09 08:28:06,3,L3-029,,,T1,laptop-taqiya,3,FILKOM EVENT,e8:10:98:82:0b:43,5745,149,5.0,40,-86.0,,,,WPA2-Personal,no,
2026-10-09 08:28:06,3,L3-029,,,T1,laptop-taqiya,3,eduroam,e8:10:98:82:0b:42,5745,149,5.0,40,-85.0,,,,WPA2/3-Enterprise,no,
2026-10-09 08:28:06,3,L3-029,,,T1,laptop-taqiya,3,Samsung S25 Ultra,e2:82:61:7d:8d:ae,5745,149,5.0,80,-90.0,,,,WPA2/WPA3-Personal,capable,
2026-10-09 08:28:06,3,L3-029,,,T1,laptop-taqiya,3,iPhone (6),ae:80:1f:3c:0c:9d,5745,149,5.0,80,-87.0,,,,WPA2/WPA3-Personal,capable,
2026-10-09 08:28:06,3,L3-029,,,T1,laptop-taqiya,3,WiFi-UB.x,e8:10:98:82:0b:40,5745,149,5.0,40,-86.0,,,,WPA2/3-Enterprise,no,
2026-10-09 08:28:06,3,L3-029,,,T1,laptop-taqiya,3,FILKOM EVENT,e8:10:98:82:0b:23,5240,48,5.0,40,-84.0,,,,WPA2-Personal,no,
2026-10-09 08:28:06,3,L3-029,,,T1,laptop-taqiya,3,eduroam,e8:10:98:82:0b:22,5240,48,5.0,40,-84.0,,,,WPA2/3-Enterprise,no,
2026-10-09 08:28:06,3,L3-029,,,T1,laptop-taqiya,3,WiFi-FILKOM,e8:10:98:82:0b:21,5240,48,5.0,40,-84.0,,,,WPA2/3-Enterprise,no,
2026-10-09 08:28:06,3,L3-029,,,T1,laptop-taqiya,3,WiFi-UB.x,e8:10:98:82:0b:20,5240,48,5.0,40,-83.0,,,,WPA2/3-Enterprise,no,
2026-10-09 08:28:06,3,L3-029,,,T1,laptop-taqiya,3,lkjgfd,3e:c4:7f:30:14:49,5240,48,5.0,40,-82.0,,,,WPA2-Personal,no,
2026-10-09 08:28:41,3,L3-030,,,T1,laptop-taqiya,1,BB,f6:a2:a8:aa:ed:22,2462,11,2.4,20,-78.0,,,,WPA2-Personal,no,
2026-10-09 08:28:41,3,L3-030,,,T1,laptop-taqiya,1,FILKOM EVENT,fc:7f:f1:dd:53:23,2462,11,2.4,20,-66.0,,,,WPA2-Personal,no,
2026-10-09 08:28:41,3,L3-030,,,T1,laptop-taqiya,1,eduroam,fc:7f:f1:dd:53:22,2462,11,2.4,20,-68.0,,,,WPA2/3-Enterprise,no,
2026-10-09 08:28:41,3,L3-030,,,T1,laptop-taqiya,1,WiFi-FILKOM,fc:7f:f1:dd:53:21,2462,11,2.4,20,-69.0,,,,WPA2/3-Enterprise,no,
2026-10-09 08:28:41,3,L3-030,,,T1,laptop-taqiya,1,WiFi-UB.x,fc:7f:f1:dd:53:20,2462,11,2.4,20,-66.0,,,,WPA2/3-Enterprise,no,
2026-10-09 08:28:41,3,L3-030,,,T1,laptop-taqiya,1,WiFi-UB.x,e8:10:98:82:05:a0,5785,157,5.0,40,-73.0,,,,WPA2/3-Enterprise,no,
2026-10-09 08:28:41,3,L3-030,,,T1,laptop-taqiya,1,eduroam,e8:10:98:82:05:92,2437,6,2.4,20,-70.0,,,,WPA2/3-Enterprise,no,
2026-10-09 08:28:41,3,L3-030,,,T1,laptop-taqiya,1,WiFi-FILKOM,e8:10:98:82:05:91,2437,6,2.4,20,-70.0,,,,WPA2/3-Enterprise,no,
2026-10-09 08:28:41,3,L3-030,,,T1,laptop-taqiya,1,WiFi-UB.x,e8:10:98:82:05:90,2437,6,2.4,20,-70.0,,,,WPA2/3-Enterprise,no,
2026-10-09 08:28:41,3,L3-030,,,T1,laptop-taqiya,1,Kfkfkfm,46:d9:d2:ca:4f:5a,2437,6,2.4,20,-73.0,,,,WPA2-Personal,no,
2026-10-09 08:28:41,3,L3-030,,,T1,laptop-taqiya,1,nupis,26:54:31:bc:42:16,2437,6,2.4,20,-72.0,,,,WPA2-Personal,no,
2026-10-09 08:28:41,3,L3-030,,,T1,laptop-taqiya,1,ARCHIE13,96:c8:a4:3c:67:ef,2437,6,2.4,20,-74.0,,,,WPA2-Personal,no,
2026-10-09 08:28:41,3,L3-030,,,T1,laptop-taqiya,1,"To you, in 2000 Years",0a:a1:11:53:7a:6e,2437,6,2.4,20,-59.0,,,,WPA2-Personal,no,
2026-10-09 08:28:41,3,L3-030,,,T1,laptop-taqiya,1,FILKOM EVENT,e8:10:98:82:05:93,2437,6,2.4,20,-69.0,,,,WPA2-Personal,no,
2026-10-09 08:28:41,3,L3-030,,,T1,laptop-taqiya,1,MyW,16:b3:9d:08:dc:f3,2437,6,2.4,20,-76.0,,,,WPA2-Personal,no,
2026-10-09 08:28:41,3,L3-030,,,T1,laptop-taqiya,1,Redmi 10C,4e:78:64:e6:2c:5c,2432,5,2.4,20,-64.0,,,,WPA2-Personal,no,
2026-10-09 08:28:41,3,L3-030,,,T1,laptop-taqiya,1,FILKOM EVENT,54:d7:e3:45:51:23,2412,1,2.4,20,-58.0,,,,WPA2-Personal,no,
2026-10-09 08:28:41,3,L3-030,,,T1,laptop-taqiya,1,eduroam,54:d7:e3:45:51:22,2412,1,2.4,20,-57.0,,,,WPA2/3-Enterprise,no,
2026-10-09 08:28:41,3,L3-030,,,T1,laptop-taqiya,1,WiFi-FILKOM,54:d7:e3:45:51:21,2412,1,2.4,20,-58.0,,,,WPA2/3-Enterprise,no,
2026-10-09 08:28:41,3,L3-030,,,T1,laptop-taqiya,1,WiFi-UB.x,54:d7:e3:45:51:20,2412,1,2.4,20,-61.0,,,,WPA2/3-Enterprise,no,
2026-10-09 08:28:41,3,L3-030,,,T1,laptop-taqiya,1,FILKOM EVENT,fc:7f:f1:dd:53:33,5320,64,5.0,40,-53.0,,,,WPA2-Personal,no,
2026-10-09 08:28:41,3,L3-030,,,T1,laptop-taqiya,1,eduroam,fc:7f:f1:dd:53:32,5320,64,5.0,40,-54.0,,,,WPA2/3-Enterprise,no,
2026-10-09 08:28:41,3,L3-030,,,T1,laptop-taqiya,1,WiFi-FILKOM,fc:7f:f1:dd:53:31,5320,64,5.0,40,-54.0,,,,WPA2/3-Enterprise,no,
2026-10-09 08:28:41,3,L3-030,,,T1,laptop-taqiya,1,WiFi-UB.x,fc:7f:f1:dd:53:30,5320,64,5.0,40,-53.0,,,,WPA2/3-Enterprise,no,
2026-10-09 08:28:41,3,L3-030,,,T1,laptop-taqiya,1,FILKOM EVENT,54:d7:e3:42:42:d3,5260,52,5.0,40,-85.0,,,,WPA2-Personal,no,
2026-10-09 08:28:41,3,L3-030,,,T1,laptop-taqiya,1,eduroam,54:d7:e3:42:42:d2,5260,52,5.0,40,-85.0,,,,WPA2/3-Enterprise,no,
2026-10-09 08:28:41,3,L3-030,,,T1,laptop-taqiya,1,WiFi-FILKOM,54:d7:e3:42:42:d1,5260,52,5.0,40,-85.0,,,,WPA2/3-Enterprise,no,
2026-10-09 08:28:41,3,L3-030,,,T1,laptop-taqiya,1,WiFi-UB.x,54:d7:e3:42:42:d0,5260,52,5.0,40,-85.0,,,,WPA2/3-Enterprise,no,
2026-10-09 08:28:41,3,L3-030,,,T1,laptop-taqiya,1,FILKOM EVENT,e8:10:98:82:05:a3,5785,157,5.0,40,-70.0,,,,WPA2-Personal,no,
2026-10-09 08:28:41,3,L3-030,,,T1,laptop-taqiya,1,eduroam,e8:10:98:82:05:a2,5785,157,5.0,40,-69.0,,,,WPA2/3-Enterprise,no,
2026-10-09 08:28:41,3,L3-030,,,T1,laptop-taqiya,1,WiFi-FILKOM,e8:10:98:82:05:a1,5785,157,5.0,40,-69.0,,,,WPA2/3-Enterprise,no,
2026-10-09 08:28:41,3,L3-030,,,T1,laptop-taqiya,1,FILKOM EVENT,e8:10:98:82:0b:43,5745,149,5.0,40,-83.0,,,,WPA2-Personal,no,
2026-10-09 08:28:41,3,L3-030,,,T1,laptop-taqiya,1,iPhone (6),ae:80:1f:3c:0c:9d,5745,149,5.0,80,-84.0,,,,WPA2/WPA3-Personal,capable,
2026-10-09 08:28:41,3,L3-030,,,T1,laptop-taqiya,1,Samsung S25 Ultra,e2:82:61:7d:8d:ae,5745,149,5.0,80,-71.0,,,,WPA2/WPA3-Personal,capable,
2026-10-09 08:28:41,3,L3-030,,,T1,laptop-taqiya,1,WiFi-FILKOM,e8:10:98:82:0b:41,5745,149,5.0,40,-83.0,,,,WPA2/3-Enterprise,no,
2026-10-09 08:28:41,3,L3-030,,,T1,laptop-taqiya,1,FILKOM EVENT,e8:10:98:82:0b:23,5240,48,5.0,40,-81.0,,,,WPA2-Personal,no,
2026-10-09 08:28:41,3,L3-030,,,T1,laptop-taqiya,1,eduroam,e8:10:98:82:0b:22,5240,48,5.0,40,-81.0,,,,WPA2/3-Enterprise,no,
2026-10-09 08:28:41,3,L3-030,,,T1,laptop-taqiya,1,WiFi-FILKOM,e8:10:98:82:0b:21,5240,48,5.0,40,-81.0,,,,WPA2/3-Enterprise,no,
2026-10-09 08:28:41,3,L3-030,,,T1,laptop-taqiya,1,WiFi-UB.x,e8:10:98:82:0b:20,5240,48,5.0,40,-81.0,,,,WPA2/3-Enterprise,no,
2026-10-09 08:28:41,3,L3-030,,,T1,laptop-taqiya,1,lkjgfd,3e:c4:7f:30:14:49,5240,48,5.0,40,-70.0,,,,WPA2-Personal,no,
2026-10-09 08:28:50,3,L3-030,,,T1,laptop-taqiya,2,FILKOM EVENT,e8:10:98:82:0b:33,2462,11,2.4,20,-79.0,,,,WPA2-Personal,no,
2026-10-09 08:28:50,3,L3-030,,,T1,laptop-taqiya,2,eduroam,e8:10:98:82:0b:32,2462,11,2.4,20,-83.0,,,,WPA2/3-Enterprise,no,
2026-10-09 08:28:50,3,L3-030,,,T1,laptop-taqiya,2,WiFi-FILKOM,e8:10:98:82:0b:31,2462,11,2.4,20,-82.0,,,,WPA2/3-Enterprise,no,
2026-10-09 08:28:50,3,L3-030,,,T1,laptop-taqiya,2,WiFi-UB.x,e8:10:98:82:0b:30,2462,11,2.4,20,-81.0,,,,WPA2/3-Enterprise,no,
2026-10-09 08:28:50,3,L3-030,,,T1,laptop-taqiya,2,FILKOM EVENT,fc:7f:f1:dd:53:23,2462,11,2.4,20,-66.0,,,,WPA2-Personal,no,
2026-10-09 08:28:50,3,L3-030,,,T1,laptop-taqiya,2,eduroam,fc:7f:f1:dd:53:22,2462,11,2.4,20,-66.0,,,,WPA2/3-Enterprise,no,
2026-10-09 08:28:50,3,L3-030,,,T1,laptop-taqiya,2,WiFi-FILKOM,fc:7f:f1:dd:53:21,2462,11,2.4,20,-66.0,,,,WPA2/3-Enterprise,no,
2026-10-09 08:28:50,3,L3-030,,,T1,laptop-taqiya,2,WiFi-UB.x,fc:7f:f1:dd:53:20,2462,11,2.4,20,-69.0,,,,WPA2/3-Enterprise,no,
2026-10-09 08:28:50,3,L3-030,,,T1,laptop-taqiya,2,Galaxy S23+,ae:71:7b:89:03:ba,2462,11,2.4,20,-86.0,,,,WPA2-Personal,no,
2026-10-09 08:28:50,3,L3-030,,,T1,laptop-taqiya,2,FILKOM EVENT,e8:10:98:82:05:93,2437,6,2.4,20,-69.0,,,,WPA2-Personal,no,
2026-10-09 08:28:50,3,L3-030,,,T1,laptop-taqiya,2,eduroam,e8:10:98:82:05:92,2437,6,2.4,20,-68.0,,,,WPA2/3-Enterprise,no,
2026-10-09 08:28:50,3,L3-030,,,T1,laptop-taqiya,2,WiFi-FILKOM,e8:10:98:82:05:91,2437,6,2.4,20,-69.0,,,,WPA2/3-Enterprise,no,
2026-10-09 08:28:50,3,L3-030,,,T1,laptop-taqiya,2,WiFi-UB.x,e8:10:98:82:05:90,2437,6,2.4,20,-69.0,,,,WPA2/3-Enterprise,no,
2026-10-09 08:28:50,3,L3-030,,,T1,laptop-taqiya,2,MyW,16:b3:9d:08:dc:f3,2437,6,2.4,20,-75.0,,,,WPA2-Personal,no,
2026-10-09 08:28:50,3,L3-030,,,T1,laptop-taqiya,2,timun,62:77:a0:94:99:95,2437,6,2.4,20,-83.0,,,,WPA2-Personal,no,
2026-10-09 08:28:50,3,L3-030,,,T1,laptop-taqiya,2,ARCHIE13,96:c8:a4:3c:67:ef,2437,6,2.4,20,-76.0,,,,WPA2-Personal,no,
2026-10-09 08:28:50,3,L3-030,,,T1,laptop-taqiya,2,Kfkfkfm,46:d9:d2:ca:4f:5a,2437,6,2.4,20,-75.0,,,,WPA2-Personal,no,
2026-10-09 08:28:50,3,L3-030,,,T1,laptop-taqiya,2,"To you, in 2000 Years",0a:a1:11:53:7a:6e,2437,6,2.4,20,-58.0,,,,WPA2-Personal,no,
2026-10-09 08:28:50,3,L3-030,,,T1,laptop-taqiya,2,Lia's Galaxy A33 5G,52:ae:52:22:ad:64,2437,6,2.4,20,-80.0,,,,WPA2-Personal,no,
2026-10-09 08:28:50,3,L3-030,,,T1,laptop-taqiya,2,Redmi 10C,4e:78:64:e6:2c:5c,2432,5,2.4,20,-66.0,,,,WPA2-Personal,no,
2026-10-09 08:28:50,3,L3-030,,,T1,laptop-taqiya,2,FILKOM EVENT,54:d7:e3:45:51:23,2412,1,2.4,20,-63.0,,,,WPA2-Personal,no,
2026-10-09 08:28:50,3,L3-030,,,T1,laptop-taqiya,2,eduroam,54:d7:e3:45:51:22,2412,1,2.4,20,-63.0,,,,WPA2/3-Enterprise,no,
2026-10-09 08:28:50,3,L3-030,,,T1,laptop-taqiya,2,WiFi-FILKOM,54:d7:e3:45:51:21,2412,1,2.4,20,-58.0,,,,WPA2/3-Enterprise,no,
2026-10-09 08:28:50,3,L3-030,,,T1,laptop-taqiya,2,FILKOM EVENT,54:d7:e3:42:42:c3,2412,1,2.4,20,-83.0,,,,WPA2-Personal,no,
2026-10-09 08:28:50,3,L3-030,,,T1,laptop-taqiya,2,WiFi-UB.x,54:d7:e3:45:51:20,2412,1,2.4,20,-64.0,,,,WPA2/3-Enterprise,no,
2026-10-09 08:28:50,3,L3-030,,,T1,laptop-taqiya,2,nishimura,a6:ac:7b:7a:ad:b8,2412,1,2.4,20,-78.0,,,,WPA2/WPA3-Personal,capable,
2026-10-09 08:28:50,3,L3-030,,,T1,laptop-taqiya,2,WiFi-UB.x,e8:10:98:82:05:a0,5785,157,5.0,40,-75.0,,,,WPA2/3-Enterprise,no,
2026-10-09 08:28:50,3,L3-030,,,T1,laptop-taqiya,2,FILKOM EVENT,fc:7f:f1:dd:53:33,5320,64,5.0,40,-51.0,,,,WPA2-Personal,no,
2026-10-09 08:28:50,3,L3-030,,,T1,laptop-taqiya,2,eduroam,fc:7f:f1:dd:53:32,5320,64,5.0,40,-52.0,,,,WPA2/3-Enterprise,no,
2026-10-09 08:28:50,3,L3-030,,,T1,laptop-taqiya,2,WiFi-FILKOM,fc:7f:f1:dd:53:31,5320,64,5.0,40,-51.0,,,,WPA2/3-Enterprise,no,
2026-10-09 08:28:50,3,L3-030,,,T1,laptop-taqiya,2,WiFi-UB.x,fc:7f:f1:dd:53:30,5320,64,5.0,40,-51.0,,,,WPA2/3-Enterprise,no,
2026-10-09 08:28:50,3,L3-030,,,T1,laptop-taqiya,2,FILKOM EVENT,54:d7:e3:42:42:d3,5260,52,5.0,40,-82.0,,,,WPA2-Personal,no,
2026-10-09 08:28:50,3,L3-030,,,T1,laptop-taqiya,2,eduroam,54:d7:e3:42:42:d2,5260,52,5.0,40,-82.0,,,,WPA2/3-Enterprise,no,
2026-10-09 08:28:50,3,L3-030,,,T1,laptop-taqiya,2,WiFi-FILKOM,54:d7:e3:42:42:d1,5260,52,5.0,40,-82.0,,,,WPA2/3-Enterprise,no,
2026-10-09 08:28:50,3,L3-030,,,T1,laptop-taqiya,2,WiFi-UB.x,54:d7:e3:42:42:d0,5260,52,5.0,40,-82.0,,,,WPA2/3-Enterprise,no,
2026-10-09 08:28:50,3,L3-030,,,T1,laptop-taqiya,2,eduroam,3c:46:a1:b9:ba:e3,5765,153,5.0,20,-81.0,,1.0,11.8,WPA2/3-Enterprise,capable,
2026-10-09 08:28:50,3,L3-030,,,T1,laptop-taqiya,2,WiFi-UB,3c:46:a1:b9:ba:e0,5765,153,5.0,20,-78.0,,0.0,11.8,WPA2/3-Enterprise,required,
2026-10-09 08:28:50,3,L3-030,,,T1,laptop-taqiya,2,WiFi-UB.x,3c:46:a1:b9:ba:e2,5765,153,5.0,20,-86.0,,0.0,11.8,WPA2/3-Enterprise,no,
2026-10-09 08:28:50,3,L3-030,,,T1,laptop-taqiya,2,FILKOM EVENT,e8:10:98:82:0b:43,5745,149,5.0,40,-83.0,,,,WPA2-Personal,no,
2026-10-09 08:28:50,3,L3-030,,,T1,laptop-taqiya,2,eduroam,e8:10:98:82:0b:42,5745,149,5.0,40,-83.0,,,,WPA2/3-Enterprise,no,
2026-10-09 08:28:50,3,L3-030,,,T1,laptop-taqiya,2,iPhone (6),ae:80:1f:3c:0c:9d,5745,149,5.0,80,-87.0,,,,WPA2/WPA3-Personal,capable,
2026-10-09 08:28:50,3,L3-030,,,T1,laptop-taqiya,2,WiFi-FILKOM,e8:10:98:82:0b:41,5745,149,5.0,40,-83.0,,,,WPA2/3-Enterprise,no,
2026-10-09 08:28:50,3,L3-030,,,T1,laptop-taqiya,2,Samsung S25 Ultra,e2:82:61:7d:8d:ae,5745,149,5.0,80,-82.0,,,,WPA2/WPA3-Personal,capable,
2026-10-09 08:28:50,3,L3-030,,,T1,laptop-taqiya,2,WiFi-UB.x,e8:10:98:82:0b:40,5745,149,5.0,40,-84.0,,,,WPA2/3-Enterprise,no,
2026-10-09 08:28:50,3,L3-030,,,T1,laptop-taqiya,2,FILKOM EVENT,e8:10:98:82:05:a3,5785,157,5.0,40,-71.0,,,,WPA2-Personal,no,
2026-10-09 08:28:50,3,L3-030,,,T1,laptop-taqiya,2,eduroam,e8:10:98:82:05:a2,5785,157,5.0,40,-71.0,,,,WPA2/3-Enterprise,no,
2026-10-09 08:28:50,3,L3-030,,,T1,laptop-taqiya,2,WiFi-FILKOM,e8:10:98:82:05:a1,5785,157,5.0,40,-71.0,,,,WPA2/3-Enterprise,no,
2026-10-09 08:28:50,3,L3-030,,,T1,laptop-taqiya,2,FILKOM EVENT,e8:10:98:82:0b:23,5240,48,5.0,40,-84.0,,,,WPA2-Personal,no,
2026-10-09 08:28:50,3,L3-030,,,T1,laptop-taqiya,2,eduroam,e8:10:98:82:0b:22,5240,48,5.0,40,-84.0,,,,WPA2/3-Enterprise,no,
2026-10-09 08:28:50,3,L3-030,,,T1,laptop-taqiya,2,WiFi-FILKOM,e8:10:98:82:0b:21,5240,48,5.0,40,-84.0,,,,WPA2/3-Enterprise,no,
2026-10-09 08:28:50,3,L3-030,,,T1,laptop-taqiya,2,WiFi-UB.x,e8:10:98:82:0b:20,5240,48,5.0,40,-84.0,,,,WPA2/3-Enterprise,no,
2026-10-09 08:28:50,3,L3-030,,,T1,laptop-taqiya,2,lkjgfd,3e:c4:7f:30:14:49,5240,48,5.0,40,-72.0,,,,WPA2-Personal,no,
2026-10-09 08:28:59,3,L3-030,,,T1,laptop-taqiya,3,WiFi-UB.x,e8:10:98:82:05:a0,5785,157,5.0,40,-65.0,,,,WPA2/3-Enterprise,no,
2026-10-09 08:28:59,3,L3-030,,,T1,laptop-taqiya,3,FY,8a:8f:dc:e0:94:b8,2472,13,2.4,20,-62.0,,,,WPA2-Personal,no,
2026-10-09 08:28:59,3,L3-030,,,T1,laptop-taqiya,3,OPPO SPT,c6:ea:53:40:13:1d,2462,11,2.4,20,-75.0,,,,WPA2/WPA3-Personal,capable,
2026-10-09 08:28:59,3,L3-030,,,T1,laptop-taqiya,3,Note 7,6e:7b:4e:0b:ad:07,2462,11,2.4,20,-83.0,,,,WPA2-Personal,no,
2026-10-09 08:28:59,3,L3-030,,,T1,laptop-taqiya,3,FILKOM EVENT,fc:7f:f1:dd:53:23,2462,11,2.4,20,-68.0,,,,WPA2-Personal,no,
2026-10-09 08:28:59,3,L3-030,,,T1,laptop-taqiya,3,eduroam,fc:7f:f1:dd:53:22,2462,11,2.4,20,-64.0,,,,WPA2/3-Enterprise,no,
2026-10-09 08:28:59,3,L3-030,,,T1,laptop-taqiya,3,WiFi-FILKOM,fc:7f:f1:dd:53:21,2462,11,2.4,20,-66.0,,,,WPA2/3-Enterprise,no,
2026-10-09 08:28:59,3,L3-030,,,T1,laptop-taqiya,3,WiFi-UB.x,fc:7f:f1:dd:53:20,2462,11,2.4,20,-65.0,,,,WPA2/3-Enterprise,no,
2026-10-09 08:28:59,3,L3-030,,,T1,laptop-taqiya,3,"To you, in 2000 Years",0a:a1:11:53:7a:6e,2437,6,2.4,20,-63.0,,,,WPA2-Personal,no,
2026-10-09 08:28:59,3,L3-030,,,T1,laptop-taqiya,3,WiFi-FILKOM,e8:10:98:82:05:91,2437,6,2.4,20,-67.0,,,,WPA2/3-Enterprise,no,
2026-10-09 08:28:59,3,L3-030,,,T1,laptop-taqiya,3,WiFi-UB.x,e8:10:98:82:05:90,2437,6,2.4,20,-67.0,,,,WPA2/3-Enterprise,no,
2026-10-09 08:28:59,3,L3-030,,,T1,laptop-taqiya,3,MyW,16:b3:9d:08:dc:f3,2437,6,2.4,20,-77.0,,,,WPA2-Personal,no,
2026-10-09 08:28:59,3,L3-030,,,T1,laptop-taqiya,3,Redmi 10C,4e:78:64:e6:2c:5c,2432,5,2.4,20,-64.0,,,,WPA2-Personal,no,
2026-10-09 08:28:59,3,L3-030,,,T1,laptop-taqiya,3,nishimura,a6:ac:7b:7a:ad:b8,2412,1,2.4,20,-80.0,,,,WPA2/WPA3-Personal,capable,
2026-10-09 08:28:59,3,L3-030,,,T1,laptop-taqiya,3,FILKOM EVENT,54:d7:e3:45:51:23,2412,1,2.4,20,-65.0,,,,WPA2-Personal,no,
2026-10-09 08:28:59,3,L3-030,,,T1,laptop-taqiya,3,eduroam,54:d7:e3:45:51:22,2412,1,2.4,20,-65.0,,,,WPA2/3-Enterprise,no,
2026-10-09 08:28:59,3,L3-030,,,T1,laptop-taqiya,3,WiFi-FILKOM,54:d7:e3:45:51:21,2412,1,2.4,20,-63.0,,,,WPA2/3-Enterprise,no,
2026-10-09 08:28:59,3,L3-030,,,T1,laptop-taqiya,3,WiFi-UB.x,54:d7:e3:45:51:20,2412,1,2.4,20,-66.0,,,,WPA2/3-Enterprise,no,
2026-10-09 08:28:59,3,L3-030,,,T1,laptop-taqiya,3,FILKOM EVENT,e8:10:98:82:05:a3,5785,157,5.0,40,-70.0,,,,WPA2-Personal,no,
2026-10-09 08:28:59,3,L3-030,,,T1,laptop-taqiya,3,eduroam,e8:10:98:82:05:a2,5785,157,5.0,40,-70.0,,,,WPA2/3-Enterprise,no,
2026-10-09 08:28:59,3,L3-030,,,T1,laptop-taqiya,3,WiFi-FILKOM,e8:10:98:82:05:a1,5785,157,5.0,40,-71.0,,,,WPA2/3-Enterprise,no,
2026-10-09 08:28:59,3,L3-030,,,T1,laptop-taqiya,3,eduroam,3c:46:a1:b9:ba:e3,5765,153,5.0,20,-80.0,,1.0,13.3,WPA2/3-Enterprise,capable,
2026-10-09 08:28:59,3,L3-030,,,T1,laptop-taqiya,3,WiFi-UB.x,3c:46:a1:b9:ba:e2,5765,153,5.0,20,-81.0,,0.0,13.3,WPA2/3-Enterprise,no,
2026-10-09 08:28:59,3,L3-030,,,T1,laptop-taqiya,3,WiFi-UB,3c:46:a1:b9:ba:e0,5765,153,5.0,20,-84.0,,0.0,13.3,WPA2/3-Enterprise,required,
2026-10-09 08:28:59,3,L3-030,,,T1,laptop-taqiya,3,FILKOM EVENT,e8:10:98:82:0b:43,5745,149,5.0,40,-82.0,,,,WPA2-Personal,no,
2026-10-09 08:28:59,3,L3-030,,,T1,laptop-taqiya,3,eduroam,e8:10:98:82:0b:42,5745,149,5.0,40,-82.0,,,,WPA2/3-Enterprise,no,
2026-10-09 08:28:59,3,L3-030,,,T1,laptop-taqiya,3,WiFi-FILKOM,e8:10:98:82:0b:41,5745,149,5.0,40,-82.0,,,,WPA2/3-Enterprise,no,
2026-10-09 08:28:59,3,L3-030,,,T1,laptop-taqiya,3,Samsung S25 Ultra,e2:82:61:7d:8d:ae,5745,149,5.0,80,-79.0,,,,WPA2/WPA3-Personal,capable,
2026-10-09 08:28:59,3,L3-030,,,T1,laptop-taqiya,3,iPhone (6),ae:80:1f:3c:0c:9d,5745,149,5.0,80,-81.0,,,,WPA2/WPA3-Personal,capable,
2026-10-09 08:28:59,3,L3-030,,,T1,laptop-taqiya,3,FILKOM EVENT,e8:10:98:82:0b:23,5240,48,5.0,40,-83.0,,,,WPA2-Personal,no,
2026-10-09 08:28:59,3,L3-030,,,T1,laptop-taqiya,3,eduroam,e8:10:98:82:0b:22,5240,48,5.0,40,-83.0,,,,WPA2/3-Enterprise,no,
2026-10-09 08:28:59,3,L3-030,,,T1,laptop-taqiya,3,WiFi-FILKOM,e8:10:98:82:0b:21,5240,48,5.0,40,-82.0,,,,WPA2/3-Enterprise,no,
2026-10-09 08:28:59,3,L3-030,,,T1,laptop-taqiya,3,WiFi-UB.x,e8:10:98:82:0b:20,5240,48,5.0,40,-83.0,,,,WPA2/3-Enterprise,no,
2026-10-09 08:28:59,3,L3-030,,,T1,laptop-taqiya,3,lkjgfd,3e:c4:7f:30:14:49,5240,48,5.0,40,-70.0,,,,WPA2-Personal,no,
2026-10-09 08:32:10,3,L3-025,,,T1,laptop-taqiya,1,FY,8a:8f:dc:e0:94:b8,2472,13,2.4,20,-77.0,,,,WPA2-Personal,no,
2026-10-09 08:32:10,3,L3-025,,,T1,laptop-taqiya,1,kiket🍫,0e:c3:f4:16:b9:78,2462,11,2.4,20,-74.0,,,,WPA2-Personal,no,
2026-10-09 08:32:10,3,L3-025,,,T1,laptop-taqiya,1,FILKOM EVENT,e8:10:98:82:0b:33,2462,11,2.4,20,-76.0,,,,WPA2-Personal,no,
2026-10-09 08:32:10,3,L3-025,,,T1,laptop-taqiya,1,eduroam,e8:10:98:82:0b:32,2462,11,2.4,20,-76.0,,,,WPA2/3-Enterprise,no,
2026-10-09 08:32:10,3,L3-025,,,T1,laptop-taqiya,1,WiFi-UB.x,e8:10:98:82:0b:30,2462,11,2.4,20,-76.0,,,,WPA2/3-Enterprise,no,
2026-10-09 08:32:10,3,L3-025,,,T1,laptop-taqiya,1,FILKOM EVENT,fc:7f:f1:dd:53:23,2462,11,2.4,20,-61.0,,,,WPA2-Personal,no,
2026-10-09 08:32:10,3,L3-025,,,T1,laptop-taqiya,1,eduroam,fc:7f:f1:dd:53:22,2462,11,2.4,20,-68.0,,,,WPA2/3-Enterprise,no,
2026-10-09 08:32:10,3,L3-025,,,T1,laptop-taqiya,1,WiFi-FILKOM,fc:7f:f1:dd:53:21,2462,11,2.4,20,-67.0,,,,WPA2/3-Enterprise,no,
2026-10-09 08:32:10,3,L3-025,,,T1,laptop-taqiya,1,WiFi-UB.x,fc:7f:f1:dd:53:20,2462,11,2.4,20,-61.0,,,,WPA2/3-Enterprise,no,
2026-10-09 08:32:10,3,L3-025,,,T1,laptop-taqiya,1,WiFi-UB.x,e8:10:98:82:05:a0,5785,157,5.0,40,-62.0,,,,WPA2/3-Enterprise,no,
2026-10-09 08:32:10,3,L3-025,,,T1,laptop-taqiya,1,Lia's Galaxy A33 5G,52:ae:52:22:ad:64,2437,6,2.4,20,-75.0,,,,WPA2-Personal,no,
2026-10-09 08:32:10,3,L3-025,,,T1,laptop-taqiya,1,FILKOM EVENT,e8:10:98:82:05:93,2437,6,2.4,20,-66.0,,,,WPA2-Personal,no,
2026-10-09 08:32:10,3,L3-025,,,T1,laptop-taqiya,1,eduroam,e8:10:98:82:05:92,2437,6,2.4,20,-65.0,,,,WPA2/3-Enterprise,no,
2026-10-09 08:32:10,3,L3-025,,,T1,laptop-taqiya,1,WiFi-FILKOM,e8:10:98:82:05:91,2437,6,2.4,20,-69.0,,,,WPA2/3-Enterprise,no,
2026-10-09 08:32:10,3,L3-025,,,T1,laptop-taqiya,1,Kfkfkfm,46:d9:d2:ca:4f:5a,2437,6,2.4,20,-77.0,,,,WPA2-Personal,no,
2026-10-09 08:32:10,3,L3-025,,,T1,laptop-taqiya,1,ammar,e2:16:a3:63:e7:d4,2437,6,2.4,20,-83.0,,,,WPA2-Personal,no,
2026-10-09 08:32:10,3,L3-025,,,T1,laptop-taqiya,1,"To you, in 2000 Years",0a:a1:11:53:7a:6e,2437,6,2.4,20,-62.0,,,,WPA2-Personal,no,
2026-10-09 08:32:10,3,L3-025,,,T1,laptop-taqiya,1,eduroam,54:d7:e3:45:51:22,2412,1,2.4,20,-63.0,,,,WPA2/3-Enterprise,no,
2026-10-09 08:32:10,3,L3-025,,,T1,laptop-taqiya,1,Tab S9 milik Muhammad Fariz,2e:86:05:95:0a:57,2412,1,2.4,20,-66.0,,,,WPA2-Personal,no,
2026-10-09 08:32:10,3,L3-025,,,T1,laptop-taqiya,1,FILKOM EVENT,54:d7:e3:45:51:23,2412,1,2.4,20,-78.0,,,,WPA2-Personal,no,
2026-10-09 08:32:10,3,L3-025,,,T1,laptop-taqiya,1,FILKOM EVENT,54:d7:e3:42:42:c3,2412,1,2.4,20,-58.0,,,,WPA2-Personal,no,
2026-10-09 08:32:10,3,L3-025,,,T1,laptop-taqiya,1,eduroam,54:d7:e3:42:42:c2,2412,1,2.4,20,-57.0,,,,WPA2/3-Enterprise,no,
2026-10-09 08:32:10,3,L3-025,,,T1,laptop-taqiya,1,WiFi-FILKOM,54:d7:e3:42:42:c1,2412,1,2.4,20,-55.0,,,,WPA2/3-Enterprise,no,
2026-10-09 08:32:10,3,L3-025,,,T1,laptop-taqiya,1,WiFi-UB.x,54:d7:e3:42:42:c0,2412,1,2.4,20,-58.0,,,,WPA2/3-Enterprise,no,
2026-10-09 08:32:10,3,L3-025,,,T1,laptop-taqiya,1,FILKOM EVENT,fc:7f:f1:dd:53:33,5320,64,5.0,40,-57.0,,,,WPA2-Personal,no,
2026-10-09 08:32:10,3,L3-025,,,T1,laptop-taqiya,1,eduroam,fc:7f:f1:dd:53:32,5320,64,5.0,40,-57.0,,,,WPA2/3-Enterprise,no,
2026-10-09 08:32:10,3,L3-025,,,T1,laptop-taqiya,1,WiFi-FILKOM,fc:7f:f1:dd:53:31,5320,64,5.0,40,-57.0,,,,WPA2/3-Enterprise,no,
2026-10-09 08:32:10,3,L3-025,,,T1,laptop-taqiya,1,WiFi-UB.x,fc:7f:f1:dd:53:30,5320,64,5.0,40,-56.0,,,,WPA2/3-Enterprise,no,
2026-10-09 08:32:10,3,L3-025,,,T1,laptop-taqiya,1,FILKOM EVENT,54:d7:e3:42:42:d3,5260,52,5.0,40,-51.0,,,,WPA2-Personal,no,
2026-10-09 08:32:10,3,L3-025,,,T1,laptop-taqiya,1,eduroam,54:d7:e3:42:42:d2,5260,52,5.0,40,-51.0,,,,WPA2/3-Enterprise,no,
2026-10-09 08:32:10,3,L3-025,,,T1,laptop-taqiya,1,WiFi-FILKOM,54:d7:e3:42:42:d1,5260,52,5.0,40,-51.0,,,,WPA2/3-Enterprise,no,
2026-10-09 08:32:10,3,L3-025,,,T1,laptop-taqiya,1,WiFi-UB.x,54:d7:e3:42:42:d0,5260,52,5.0,40,-51.0,,,,WPA2/3-Enterprise,no,
2026-10-09 08:32:10,3,L3-025,,,T1,laptop-taqiya,1,FILKOM EVENT,e8:10:98:82:05:a3,5785,157,5.0,40,-60.0,,,,WPA2-Personal,no,
2026-10-09 08:32:10,3,L3-025,,,T1,laptop-taqiya,1,eduroam,e8:10:98:82:05:a2,5785,157,5.0,40,-60.0,,,,WPA2/3-Enterprise,no,
2026-10-09 08:32:10,3,L3-025,,,T1,laptop-taqiya,1,WiFi-FILKOM,e8:10:98:82:05:a1,5785,157,5.0,40,-60.0,,,,WPA2/3-Enterprise,no,
2026-10-09 08:32:10,3,L3-025,,,T1,laptop-taqiya,1,WIFI_5G_On,da:e8:44:14:ea:a5,5785,157,5.0,80,-89.0,,0.0,0.0,WPA2-Personal,no,
2026-10-09 08:32:10,3,L3-025,,,T1,laptop-taqiya,1,,da:e8:44:44:ea:a5,5785,157,5.0,80,-88.0,,0.0,0.0,WPA2-Personal,no,
2026-10-09 08:32:10,3,L3-025,,,T1,laptop-taqiya,1,FILKOM EVENT,ec:bd:1d:af:f6:7c,5745,149,5.0,20,-89.0,,0.0,1.2,WPA2-Personal,no,
2026-10-09 08:32:10,3,L3-025,,,T1,laptop-taqiya,1,FILKOM EVENT,e8:10:98:82:0b:43,5745,149,5.0,40,-70.0,,,,WPA2-Personal,no,
2026-10-09 08:32:10,3,L3-025,,,T1,laptop-taqiya,1,eduroam,e8:10:98:82:0b:42,5745,149,5.0,40,-69.0,,,,WPA2/3-Enterprise,no,
2026-10-09 08:32:10,3,L3-025,,,T1,laptop-taqiya,1,WiFi-FILKOM,e8:10:98:82:0b:41,5745,149,5.0,40,-70.0,,,,WPA2/3-Enterprise,no,
2026-10-09 08:32:10,3,L3-025,,,T1,laptop-taqiya,1,WiFi-UB.x,e8:10:98:82:0b:40,5745,149,5.0,40,-69.0,,,,WPA2/3-Enterprise,no,
2026-10-09 08:32:10,3,L3-025,,,T1,laptop-taqiya,1,Samsung S25 Ultra,e2:82:61:7d:8d:ae,5745,149,5.0,80,-82.0,,,,WPA2/WPA3-Personal,capable,
2026-10-09 08:32:10,3,L3-025,,,T1,laptop-taqiya,1,,d8:e8:44:74:ea:a5,5785,157,5.0,80,-88.0,,0.0,0.0,WPA2-Personal,no,
2026-10-09 08:32:10,3,L3-025,,,T1,laptop-taqiya,1,WiFi-UB.x,34:8f:27:44:98:ac,5785,157,5.0,20,-83.0,,2.0,1.2,WPA2/3-Enterprise,no,
2026-10-09 08:32:10,3,L3-025,,,T1,laptop-taqiya,1,eduroam,34:8f:27:04:98:ac,5785,157,5.0,20,-83.0,,0.0,1.2,WPA2/3-Enterprise,no,
2026-10-09 08:32:10,3,L3-025,,,T1,laptop-taqiya,1,FILKOM EVENT,e8:10:98:82:0b:23,5240,48,5.0,40,-71.0,,,,WPA2-Personal,no,
2026-10-09 08:32:10,3,L3-025,,,T1,laptop-taqiya,1,eduroam,e8:10:98:82:0b:22,5240,48,5.0,40,-71.0,,,,WPA2/3-Enterprise,no,
2026-10-09 08:32:10,3,L3-025,,,T1,laptop-taqiya,1,WiFi-FILKOM,e8:10:98:82:0b:21,5240,48,5.0,40,-72.0,,,,WPA2/3-Enterprise,no,
2026-10-09 08:32:10,3,L3-025,,,T1,laptop-taqiya,1,lkjgfd,3e:c4:7f:30:14:49,5240,48,5.0,40,-71.0,,,,WPA2-Personal,no,
2026-10-09 08:32:10,3,L3-025,,,T1,laptop-taqiya,1,WiFi-UB.x,e8:10:98:82:0b:20,5240,48,5.0,40,-73.0,,,,WPA2/3-Enterprise,no,
2026-10-09 08:32:19,3,L3-025,,,T1,laptop-taqiya,2,WiFi-UB.x,e8:10:98:82:05:a0,5785,157,5.0,40,-61.0,,,,WPA2/3-Enterprise,no,
2026-10-09 08:32:19,3,L3-025,,,T1,laptop-taqiya,2,"To you, in 2000 Years",0a:a1:11:53:7a:6e,2437,6,2.4,20,-63.0,,,,WPA2-Personal,no,
2026-10-09 08:32:19,3,L3-025,,,T1,laptop-taqiya,2,Lia's Galaxy A33 5G,52:ae:52:22:ad:64,2437,6,2.4,20,-81.0,,,,WPA2-Personal,no,
2026-10-09 08:32:19,3,L3-025,,,T1,laptop-taqiya,2,FILKOM EVENT,e8:10:98:82:05:93,2437,6,2.4,20,-67.0,,,,WPA2-Personal,no,
2026-10-09 08:32:19,3,L3-025,,,T1,laptop-taqiya,2,eduroam,e8:10:98:82:05:92,2437,6,2.4,20,-68.0,,,,WPA2/3-Enterprise,no,
2026-10-09 08:32:19,3,L3-025,,,T1,laptop-taqiya,2,WiFi-FILKOM,e8:10:98:82:05:91,2437,6,2.4,20,-68.0,,,,WPA2/3-Enterprise,no,
2026-10-09 08:32:19,3,L3-025,,,T1,laptop-taqiya,2,WiFi-UB.x,e8:10:98:82:05:90,2437,6,2.4,20,-68.0,,,,WPA2/3-Enterprise,no,
2026-10-09 08:32:19,3,L3-025,,,T1,laptop-taqiya,2,Redmi 10C,4e:78:64:e6:2c:5c,2432,5,2.4,20,-71.0,,,,WPA2-Personal,no,
2026-10-09 08:32:19,3,L3-025,,,T1,laptop-taqiya,2,eduroam,0e:b8:e6:d9:af:f1,2412,1,2.4,20,-80.0,,,,WPA2/3-Enterprise,no,
2026-10-09 08:32:19,3,L3-025,,,T1,laptop-taqiya,2,myECO_LIDAR,de:4f:22:6c:e6:c6,2412,1,2.4,20,-71.0,,,,Open,no,
2026-10-09 08:32:19,3,L3-025,,,T1,laptop-taqiya,2,WiFi-UB.x,0a:b8:e6:d9:af:f1,2412,1,2.4,20,-78.0,,,,WPA2/3-Enterprise,no,
2026-10-09 08:32:19,3,L3-025,,,T1,laptop-taqiya,2,FILKOM EVENT,54:d7:e3:42:42:c3,2412,1,2.4,20,-55.0,,,,WPA2-Personal,no,
2026-10-09 08:32:19,3,L3-025,,,T1,laptop-taqiya,2,eduroam,54:d7:e3:42:42:c2,2412,1,2.4,20,-56.0,,,,WPA2/3-Enterprise,no,
2026-10-09 08:32:19,3,L3-025,,,T1,laptop-taqiya,2,WiFi-FILKOM,54:d7:e3:42:42:c1,2412,1,2.4,20,-56.0,,,,WPA2/3-Enterprise,no,
2026-10-09 08:32:19,3,L3-025,,,T1,laptop-taqiya,2,Tab S9 milik Muhammad Fariz,2e:86:05:95:0a:57,2412,1,2.4,20,-76.0,,,,WPA2-Personal,no,
2026-10-09 08:32:19,3,L3-025,,,T1,laptop-taqiya,2,WiFi-UB.x,54:d7:e3:42:42:c0,2412,1,2.4,20,-56.0,,,,WPA2/3-Enterprise,no,
2026-10-09 08:32:19,3,L3-025,,,T1,laptop-taqiya,2,FILKOM EVENT,fc:7f:f1:dd:53:33,5320,64,5.0,40,-58.0,,,,WPA2-Personal,no,
2026-10-09 08:32:19,3,L3-025,,,T1,laptop-taqiya,2,eduroam,fc:7f:f1:dd:53:32,5320,64,5.0,40,-58.0,,,,WPA2/3-Enterprise,no,
2026-10-09 08:32:19,3,L3-025,,,T1,laptop-taqiya,2,WiFi-FILKOM,fc:7f:f1:dd:53:31,5320,64,5.0,40,-58.0,,,,WPA2/3-Enterprise,no,
2026-10-09 08:32:19,3,L3-025,,,T1,laptop-taqiya,2,WiFi-UB.x,fc:7f:f1:dd:53:30,5320,64,5.0,40,-57.0,,,,WPA2/3-Enterprise,no,
2026-10-09 08:32:19,3,L3-025,,,T1,laptop-taqiya,2,FILKOM EVENT,54:d7:e3:42:42:d3,5260,52,5.0,40,-51.0,,,,WPA2-Personal,no,
2026-10-09 08:32:19,3,L3-025,,,T1,laptop-taqiya,2,eduroam,54:d7:e3:42:42:d2,5260,52,5.0,40,-49.0,,,,WPA2/3-Enterprise,no,
2026-10-09 08:32:19,3,L3-025,,,T1,laptop-taqiya,2,WiFi-FILKOM,54:d7:e3:42:42:d1,5260,52,5.0,40,-51.0,,,,WPA2/3-Enterprise,no,
2026-10-09 08:32:19,3,L3-025,,,T1,laptop-taqiya,2,WiFi-UB.x,54:d7:e3:42:42:d0,5260,52,5.0,40,-51.0,,,,WPA2/3-Enterprise,no,
2026-10-09 08:32:19,3,L3-025,,,T1,laptop-taqiya,2,WiFi-UB.x,34:8f:27:44:98:ac,5785,157,5.0,20,-86.0,,2.0,2.0,WPA2/3-Enterprise,no,
2026-10-09 08:32:19,3,L3-025,,,T1,laptop-taqiya,2,eduroam,34:8f:27:04:98:ac,5785,157,5.0,20,-86.0,,0.0,2.0,WPA2/3-Enterprise,no,
2026-10-09 08:32:19,3,L3-025,,,T1,laptop-taqiya,2,iPhone (6),ae:80:1f:3c:0c:9d,5745,149,5.0,80,-91.0,,,,WPA2/WPA3-Personal,capable,
2026-10-09 08:32:19,3,L3-025,,,T1,laptop-taqiya,2,FILKOM EVENT,e8:10:98:82:0b:43,5745,149,5.0,40,-66.0,,,,WPA2-Personal,no,
2026-10-09 08:32:19,3,L3-025,,,T1,laptop-taqiya,2,eduroam,e8:10:98:82:0b:42,5745,149,5.0,40,-68.0,,,,WPA2/3-Enterprise,no,
2026-10-09 08:32:19,3,L3-025,,,T1,laptop-taqiya,2,Samsung S25 Ultra,e2:82:61:7d:8d:ae,5745,149,5.0,80,-83.0,,,,WPA2/WPA3-Personal,capable,
2026-10-09 08:32:19,3,L3-025,,,T1,laptop-taqiya,2,WiFi-FILKOM,e8:10:98:82:0b:41,5745,149,5.0,40,-65.0,,,,WPA2/3-Enterprise,no,
2026-10-09 08:32:19,3,L3-025,,,T1,laptop-taqiya,2,WiFi-UB.x,e8:10:98:82:0b:40,5745,149,5.0,40,-68.0,,,,WPA2/3-Enterprise,no,
2026-10-09 08:32:19,3,L3-025,,,T1,laptop-taqiya,2,FILKOM EVENT,e8:10:98:82:0b:23,5240,48,5.0,40,-69.0,,,,WPA2-Personal,no,
2026-10-09 08:32:19,3,L3-025,,,T1,laptop-taqiya,2,eduroam,e8:10:98:82:0b:22,5240,48,5.0,40,-69.0,,,,WPA2/3-Enterprise,no,
2026-10-09 08:32:19,3,L3-025,,,T1,laptop-taqiya,2,WiFi-FILKOM,e8:10:98:82:0b:21,5240,48,5.0,40,-69.0,,,,WPA2/3-Enterprise,no,
2026-10-09 08:32:19,3,L3-025,,,T1,laptop-taqiya,2,lkjgfd,3e:c4:7f:30:14:49,5240,48,5.0,40,-65.0,,,,WPA2-Personal,no,
2026-10-09 08:32:19,3,L3-025,,,T1,laptop-taqiya,2,WiFi-UB.x,e8:10:98:82:0b:20,5240,48,5.0,40,-69.0,,,,WPA2/3-Enterprise,no,
2026-10-09 08:32:19,3,L3-025,,,T1,laptop-taqiya,2,,da:e8:44:44:ea:a5,5785,157,5.0,80,-89.0,,0.0,0.0,WPA2-Personal,no,
2026-10-09 08:32:19,3,L3-025,,,T1,laptop-taqiya,2,WIFI_5G_On,da:e8:44:14:ea:a5,5785,157,5.0,80,-89.0,,0.0,0.0,WPA2-Personal,no,
2026-10-09 08:32:19,3,L3-025,,,T1,laptop-taqiya,2,,d8:e8:44:74:ea:a5,5785,157,5.0,80,-89.0,,0.0,0.0,WPA2-Personal,no,
2026-10-09 08:32:19,3,L3-025,,,T1,laptop-taqiya,2,FILKOM EVENT,e8:10:98:82:05:a3,5785,157,5.0,40,-63.0,,,,WPA2-Personal,no,
2026-10-09 08:32:19,3,L3-025,,,T1,laptop-taqiya,2,eduroam,e8:10:98:82:05:a2,5785,157,5.0,40,-64.0,,,,WPA2/3-Enterprise,no,
2026-10-09 08:32:19,3,L3-025,,,T1,laptop-taqiya,2,WiFi-FILKOM,e8:10:98:82:05:a1,5785,157,5.0,40,-64.0,,,,WPA2/3-Enterprise,no,
2026-10-09 08:32:28,3,L3-025,,,T1,laptop-taqiya,3,WiFi-UB.x,e8:10:98:82:05:a0,5785,157,5.0,40,-60.0,,,,WPA2/3-Enterprise,no,
2026-10-09 08:32:28,3,L3-025,,,T1,laptop-taqiya,3,WIFI_5G_On,da:e8:44:14:ea:a5,5785,157,5.0,80,-88.0,,0.0,0.0,WPA2-Personal,no,
2026-10-09 08:32:28,3,L3-025,,,T1,laptop-taqiya,3,,d8:e8:44:74:ea:a5,5785,157,5.0,80,-89.0,,0.0,0.0,WPA2-Personal,no,
2026-10-09 08:32:28,3,L3-025,,,T1,laptop-taqiya,3,FILKOM EVENT,e8:10:98:82:0b:33,2462,11,2.4,20,-76.0,,,,WPA2-Personal,no,
2026-10-09 08:32:28,3,L3-025,,,T1,laptop-taqiya,3,eduroam,e8:10:98:82:0b:32,2462,11,2.4,20,-70.0,,,,WPA2/3-Enterprise,no,
2026-10-09 08:32:28,3,L3-025,,,T1,laptop-taqiya,3,WiFi-UB.x,e8:10:98:82:0b:30,2462,11,2.4,20,-75.0,,,,WPA2/3-Enterprise,no,
2026-10-09 08:32:28,3,L3-025,,,T1,laptop-taqiya,3,WiFi-UB.x,fc:7f:f1:dd:53:20,2462,11,2.4,20,-68.0,,,,WPA2/3-Enterprise,no,
2026-10-09 08:32:28,3,L3-025,,,T1,laptop-taqiya,3,eduroam,e8:10:98:82:05:92,2437,6,2.4,20,-70.0,,,,WPA2/3-Enterprise,no,
2026-10-09 08:32:28,3,L3-025,,,T1,laptop-taqiya,3,WiFi-UB.x,e8:10:98:82:05:90,2437,6,2.4,20,-68.0,,,,WPA2/3-Enterprise,no,
2026-10-09 08:32:28,3,L3-025,,,T1,laptop-taqiya,3,ammar,e2:16:a3:63:e7:d4,2437,6,2.4,20,-74.0,,,,WPA2-Personal,no,
2026-10-09 08:32:28,3,L3-025,,,T1,laptop-taqiya,3,"To you, in 2000 Years",0a:a1:11:53:7a:6e,2437,6,2.4,20,-64.0,,,,WPA2-Personal,no,
2026-10-09 08:32:28,3,L3-025,,,T1,laptop-taqiya,3,Redmi 10C,4e:78:64:e6:2c:5c,2432,5,2.4,20,-71.0,,,,WPA2-Personal,no,
2026-10-09 08:32:28,3,L3-025,,,T1,laptop-taqiya,3,WiFi-FILKOM,54:d7:e3:42:42:c1,2412,1,2.4,20,-57.0,,,,WPA2/3-Enterprise,no,
2026-10-09 08:32:28,3,L3-025,,,T1,laptop-taqiya,3,FILKOM EVENT,54:d7:e3:42:42:c3,2412,1,2.4,20,-53.0,,,,WPA2-Personal,no,
2026-10-09 08:32:28,3,L3-025,,,T1,laptop-taqiya,3,eduroam,54:d7:e3:42:42:c2,2412,1,2.4,20,-53.0,,,,WPA2/3-Enterprise,no,
2026-10-09 08:32:28,3,L3-025,,,T1,laptop-taqiya,3,WiFi-UB.x,54:d7:e3:42:42:c0,2412,1,2.4,20,-53.0,,,,WPA2/3-Enterprise,no,
2026-10-09 08:32:28,3,L3-025,,,T1,laptop-taqiya,3,,da:e8:44:44:ea:a5,5785,157,5.0,80,-88.0,,0.0,0.0,WPA2-Personal,no,
2026-10-09 08:32:28,3,L3-025,,,T1,laptop-taqiya,3,WiFi-UB.x,34:8f:27:44:98:ac,5785,157,5.0,20,-84.0,,2.0,8.2,WPA2/3-Enterprise,no,
2026-10-09 08:32:28,3,L3-025,,,T1,laptop-taqiya,3,eduroam,34:8f:27:04:98:ac,5785,157,5.0,20,-84.0,,0.0,9.0,WPA2/3-Enterprise,no,
2026-10-09 08:32:28,3,L3-025,,,T1,laptop-taqiya,3,FILKOM EVENT,e8:10:98:82:05:a3,5785,157,5.0,40,-62.0,,,,WPA2-Personal,no,
2026-10-09 08:32:28,3,L3-025,,,T1,laptop-taqiya,3,eduroam,e8:10:98:82:05:a2,5785,157,5.0,40,-62.0,,,,WPA2/3-Enterprise,no,
2026-10-09 08:32:28,3,L3-025,,,T1,laptop-taqiya,3,WiFi-FILKOM,e8:10:98:82:05:a1,5785,157,5.0,40,-62.0,,,,WPA2/3-Enterprise,no,
2026-10-09 08:32:28,3,L3-025,,,T1,laptop-taqiya,3,WiFi-UB.x,f0:6f:ce:43:1e:2c,5745,149,5.0,40,-86.0,,27.0,27.8,WPA2/3-Enterprise,no,
2026-10-09 08:32:28,3,L3-025,,,T1,laptop-taqiya,3,Samsung S25 Ultra,e2:82:61:7d:8d:ae,5745,149,5.0,80,-81.0,,,,WPA2/WPA3-Personal,capable,
2026-10-09 08:32:28,3,L3-025,,,T1,laptop-taqiya,3,WiFi-FILKOM,e8:10:98:82:0b:41,5745,149,5.0,40,-68.0,,,,WPA2/3-Enterprise,no,
2026-10-09 08:32:28,3,L3-025,,,T1,laptop-taqiya,3,WiFi-UB.x,e8:10:98:82:0b:40,5745,149,5.0,40,-64.0,,,,WPA2/3-Enterprise,no,
2026-10-09 08:32:28,3,L3-025,,,T1,laptop-taqiya,3,FILKOM EVENT,e8:10:98:82:0b:43,5745,149,5.0,40,-65.0,,,,WPA2-Personal,no,
2026-10-09 08:32:28,3,L3-025,,,T1,laptop-taqiya,3,eduroam,e8:10:98:82:0b:42,5745,149,5.0,40,-65.0,,,,WPA2/3-Enterprise,no,
2026-10-09 08:32:28,3,L3-025,,,T1,laptop-taqiya,3,FILKOM EVENT,e8:10:98:82:0b:23,5240,48,5.0,40,-70.0,,,,WPA2-Personal,no,
2026-10-09 08:32:28,3,L3-025,,,T1,laptop-taqiya,3,eduroam,e8:10:98:82:0b:22,5240,48,5.0,40,-68.0,,,,WPA2/3-Enterprise,no,
2026-10-09 08:32:28,3,L3-025,,,T1,laptop-taqiya,3,WiFi-FILKOM,e8:10:98:82:0b:21,5240,48,5.0,40,-68.0,,,,WPA2/3-Enterprise,no,
2026-10-09 08:32:28,3,L3-025,,,T1,laptop-taqiya,3,WiFi-UB.x,e8:10:98:82:0b:20,5240,48,5.0,40,-68.0,,,,WPA2/3-Enterprise,no,
2026-10-09 08:32:28,3,L3-025,,,T1,laptop-taqiya,3,lkjgfd,3e:c4:7f:30:14:49,5240,48,5.0,40,-68.0,,,,WPA2-Personal,no,
2026-10-09 08:35:48,3,L3-021,,,T1,laptop-taqiya,1,WiFi-UB.x,e8:10:98:82:05:a0,5785,157,5.0,40,-62.0,,,,WPA2/3-Enterprise,no,
2026-10-09 08:35:48,3,L3-021,,,T1,laptop-taqiya,1,Sakaguchi,c2:b9:99:8f:6a:a5,2462,11,2.4,20,-84.0,,,,WPA2-Personal,no,
2026-10-09 08:35:48,3,L3-021,,,T1,laptop-taqiya,1,WiFi-UB.x,e8:10:98:82:0b:30,2462,11,2.4,20,-87.0,,,,WPA2/3-Enterprise,no,
2026-10-09 08:35:48,3,L3-021,,,T1,laptop-taqiya,1,"To you, in 2000 Years",0a:a1:11:53:7a:6e,2437,6,2.4,20,-82.0,,,,WPA2-Personal,no,
2026-10-09 08:35:48,3,L3-021,,,T1,laptop-taqiya,1,FILKOM EVENT,e8:10:98:82:05:93,2437,6,2.4,20,-64.0,,,,WPA2-Personal,no,
2026-10-09 08:35:48,3,L3-021,,,T1,laptop-taqiya,1,eduroam,e8:10:98:82:05:92,2437,6,2.4,20,-66.0,,,,WPA2/3-Enterprise,no,
2026-10-09 08:35:48,3,L3-021,,,T1,laptop-taqiya,1,WiFi-FILKOM,e8:10:98:82:05:91,2437,6,2.4,20,-64.0,,,,WPA2/3-Enterprise,no,
2026-10-09 08:35:48,3,L3-021,,,T1,laptop-taqiya,1,WiFi-UB.x,e8:10:98:82:05:90,2437,6,2.4,20,-65.0,,,,WPA2/3-Enterprise,no,
2026-10-09 08:35:48,3,L3-021,,,T1,laptop-taqiya,1,eduroam,ec:bd:1d:af:f6:72,2412,1,2.4,20,-78.0,,1.0,8.6,WPA2/3-Enterprise,capable,
2026-10-09 08:35:48,3,L3-021,,,T1,laptop-taqiya,1,nanadd,4a:94:9a:ef:ad:8a,2412,1,2.4,20,-77.0,,,,WPA2-Personal,no,
2026-10-09 08:35:48,3,L3-021,,,T1,laptop-taqiya,1,WiFi-UB.x,ec:bd:1d:af:f6:70,2412,1,2.4,20,-78.0,,1.0,8.6,WPA2/3-Enterprise,no,
2026-10-09 08:35:48,3,L3-021,,,T1,laptop-taqiya,1,FILKOM EVENT,54:d7:e3:42:42:c3,2412,1,2.4,20,-76.0,,,,WPA2-Personal,no,
2026-10-09 08:35:48,3,L3-021,,,T1,laptop-taqiya,1,eduroam,54:d7:e3:42:42:c2,2412,1,2.4,20,-77.0,,,,WPA2/3-Enterprise,no,
2026-10-09 08:35:48,3,L3-021,,,T1,laptop-taqiya,1,WiFi-FILKOM,54:d7:e3:42:42:c1,2412,1,2.4,20,-76.0,,,,WPA2/3-Enterprise,no,
2026-10-09 08:35:48,3,L3-021,,,T1,laptop-taqiya,1,WiFi-UB.x,c0:c7:0a:58:3a:a1,2412,1,2.4,20,-79.0,,1.0,8.6,WPA2/3-Enterprise,capable,
2026-10-09 08:35:48,3,L3-021,,,T1,laptop-taqiya,1,WiFi-UB.x,54:d7:e3:42:42:c0,2412,1,2.4,20,-76.0,,,,WPA2/3-Enterprise,no,
2026-10-09 08:35:48,3,L3-021,,,T1,laptop-taqiya,1,FILKOM EVENT,54:d7:e3:41:42:d3,5280,56,5.0,40,-86.0,,,,WPA2-Personal,no,
2026-10-09 08:35:48,3,L3-021,,,T1,laptop-taqiya,1,eduroam,54:d7:e3:41:42:d2,5280,56,5.0,40,-88.0,,,,WPA2/3-Enterprise,no,
2026-10-09 08:35:48,3,L3-021,,,T1,laptop-taqiya,1,WiFi-FILKOM,54:d7:e3:41:42:d1,5280,56,5.0,40,-86.0,,,,WPA2/3-Enterprise,no,
2026-10-09 08:35:48,3,L3-021,,,T1,laptop-taqiya,1,WiFi-UB.x,54:d7:e3:41:42:d0,5280,56,5.0,40,-87.0,,,,WPA2/3-Enterprise,no,
2026-10-09 08:35:48,3,L3-021,,,T1,laptop-taqiya,1,FILKOM EVENT,54:d7:e3:42:42:d3,5260,52,5.0,40,-72.0,,,,WPA2-Personal,no,
2026-10-09 08:35:48,3,L3-021,,,T1,laptop-taqiya,1,eduroam,54:d7:e3:42:42:d2,5260,52,5.0,40,-72.0,,,,WPA2/3-Enterprise,no,
2026-10-09 08:35:48,3,L3-021,,,T1,laptop-taqiya,1,WiFi-FILKOM,54:d7:e3:42:42:d1,5260,52,5.0,40,-72.0,,,,WPA2/3-Enterprise,no,
2026-10-09 08:35:48,3,L3-021,,,T1,laptop-taqiya,1,WiFi-UB.x,54:d7:e3:42:42:d0,5260,52,5.0,40,-73.0,,,,WPA2/3-Enterprise,no,
2026-10-09 08:35:48,3,L3-021,,,T1,laptop-taqiya,1,WiFi-UB.x,28:b3:71:ab:f8:d1,5805,161,5.0,20,-88.0,,40.0,70.6,WPA2/3-Enterprise,capable,
2026-10-09 08:35:48,3,L3-021,,,T1,laptop-taqiya,1,eduroam,28:b3:71:ab:f8:d0,5805,161,5.0,20,-87.0,,11.0,70.6,WPA2/3-Enterprise,capable,
2026-10-09 08:35:48,3,L3-021,,,T1,laptop-taqiya,1,,da:e8:44:44:ea:a5,5785,157,5.0,80,-92.0,,0.0,0.0,WPA2-Personal,no,
2026-10-09 08:35:48,3,L3-021,,,T1,laptop-taqiya,1,eduroam,ec:bd:1d:af:f6:7d,5745,149,5.0,20,-87.0,,0.0,0.8,WPA2/3-Enterprise,capable,
2026-10-09 08:35:48,3,L3-021,,,T1,laptop-taqiya,1,Samsung S25 Ultra,e2:82:61:7d:8d:ae,5745,149,5.0,80,-91.0,,,,WPA2/WPA3-Personal,capable,
2026-10-09 08:35:48,3,L3-021,,,T1,laptop-taqiya,1,WiFi-UB.x,ec:bd:1d:af:f6:7f,5745,149,5.0,20,-87.0,,0.0,0.8,WPA2/3-Enterprise,no,
2026-10-09 08:35:48,3,L3-021,,,T1,laptop-taqiya,1,FILKOM EVENT,ec:bd:1d:af:f6:7c,5745,149,5.0,20,-86.0,,0.0,0.8,WPA2-Personal,no,
2026-10-09 08:35:48,3,L3-021,,,T1,laptop-taqiya,1,FILKOM EVENT,e8:10:98:82:0b:43,5745,149,5.0,40,-80.0,,,,WPA2-Personal,no,
2026-10-09 08:35:48,3,L3-021,,,T1,laptop-taqiya,1,eduroam,e8:10:98:82:0b:42,5745,149,5.0,40,-80.0,,,,WPA2/3-Enterprise,no,
2026-10-09 08:35:48,3,L3-021,,,T1,laptop-taqiya,1,WiFi-FILKOM,e8:10:98:82:0b:41,5745,149,5.0,40,-80.0,,,,WPA2/3-Enterprise,no,
2026-10-09 08:35:48,3,L3-021,,,T1,laptop-taqiya,1,WiFi-UB.x,e8:10:98:82:0b:40,5745,149,5.0,40,-80.0,,,,WPA2/3-Enterprise,no,
2026-10-09 08:35:48,3,L3-021,,,T1,laptop-taqiya,1,FILKOM EVENT,e8:10:98:82:05:a3,5785,157,5.0,40,-61.0,,,,WPA2-Personal,no,
2026-10-09 08:35:48,3,L3-021,,,T1,laptop-taqiya,1,eduroam,e8:10:98:82:05:a2,5785,157,5.0,40,-60.0,,,,WPA2/3-Enterprise,no,
2026-10-09 08:35:48,3,L3-021,,,T1,laptop-taqiya,1,WiFi-FILKOM,e8:10:98:82:05:a1,5785,157,5.0,40,-60.0,,,,WPA2/3-Enterprise,no,
2026-10-09 08:35:48,3,L3-021,,,T1,laptop-taqiya,1,lkjgfd,3e:c4:7f:30:14:49,5240,48,5.0,40,-89.0,,,,WPA2-Personal,no,
2026-10-09 08:35:48,3,L3-021,,,T1,laptop-taqiya,1,eduroam,94:b3:4f:bc:cb:80,5240,48,5.0,20,-89.0,,1.0,1.2,WPA2/3-Enterprise,capable,
2026-10-09 08:35:48,3,L3-021,,,T1,laptop-taqiya,1,FILKOM EVENT,e8:10:98:82:0b:23,5240,48,5.0,40,-81.0,,,,WPA2-Personal,no,
2026-10-09 08:35:48,3,L3-021,,,T1,laptop-taqiya,1,eduroam,e8:10:98:82:0b:22,5240,48,5.0,40,-78.0,,,,WPA2/3-Enterprise,no,
2026-10-09 08:35:48,3,L3-021,,,T1,laptop-taqiya,1,WiFi-FILKOM,e8:10:98:82:0b:21,5240,48,5.0,40,-81.0,,,,WPA2/3-Enterprise,no,
2026-10-09 08:35:48,3,L3-021,,,T1,laptop-taqiya,1,WiFi-UB.x,e8:10:98:82:0b:20,5240,48,5.0,40,-79.0,,,,WPA2/3-Enterprise,no,
2026-10-09 08:35:48,3,L3-021,,,T1,laptop-taqiya,1,WiFi-UB.x,00:33:58:8e:91:e1,5220,44,5.0,20,-89.0,,24.0,81.6,WPA2/3-Enterprise,capable,
2026-10-09 08:35:48,3,L3-021,,,T1,laptop-taqiya,1,eduroam,00:33:58:8e:91:e0,5220,44,5.0,20,-89.0,,8.0,81.6,WPA2/3-Enterprise,capable,
2026-10-09 08:35:57,3,L3-021,,,T1,laptop-taqiya,2,FILKOM EVENT,a0:3d:6f:8f:92:23,2462,11,2.4,20,-81.0,,9.0,28.6,WPA2-Personal,no,
2026-10-09 08:35:57,3,L3-021,,,T1,laptop-taqiya,2,Acen slebew,7e:e5:96:e6:26:7c,2462,11,2.4,20,-81.0,,,,WPA2-Personal,no,
2026-10-09 08:35:57,3,L3-021,,,T1,laptop-taqiya,2,WiFi-UB.x,e8:10:98:82:05:a0,5785,157,5.0,40,-60.0,,,,WPA2/3-Enterprise,no,
2026-10-09 08:35:57,3,L3-021,,,T1,laptop-taqiya,2,"To you, in 2000 Years",0a:a1:11:53:7a:6e,2437,6,2.4,20,-82.0,,,,WPA2-Personal,no,
2026-10-09 08:35:57,3,L3-021,,,T1,laptop-taqiya,2,Redmi 10C,4e:78:64:e6:2c:5c,2432,5,2.4,20,-85.0,,,,WPA2-Personal,no,
2026-10-09 08:35:57,3,L3-021,,,T1,laptop-taqiya,2,FILKOM EVENT,e8:10:98:82:05:93,2437,6,2.4,20,-66.0,,,,WPA2-Personal,no,
2026-10-09 08:35:57,3,L3-021,,,T1,laptop-taqiya,2,eduroam,e8:10:98:82:05:92,2437,6,2.4,20,-65.0,,,,WPA2/3-Enterprise,no,
2026-10-09 08:35:57,3,L3-021,,,T1,laptop-taqiya,2,WiFi-FILKOM,e8:10:98:82:05:91,2437,6,2.4,20,-66.0,,,,WPA2/3-Enterprise,no,
2026-10-09 08:35:57,3,L3-021,,,T1,laptop-taqiya,2,WiFi-UB.x,e8:10:98:82:05:90,2437,6,2.4,20,-67.0,,,,WPA2/3-Enterprise,no,
2026-10-09 08:35:57,3,L3-021,,,T1,laptop-taqiya,2,ORACLE,5e:fa:75:9d:00:31,2432,5,2.4,20,-85.0,,,,Open,no,
2026-10-09 08:35:57,3,L3-021,,,T1,laptop-taqiya,2,WiFi-UB.x,c0:c7:0a:58:3a:a1,2412,1,2.4,20,-75.0,,1.0,6.7,WPA2/3-Enterprise,capable,
2026-10-09 08:35:57,3,L3-021,,,T1,laptop-taqiya,2,eduroam,c0:c7:0a:58:3a:a0,2412,1,2.4,20,-78.0,,1.0,6.7,WPA2/3-Enterprise,capable,
2026-10-09 08:35:57,3,L3-021,,,T1,laptop-taqiya,2,FILKOM EVENT,54:d7:e3:42:42:c3,2412,1,2.4,20,-79.0,,,,WPA2-Personal,no,
2026-10-09 08:35:57,3,L3-021,,,T1,laptop-taqiya,2,eduroam,54:d7:e3:42:42:c2,2412,1,2.4,20,-78.0,,,,WPA2/3-Enterprise,no,
2026-10-09 08:35:57,3,L3-021,,,T1,laptop-taqiya,2,WiFi-FILKOM,54:d7:e3:42:42:c1,2412,1,2.4,20,-78.0,,,,WPA2/3-Enterprise,no,
2026-10-09 08:35:57,3,L3-021,,,T1,laptop-taqiya,2,WiFi-UB.x,54:d7:e3:42:42:c0,2412,1,2.4,20,-77.0,,,,WPA2/3-Enterprise,no,
2026-10-09 08:35:57,3,L3-021,,,T1,laptop-taqiya,2,FILKOM EVENT,fc:7f:f1:dd:53:33,5320,64,5.0,40,-81.0,,,,WPA2-Personal,no,
2026-10-09 08:35:57,3,L3-021,,,T1,laptop-taqiya,2,eduroam,fc:7f:f1:dd:53:32,5320,64,5.0,40,-81.0,,,,WPA2/3-Enterprise,no,
2026-10-09 08:35:57,3,L3-021,,,T1,laptop-taqiya,2,WiFi-FILKOM,fc:7f:f1:dd:53:31,5320,64,5.0,40,-81.0,,,,WPA2/3-Enterprise,no,
2026-10-09 08:35:57,3,L3-021,,,T1,laptop-taqiya,2,WiFi-UB.x,fc:7f:f1:dd:53:30,5320,64,5.0,40,-82.0,,,,WPA2/3-Enterprise,no,
2026-10-09 08:35:57,3,L3-021,,,T1,laptop-taqiya,2,FILKOM EVENT,54:d7:e3:42:42:d3,5260,52,5.0,40,-68.0,,,,WPA2-Personal,no,
2026-10-09 08:35:57,3,L3-021,,,T1,laptop-taqiya,2,eduroam,54:d7:e3:42:42:d2,5260,52,5.0,40,-69.0,,,,WPA2/3-Enterprise,no,
2026-10-09 08:35:57,3,L3-021,,,T1,laptop-taqiya,2,WiFi-FILKOM,54:d7:e3:42:42:d1,5260,52,5.0,40,-68.0,,,,WPA2/3-Enterprise,no,
2026-10-09 08:35:57,3,L3-021,,,T1,laptop-taqiya,2,WiFi-UB.x,54:d7:e3:42:42:d0,5260,52,5.0,40,-68.0,,,,WPA2/3-Enterprise,no,
2026-10-09 08:35:57,3,L3-021,,,T1,laptop-taqiya,2,eduroam,c0:c7:0a:98:3a:c0,5765,153,5.0,20,-84.0,,5.0,60.0,WPA2/3-Enterprise,capable,
2026-10-09 08:35:57,3,L3-021,,,T1,laptop-taqiya,2,FILKOM EVENT,e8:10:98:82:05:a3,5785,157,5.0,40,-60.0,,,,WPA2-Personal,no,
2026-10-09 08:35:57,3,L3-021,,,T1,laptop-taqiya,2,eduroam,e8:10:98:82:05:a2,5785,157,5.0,40,-60.0,,,,WPA2/3-Enterprise,no,
2026-10-09 08:35:57,3,L3-021,,,T1,laptop-taqiya,2,WiFi-FILKOM,e8:10:98:82:05:a1,5785,157,5.0,40,-60.0,,,,WPA2/3-Enterprise,no,
2026-10-09 08:35:57,3,L3-021,,,T1,laptop-taqiya,2,FILKOM EVENT,ec:bd:1d:af:f6:7c,5745,149,5.0,20,-84.0,,0.0,0.8,WPA2-Personal,no,
2026-10-09 08:35:57,3,L3-021,,,T1,laptop-taqiya,2,Samsung S25 Ultra,e2:82:61:7d:8d:ae,5745,149,5.0,80,-90.0,,,,WPA2/WPA3-Personal,capable,
2026-10-09 08:35:57,3,L3-021,,,T1,laptop-taqiya,2,eduroam,ec:bd:1d:af:f6:7d,5745,149,5.0,20,-85.0,,0.0,0.8,WPA2/3-Enterprise,capable,
2026-10-09 08:35:57,3,L3-021,,,T1,laptop-taqiya,2,FILKOM EVENT,e8:10:98:82:0b:43,5745,149,5.0,40,-81.0,,,,WPA2-Personal,no,
2026-10-09 08:35:57,3,L3-021,,,T1,laptop-taqiya,2,eduroam,e8:10:98:82:0b:42,5745,149,5.0,40,-81.0,,,,WPA2/3-Enterprise,no,
2026-10-09 08:35:57,3,L3-021,,,T1,laptop-taqiya,2,WiFi-FILKOM,e8:10:98:82:0b:41,5745,149,5.0,40,-81.0,,,,WPA2/3-Enterprise,no,
2026-10-09 08:35:57,3,L3-021,,,T1,laptop-taqiya,2,WiFi-UB.x,e8:10:98:82:0b:40,5745,149,5.0,40,-81.0,,,,WPA2/3-Enterprise,no,
2026-10-09 08:35:57,3,L3-021,,,T1,laptop-taqiya,2,WIFI_5G_On,da:e8:44:14:ea:a5,5785,157,5.0,80,-88.0,,0.0,0.0,WPA2-Personal,no,
2026-10-09 08:35:57,3,L3-021,,,T1,laptop-taqiya,2,WiFi-UB.x,28:b3:71:93:a0:fc,5240,48,5.0,20,-92.0,,1.0,0.8,WPA2/3-Enterprise,capable,
2026-10-09 08:35:57,3,L3-021,,,T1,laptop-taqiya,2,FILKOM EVENT,e8:10:98:82:0b:23,5240,48,5.0,40,-81.0,,,,WPA2-Personal,no,
2026-10-09 08:35:57,3,L3-021,,,T1,laptop-taqiya,2,eduroam,e8:10:98:82:0b:22,5240,48,5.0,40,-79.0,,,,WPA2/3-Enterprise,no,
2026-10-09 08:35:57,3,L3-021,,,T1,laptop-taqiya,2,WiFi-FILKOM,e8:10:98:82:0b:21,5240,48,5.0,40,-81.0,,,,WPA2/3-Enterprise,no,
2026-10-09 08:35:57,3,L3-021,,,T1,laptop-taqiya,2,WiFi-UB.x,e8:10:98:82:0b:20,5240,48,5.0,40,-79.0,,,,WPA2/3-Enterprise,no,
2026-10-09 08:36:06,3,L3-021,,,T1,laptop-taqiya,3,WiFi-UB.x,e8:10:98:82:05:a0,5785,157,5.0,40,-58.0,,,,WPA2/3-Enterprise,no,
2026-10-09 08:36:06,3,L3-021,,,T1,laptop-taqiya,3,Sakaguchi,c2:b9:99:8f:6a:a5,2462,11,2.4,20,-85.0,,,,WPA2-Personal,no,
2026-10-09 08:36:06,3,L3-021,,,T1,laptop-taqiya,3,Acen slebew,7e:e5:96:e6:26:7c,2462,11,2.4,20,-83.0,,,,WPA2-Personal,no,
2026-10-09 08:36:06,3,L3-021,,,T1,laptop-taqiya,3,"To you, in 2000 Years",0a:a1:11:53:7a:6e,2437,6,2.4,20,-81.0,,,,WPA2-Personal,no,
2026-10-09 08:36:06,3,L3-021,,,T1,laptop-taqiya,3,WiFi-UB.x,e8:10:98:82:05:90,2437,6,2.4,20,-68.0,,,,WPA2/3-Enterprise,no,
2026-10-09 08:36:06,3,L3-021,,,T1,laptop-taqiya,3,nanadd,4a:94:9a:ef:ad:8a,2412,1,2.4,20,-77.0,,,,WPA2-Personal,no,
2026-10-09 08:36:06,3,L3-021,,,T1,laptop-taqiya,3,eduroam,54:d7:e3:42:42:c2,2412,1,2.4,20,-76.0,,,,WPA2/3-Enterprise,no,
2026-10-09 08:36:06,3,L3-021,,,T1,laptop-taqiya,3,WiFi-FILKOM,54:d7:e3:42:42:c1,2412,1,2.4,20,-78.0,,,,WPA2/3-Enterprise,no,
2026-10-09 08:36:06,3,L3-021,,,T1,laptop-taqiya,3,WiFi-UB.x,54:d7:e3:42:42:c0,2412,1,2.4,20,-79.0,,,,WPA2/3-Enterprise,no,
2026-10-09 08:36:06,3,L3-021,,,T1,laptop-taqiya,3,FILKOM EVENT,e8:10:98:82:05:a3,5785,157,5.0,40,-62.0,,,,WPA2-Personal,no,
2026-10-09 08:36:06,3,L3-021,,,T1,laptop-taqiya,3,eduroam,e8:10:98:82:05:a2,5785,157,5.0,40,-61.0,,,,WPA2/3-Enterprise,no,
2026-10-09 08:36:06,3,L3-021,,,T1,laptop-taqiya,3,WiFi-FILKOM,e8:10:98:82:05:a1,5785,157,5.0,40,-60.0,,,,WPA2/3-Enterprise,no,
2026-10-09 08:36:06,3,L3-021,,,T1,laptop-taqiya,3,WiFi-UB.x,c0:c7:0a:98:3a:c1,5765,153,5.0,20,-84.0,,15.0,55.7,WPA2/3-Enterprise,capable,
2026-10-09 08:36:06,3,L3-021,,,T1,laptop-taqiya,3,Samsung S25 Ultra,e2:82:61:7d:8d:ae,5745,149,5.0,80,-88.0,,,,WPA2/WPA3-Personal,capable,
2026-10-09 08:36:06,3,L3-021,,,T1,laptop-taqiya,3,FILKOM EVENT,e8:10:98:82:0b:43,5745,149,5.0,40,-81.0,,,,WPA2-Personal,no,
2026-10-09 08:36:06,3,L3-021,,,T1,laptop-taqiya,3,eduroam,e8:10:98:82:0b:42,5745,149,5.0,40,-80.0,,,,WPA2/3-Enterprise,no,
2026-10-09 08:36:06,3,L3-021,,,T1,laptop-taqiya,3,WiFi-FILKOM,e8:10:98:82:0b:41,5745,149,5.0,40,-80.0,,,,WPA2/3-Enterprise,no,
2026-10-09 08:36:06,3,L3-021,,,T1,laptop-taqiya,3,WiFi-UB.x,e8:10:98:82:0b:40,5745,149,5.0,40,-80.0,,,,WPA2/3-Enterprise,no,
2026-10-09 08:36:06,3,L3-021,,,T1,laptop-taqiya,3,FILKOM EVENT,e8:10:98:82:0b:23,5240,48,5.0,40,-84.0,,,,WPA2-Personal,no,
2026-10-09 08:36:06,3,L3-021,,,T1,laptop-taqiya,3,eduroam,e8:10:98:82:0b:22,5240,48,5.0,40,-84.0,,,,WPA2/3-Enterprise,no,
2026-10-09 08:36:06,3,L3-021,,,T1,laptop-taqiya,3,WiFi-FILKOM,e8:10:98:82:0b:21,5240,48,5.0,40,-85.0,,,,WPA2/3-Enterprise,no,
2026-10-09 08:36:06,3,L3-021,,,T1,laptop-taqiya,3,WiFi-UB.x,e8:10:98:82:0b:20,5240,48,5.0,40,-84.0,,,,WPA2/3-Enterprise,no,
2026-10-09 08:36:06,3,L3-021,,,T1,laptop-taqiya,3,,da:e8:44:44:ea:a5,5785,157,5.0,80,-86.0,,0.0,0.0,WPA2-Personal,no,
2026-10-09 08:36:06,3,L3-021,,,T1,laptop-taqiya,3,WIFI_5G_On,da:e8:44:14:ea:a5,5785,157,5.0,80,-86.0,,0.0,0.0,WPA2-Personal,no,
2026-10-09 08:36:06,3,L3-021,,,T1,laptop-taqiya,3,eduroam,c0:c7:0a:98:3a:a0,5180,36,5.0,20,-83.0,,0.0,6.3,WPA2/3-Enterprise,capable,
2026-10-09 08:39:24,3,L3-022,,,T1,laptop-taqiya,1,FILKOM EVENT,e8:10:98:82:0b:33,2462,11,2.4,20,-46.0,,,,WPA2-Personal,no,
2026-10-09 08:39:24,3,L3-022,,,T1,laptop-taqiya,1,eduroam,e8:10:98:82:0b:32,2462,11,2.4,20,-47.0,,,,WPA2/3-Enterprise,no,
2026-10-09 08:39:24,3,L3-022,,,T1,laptop-taqiya,1,WiFi-FILKOM,e8:10:98:82:0b:31,2462,11,2.4,20,-46.0,,,,WPA2/3-Enterprise,no,
2026-10-09 08:39:24,3,L3-022,,,T1,laptop-taqiya,1,kiket🍫,0e:c3:f4:16:b9:78,2462,11,2.4,20,-79.0,,,,WPA2-Personal,no,
2026-10-09 08:39:24,3,L3-022,,,T1,laptop-taqiya,1,WiFi-UB.x,e8:10:98:82:0b:30,2462,11,2.4,20,-48.0,,,,WPA2/3-Enterprise,no,
2026-10-09 08:39:24,3,L3-022,,,T1,laptop-taqiya,1,Verizon-SM-G996U-d561,32:c0:06:d1:8c:cf,2462,11,2.4,20,-70.0,,,,WPA2-Personal,no,
2026-10-09 08:39:24,3,L3-022,,,T1,laptop-taqiya,1,Tselhome-D111,42:aa:73:11:d1:58,2457,10,2.4,20,-83.0,,7.0,14.1,WPA2-Personal,no,
2026-10-09 08:39:24,3,L3-022,,,T1,laptop-taqiya,1,WiFi-UB.x,e8:10:98:82:0b:20,5240,48,5.0,40,-47.0,,,,WPA2/3-Enterprise,no,
2026-10-09 08:39:24,3,L3-022,,,T1,laptop-taqiya,1,iPhone Asw,6a:56:bf:c0:98:b9,2437,6,2.4,20,-74.0,,,,WPA2-Personal,no,
2026-10-09 08:39:24,3,L3-022,,,T1,laptop-taqiya,1,Kfkfkfm,46:d9:d2:ca:4f:5a,2437,6,2.4,20,-80.0,,,,WPA2-Personal,no,
2026-10-09 08:39:24,3,L3-022,,,T1,laptop-taqiya,1,FILKOM EVENT,e8:10:98:82:05:93,2437,6,2.4,20,-62.0,,,,WPA2-Personal,no,
2026-10-09 08:39:24,3,L3-022,,,T1,laptop-taqiya,1,eduroam,e8:10:98:82:05:92,2437,6,2.4,20,-62.0,,,,WPA2/3-Enterprise,no,
2026-10-09 08:39:24,3,L3-022,,,T1,laptop-taqiya,1,WiFi-UB.x,e8:10:98:82:05:90,2437,6,2.4,20,-62.0,,,,WPA2/3-Enterprise,no,
2026-10-09 08:39:24,3,L3-022,,,T1,laptop-taqiya,1,WiFi-FILKOM,e8:10:98:82:05:91,2437,6,2.4,20,-61.0,,,,WPA2/3-Enterprise,no,
2026-10-09 08:39:24,3,L3-022,,,T1,laptop-taqiya,1,"To you, in 2000 Years",0a:a1:11:53:7a:6e,2437,6,2.4,20,-68.0,,,,WPA2-Personal,no,
2026-10-09 08:39:24,3,L3-022,,,T1,laptop-taqiya,1,ORACLE,5e:fa:75:9d:00:31,2432,5,2.4,20,-76.0,,,,Open,no,
2026-10-09 08:39:24,3,L3-022,,,T1,laptop-taqiya,1,Redmi 10C,4e:78:64:e6:2c:5c,2432,5,2.4,20,-67.0,,,,WPA2-Personal,no,
2026-10-09 08:39:24,3,L3-022,,,T1,laptop-taqiya,1,ScenXus-b0a73235f7d4,b0:a7:32:35:f7:d5,2422,3,2.4,40,-83.0,,,,Open,no,
2026-10-09 08:39:24,3,L3-022,,,T1,laptop-taqiya,1,ScenXus-b0a73236b0c8,b0:a7:32:36:b0:c9,2422,3,2.4,40,-73.0,,,,Open,no,
2026-10-09 08:39:24,3,L3-022,,,T1,laptop-taqiya,1,eduroam,54:d7:e3:45:51:22,2412,1,2.4,20,-72.0,,,,WPA2/3-Enterprise,no,
2026-10-09 08:39:24,3,L3-022,,,T1,laptop-taqiya,1,WiFi-FILKOM,54:d7:e3:45:51:21,2412,1,2.4,20,-72.0,,,,WPA2/3-Enterprise,no,
2026-10-09 08:39:24,3,L3-022,,,T1,laptop-taqiya,1,WiFi-UB.x,54:d7:e3:45:51:20,2412,1,2.4,20,-77.0,,,,WPA2/3-Enterprise,no,
2026-10-09 08:39:24,3,L3-022,,,T1,laptop-taqiya,1,FILKOM EVENT,54:d7:e3:42:42:d3,5260,52,5.0,40,-56.0,,,,WPA2-Personal,no,
2026-10-09 08:39:24,3,L3-022,,,T1,laptop-taqiya,1,eduroam,54:d7:e3:42:42:d2,5260,52,5.0,40,-56.0,,,,WPA2/3-Enterprise,no,
2026-10-09 08:39:24,3,L3-022,,,T1,laptop-taqiya,1,WiFi-UB.x,54:d7:e3:42:42:d0,5260,52,5.0,40,-55.0,,,,WPA2/3-Enterprise,no,
2026-10-09 08:39:24,3,L3-022,,,T1,laptop-taqiya,1,lkjgfd,3e:c4:7f:30:14:49,5240,48,5.0,40,-69.0,,,,WPA2-Personal,no,
2026-10-09 08:39:24,3,L3-022,,,T1,laptop-taqiya,1,eduroam,e8:10:98:82:05:a2,5785,157,5.0,40,-59.0,,,,WPA2/3-Enterprise,no,
2026-10-09 08:39:24,3,L3-022,,,T1,laptop-taqiya,1,WiFi-FILKOM,e8:10:98:82:05:a1,5785,157,5.0,40,-59.0,,,,WPA2/3-Enterprise,no,
2026-10-09 08:39:24,3,L3-022,,,T1,laptop-taqiya,1,WiFi-UB.x,e8:10:98:82:05:a0,5785,157,5.0,40,-59.0,,,,WPA2/3-Enterprise,no,
2026-10-09 08:39:24,3,L3-022,,,T1,laptop-taqiya,1,FILKOM EVENT,e8:10:98:82:0b:43,5745,149,5.0,40,-48.0,,,,WPA2-Personal,no,
2026-10-09 08:39:24,3,L3-022,,,T1,laptop-taqiya,1,eduroam,e8:10:98:82:0b:42,5745,149,5.0,40,-48.0,,,,WPA2/3-Enterprise,no,
2026-10-09 08:39:24,3,L3-022,,,T1,laptop-taqiya,1,WiFi-FILKOM,e8:10:98:82:0b:41,5745,149,5.0,40,-48.0,,,,WPA2/3-Enterprise,no,
2026-10-09 08:39:24,3,L3-022,,,T1,laptop-taqiya,1,Samsung S25 Ultra,e2:82:61:7d:8d:ae,5745,149,5.0,80,-81.0,,,,WPA2/WPA3-Personal,capable,
2026-10-09 08:39:24,3,L3-022,,,T1,laptop-taqiya,1,WiFi-UB.x,e8:10:98:82:0b:40,5745,149,5.0,40,-48.0,,,,WPA2/3-Enterprise,no,
2026-10-09 08:39:24,3,L3-022,,,T1,laptop-taqiya,1,WiFi-FILKOM,e8:10:98:82:0b:21,5240,48,5.0,40,-46.0,,,,WPA2/3-Enterprise,no,
2026-10-09 08:39:24,3,L3-022,,,T1,laptop-taqiya,1,FILKOM EVENT,e8:10:98:82:0b:23,5240,48,5.0,40,-46.0,,,,WPA2-Personal,no,
2026-10-09 08:39:24,3,L3-022,,,T1,laptop-taqiya,1,eduroam,e8:10:98:82:0b:22,5240,48,5.0,40,-46.0,,,,WPA2/3-Enterprise,no,
2026-10-09 08:39:24,3,L3-022,,,T1,laptop-taqiya,1,FILKOM EVENT,28:b3:71:ab:d3:92,5200,40,5.0,20,-84.0,,1.0,81.6,WPA2-Personal,capable,
2026-10-09 08:39:24,3,L3-022,,,T1,laptop-taqiya,1,WiFi-UB.x,28:b3:71:ab:d3:91,5200,40,5.0,20,-86.0,,11.0,81.6,WPA2/3-Enterprise,capable,
2026-10-09 08:39:24,3,L3-022,,,T1,laptop-taqiya,1,eduroam,28:b3:71:ab:d3:90,5200,40,5.0,20,-84.0,,1.0,81.6,WPA2/3-Enterprise,capable,
2026-10-09 08:39:34,3,L3-022,,,T1,laptop-taqiya,2,WiFi-UB.x,e8:10:98:82:0b:20,5240,48,5.0,40,-46.0,,,,WPA2/3-Enterprise,no,
2026-10-09 08:39:34,3,L3-022,,,T1,laptop-taqiya,2,eduroam,e8:10:98:82:05:92,2437,6,2.4,20,-61.0,,,,WPA2/3-Enterprise,no,
2026-10-09 08:39:34,3,L3-022,,,T1,laptop-taqiya,2,Kfkfkfm,46:d9:d2:ca:4f:5a,2437,6,2.4,20,-81.0,,,,WPA2-Personal,no,
2026-10-09 08:39:34,3,L3-022,,,T1,laptop-taqiya,2,FILKOM EVENT,e8:10:98:82:05:93,2437,6,2.4,20,-68.0,,,,WPA2-Personal,no,
2026-10-09 08:39:34,3,L3-022,,,T1,laptop-taqiya,2,"To you, in 2000 Years",0a:a1:11:53:7a:6e,2437,6,2.4,20,-66.0,,,,WPA2-Personal,no,
2026-10-09 08:39:34,3,L3-022,,,T1,laptop-taqiya,2,WiFi-FILKOM,e8:10:98:82:05:91,2437,6,2.4,20,-67.0,,,,WPA2/3-Enterprise,no,
2026-10-09 08:39:34,3,L3-022,,,T1,laptop-taqiya,2,WiFi-UB.x,e8:10:98:82:05:90,2437,6,2.4,20,-61.0,,,,WPA2/3-Enterprise,no,
2026-10-09 08:39:34,3,L3-022,,,T1,laptop-taqiya,2,Redmi 10C,4e:78:64:e6:2c:5c,2432,5,2.4,20,-71.0,,,,WPA2-Personal,no,
2026-10-09 08:39:34,3,L3-022,,,T1,laptop-taqiya,2,ORACLE,5e:fa:75:9d:00:31,2432,5,2.4,20,-68.0,,,,Open,no,
2026-10-09 08:39:34,3,L3-022,,,T1,laptop-taqiya,2,nanadd,4a:94:9a:ef:ad:8a,2412,1,2.4,20,-62.0,,,,WPA2-Personal,no,
2026-10-09 08:39:34,3,L3-022,,,T1,laptop-taqiya,2,nishimura,a6:ac:7b:7a:ad:b8,2412,1,2.4,20,-73.0,,,,WPA2/WPA3-Personal,capable,
2026-10-09 08:39:34,3,L3-022,,,T1,laptop-taqiya,2,Tab S9 milik Muhammad Fariz,2e:86:05:95:0a:57,2412,1,2.4,20,-75.0,,,,WPA2-Personal,no,
2026-10-09 08:39:34,3,L3-022,,,T1,laptop-taqiya,2,Recover.Me-184350,c0:c7:0a:58:43:5f,2412,1,2.4,20,-73.0,,0.0,42.4,WPA2-Personal,no,
2026-10-09 08:39:34,3,L3-022,,,T1,laptop-taqiya,2,WiFi-UB.x,54:d7:e3:42:97:80,2412,1,2.4,20,-79.0,,,,WPA2/3-Enterprise,no,
2026-10-09 08:39:34,3,L3-022,,,T1,laptop-taqiya,2,WiFi-FILKOM,54:d7:e3:42:42:d1,5260,52,5.0,40,-86.0,,,,WPA2/3-Enterprise,no,
2026-10-09 08:39:34,3,L3-022,,,T1,laptop-taqiya,2,FILKOM EVENT,54:d7:e3:42:42:d3,5260,52,5.0,40,-85.0,,,,WPA2-Personal,no,
2026-10-09 08:39:34,3,L3-022,,,T1,laptop-taqiya,2,eduroam,54:d7:e3:42:42:d2,5260,52,5.0,40,-85.0,,,,WPA2/3-Enterprise,no,
2026-10-09 08:39:34,3,L3-022,,,T1,laptop-taqiya,2,WiFi-UB.x,54:d7:e3:42:42:d0,5260,52,5.0,40,-65.0,,,,WPA2/3-Enterprise,no,
2026-10-09 08:39:34,3,L3-022,,,T1,laptop-taqiya,2,FILKOM EVENT,e8:10:98:82:05:a3,5785,157,5.0,40,-58.0,,,,WPA2-Personal,no,
2026-10-09 08:39:34,3,L3-022,,,T1,laptop-taqiya,2,eduroam,e8:10:98:82:05:a2,5785,157,5.0,40,-57.0,,,,WPA2/3-Enterprise,no,
2026-10-09 08:39:34,3,L3-022,,,T1,laptop-taqiya,2,WiFi-FILKOM,e8:10:98:82:05:a1,5785,157,5.0,40,-57.0,,,,WPA2/3-Enterprise,no,
2026-10-09 08:39:34,3,L3-022,,,T1,laptop-taqiya,2,WiFi-UB.x,e8:10:98:82:05:a0,5785,157,5.0,40,-57.0,,,,WPA2/3-Enterprise,no,
2026-10-09 08:39:34,3,L3-022,,,T1,laptop-taqiya,2,FILKOM EVENT,e8:10:98:82:0b:43,5745,149,5.0,40,-50.0,,,,WPA2-Personal,no,
2026-10-09 08:39:34,3,L3-022,,,T1,laptop-taqiya,2,Samsung S25 Ultra,e2:82:61:7d:8d:ae,5745,149,5.0,80,-80.0,,,,WPA2/WPA3-Personal,capable,
2026-10-09 08:39:34,3,L3-022,,,T1,laptop-taqiya,2,eduroam,e8:10:98:82:0b:42,5745,149,5.0,40,-50.0,,,,WPA2/3-Enterprise,no,
2026-10-09 08:39:34,3,L3-022,,,T1,laptop-taqiya,2,WiFi-FILKOM,e8:10:98:82:0b:41,5745,149,5.0,40,-50.0,,,,WPA2/3-Enterprise,no,
2026-10-09 08:39:34,3,L3-022,,,T1,laptop-taqiya,2,WiFi-UB.x,e8:10:98:82:0b:40,5745,149,5.0,40,-50.0,,,,WPA2/3-Enterprise,no,
2026-10-09 08:39:34,3,L3-022,,,T1,laptop-taqiya,2,Sys - 335,b6:14:1b:3e:d1:76,5745,149,5.0,20,-88.0,,,,WPA2-Personal,no,
2026-10-09 08:39:34,3,L3-022,,,T1,laptop-taqiya,2,FILKOM EVENT,e8:10:98:82:0b:23,5240,48,5.0,40,-46.0,,,,WPA2-Personal,no,
2026-10-09 08:39:34,3,L3-022,,,T1,laptop-taqiya,2,eduroam,e8:10:98:82:0b:22,5240,48,5.0,40,-46.0,,,,WPA2/3-Enterprise,no,
2026-10-09 08:39:34,3,L3-022,,,T1,laptop-taqiya,2,WiFi-FILKOM,e8:10:98:82:0b:21,5240,48,5.0,40,-45.0,,,,WPA2/3-Enterprise,no,
2026-10-09 08:39:34,3,L3-022,,,T1,laptop-taqiya,2,lkjgfd,3e:c4:7f:30:14:49,5240,48,5.0,40,-68.0,,,,WPA2-Personal,no,
2026-10-09 08:39:34,3,L3-022,,,T1,laptop-taqiya,2,WiFi-UB.x,28:b3:71:ab:d3:91,5200,40,5.0,20,-88.0,,10.0,79.2,WPA2/3-Enterprise,capable,
2026-10-09 08:39:34,3,L3-022,,,T1,laptop-taqiya,2,eduroam,28:b3:71:ab:d3:90,5200,40,5.0,20,-89.0,,1.0,79.2,WPA2/3-Enterprise,capable,
2026-10-09 08:39:34,3,L3-022,,,T1,laptop-taqiya,2,FILKOM EVENT,54:d7:e3:42:97:93,5180,36,5.0,40,-87.0,,,,WPA2-Personal,no,
2026-10-09 08:39:34,3,L3-022,,,T1,laptop-taqiya,2,eduroam,54:d7:e3:42:97:92,5180,36,5.0,40,-87.0,,,,WPA2/3-Enterprise,no,
2026-10-09 08:39:34,3,L3-022,,,T1,laptop-taqiya,2,WiFi-FILKOM,54:d7:e3:42:97:91,5180,36,5.0,40,-87.0,,,,WPA2/3-Enterprise,no,
2026-10-09 08:39:34,3,L3-022,,,T1,laptop-taqiya,2,WiFi-UB.x,54:d7:e3:42:97:90,5180,36,5.0,40,-86.0,,,,WPA2/3-Enterprise,no,
2026-10-09 08:39:43,3,L3-022,,,T1,laptop-taqiya,3,WiFi-UB.x,e8:10:98:82:0b:20,5240,48,5.0,40,-43.0,,,,WPA2/3-Enterprise,no,
2026-10-09 08:39:43,3,L3-022,,,T1,laptop-taqiya,3,iwirrrr,9a:5d:37:c0:09:de,2462,11,2.4,20,-75.0,,,,WPA2-Personal,no,
2026-10-09 08:39:43,3,L3-022,,,T1,laptop-taqiya,3,Verizon-SM-G996U-d561,32:c0:06:d1:8c:cf,2462,11,2.4,20,-74.0,,,,WPA2-Personal,no,
2026-10-09 08:39:43,3,L3-022,,,T1,laptop-taqiya,3,FILKOM EVENT,e8:10:98:82:0b:33,2462,11,2.4,20,-46.0,,,,WPA2-Personal,no,
2026-10-09 08:39:43,3,L3-022,,,T1,laptop-taqiya,3,eduroam,e8:10:98:82:0b:32,2462,11,2.4,20,-46.0,,,,WPA2/3-Enterprise,no,
2026-10-09 08:39:43,3,L3-022,,,T1,laptop-taqiya,3,WiFi-FILKOM,e8:10:98:82:0b:31,2462,11,2.4,20,-46.0,,,,WPA2/3-Enterprise,no,
2026-10-09 08:39:43,3,L3-022,,,T1,laptop-taqiya,3,WiFi-UB.x,e8:10:98:82:0b:30,2462,11,2.4,20,-46.0,,,,WPA2/3-Enterprise,no,
2026-10-09 08:39:43,3,L3-022,,,T1,laptop-taqiya,3,Tselhome-D111,42:aa:73:11:d1:58,2457,10,2.4,20,-80.0,,7.0,27.5,WPA2-Personal,no,
2026-10-09 08:39:43,3,L3-022,,,T1,laptop-taqiya,3,"To you, in 2000 Years",0a:a1:11:53:7a:6e,2437,6,2.4,20,-68.0,,,,WPA2-Personal,no,
2026-10-09 08:39:43,3,L3-022,,,T1,laptop-taqiya,3,FILKOM EVENT,e8:10:98:82:05:93,2437,6,2.4,20,-69.0,,,,WPA2-Personal,no,
2026-10-09 08:39:43,3,L3-022,,,T1,laptop-taqiya,3,WiFi-UB.x,e8:10:98:82:05:90,2437,6,2.4,20,-69.0,,,,WPA2/3-Enterprise,no,
2026-10-09 08:39:43,3,L3-022,,,T1,laptop-taqiya,3,WiFi-FILKOM,e8:10:98:82:05:91,2437,6,2.4,20,-69.0,,,,WPA2/3-Enterprise,no,
2026-10-09 08:39:43,3,L3-022,,,T1,laptop-taqiya,3,WiFi-UB.x,c0:c7:0a:58:34:11,2412,1,2.4,20,-80.0,,0.0,10.6,WPA2/3-Enterprise,capable,
2026-10-09 08:39:43,3,L3-022,,,T1,laptop-taqiya,3,FILKOM EVENT,54:d7:e3:45:51:23,2412,1,2.4,20,-74.0,,,,WPA2-Personal,no,
2026-10-09 08:39:43,3,L3-022,,,T1,laptop-taqiya,3,eduroam,54:d7:e3:45:51:22,2412,1,2.4,20,-74.0,,,,WPA2/3-Enterprise,no,
2026-10-09 08:39:43,3,L3-022,,,T1,laptop-taqiya,3,WiFi-FILKOM,54:d7:e3:45:51:21,2412,1,2.4,20,-73.0,,,,WPA2/3-Enterprise,no,
2026-10-09 08:39:43,3,L3-022,,,T1,laptop-taqiya,3,WiFi-UB.x,54:d7:e3:45:51:20,2412,1,2.4,20,-73.0,,,,WPA2/3-Enterprise,no,
2026-10-09 08:39:43,3,L3-022,,,T1,laptop-taqiya,3,Recover.Me-184350,c0:c7:0a:58:43:5f,2412,1,2.4,20,-75.0,,0.0,44.7,WPA2-Personal,no,
2026-10-09 08:39:43,3,L3-022,,,T1,laptop-taqiya,3,FILKOM EVENT,c0:c7:0a:98:34:12,5785,157,5.0,20,-82.0,,0.0,36.9,WPA2-Personal,capable,
2026-10-09 08:39:43,3,L3-022,,,T1,laptop-taqiya,3,FILKOM EVENT,e8:10:98:82:05:a3,5785,157,5.0,40,-58.0,,,,WPA2-Personal,no,
2026-10-09 08:39:43,3,L3-022,,,T1,laptop-taqiya,3,eduroam,e8:10:98:82:05:a2,5785,157,5.0,40,-58.0,,,,WPA2/3-Enterprise,no,
2026-10-09 08:39:43,3,L3-022,,,T1,laptop-taqiya,3,WiFi-FILKOM,e8:10:98:82:05:a1,5785,157,5.0,40,-59.0,,,,WPA2/3-Enterprise,no,
2026-10-09 08:39:43,3,L3-022,,,T1,laptop-taqiya,3,WiFi-UB.x,e8:10:98:82:05:a0,5785,157,5.0,40,-59.0,,,,WPA2/3-Enterprise,no,
2026-10-09 08:39:43,3,L3-022,,,T1,laptop-taqiya,3,FILKOM EVENT,e8:10:98:82:0b:43,5745,149,5.0,40,-47.0,,,,WPA2-Personal,no,
2026-10-09 08:39:43,3,L3-022,,,T1,laptop-taqiya,3,eduroam,e8:10:98:82:0b:42,5745,149,5.0,40,-47.0,,,,WPA2/3-Enterprise,no,
2026-10-09 08:39:43,3,L3-022,,,T1,laptop-taqiya,3,WiFi-UB.x,e8:10:98:82:0b:40,5745,149,5.0,40,-47.0,,,,WPA2/3-Enterprise,no,
2026-10-09 08:39:43,3,L3-022,,,T1,laptop-taqiya,3,WiFi-FILKOM,e8:10:98:82:0b:41,5745,149,5.0,40,-47.0,,,,WPA2/3-Enterprise,no,
2026-10-09 08:39:43,3,L3-022,,,T1,laptop-taqiya,3,Sys - 335,b6:14:1b:3e:d1:76,5745,149,5.0,20,-73.0,,,,WPA2-Personal,no,
2026-10-09 08:39:43,3,L3-022,,,T1,laptop-taqiya,3,FILKOM EVENT,e8:10:98:82:0b:23,5240,48,5.0,40,-46.0,,,,WPA2-Personal,no,
2026-10-09 08:39:43,3,L3-022,,,T1,laptop-taqiya,3,eduroam,e8:10:98:82:0b:22,5240,48,5.0,40,-46.0,,,,WPA2/3-Enterprise,no,
2026-10-09 08:39:43,3,L3-022,,,T1,laptop-taqiya,3,WiFi-FILKOM,e8:10:98:82:0b:21,5240,48,5.0,40,-46.0,,,,WPA2/3-Enterprise,no,
2026-10-09 08:39:43,3,L3-022,,,T1,laptop-taqiya,3,lkjgfd,3e:c4:7f:30:14:49,5240,48,5.0,40,-72.0,,,,WPA2-Personal,no,
2026-10-09 08:39:43,3,L3-022,,,T1,laptop-taqiya,3,FILKOM EVENT,28:b3:71:ab:d3:92,5200,40,5.0,20,-86.0,,1.0,14.9,WPA2-Personal,capable,
2026-10-09 08:39:43,3,L3-022,,,T1,laptop-taqiya,3,WiFi-UB.x,28:b3:71:ab:d3:91,5200,40,5.0,20,-87.0,,10.0,14.9,WPA2/3-Enterprise,capable,
2026-10-09 08:39:43,3,L3-022,,,T1,laptop-taqiya,3,eduroam,28:b3:71:ab:d3:90,5200,40,5.0,20,-75.0,,1.0,14.9,WPA2/3-Enterprise,capable,
2026-10-09 08:40:39,3,L3-023,,,T1,laptop-taqiya,1,WiFi-UB.x,e8:10:98:82:0b:20,5240,48,5.0,40,-56.0,,,,WPA2/3-Enterprise,no,
2026-10-09 08:40:39,3,L3-023,,,T1,laptop-taqiya,1,FILKOM EVENT,e8:10:98:82:0b:33,2462,11,2.4,20,-54.0,,,,WPA2-Personal,no,
2026-10-09 08:40:39,3,L3-023,,,T1,laptop-taqiya,1,WiFi-FILKOM,e8:10:98:82:0b:31,2462,11,2.4,20,-54.0,,,,WPA2/3-Enterprise,no,
2026-10-09 08:40:39,3,L3-023,,,T1,laptop-taqiya,1,Verizon-SM-G996U-d561,32:c0:06:d1:8c:cf,2462,11,2.4,20,-80.0,,,,WPA2-Personal,no,
2026-10-09 08:40:39,3,L3-023,,,T1,laptop-taqiya,1,FILKOM EVENT,fc:7f:f1:dd:53:23,2462,11,2.4,20,-79.0,,,,WPA2-Personal,no,
2026-10-09 08:40:39,3,L3-023,,,T1,laptop-taqiya,1,eduroam,e8:10:98:82:0b:32,2462,11,2.4,20,-54.0,,,,WPA2/3-Enterprise,no,
2026-10-09 08:40:39,3,L3-023,,,T1,laptop-taqiya,1,Acen slebew,7e:e5:96:e6:26:7c,2462,11,2.4,20,-67.0,,,,WPA2-Personal,no,
2026-10-09 08:40:39,3,L3-023,,,T1,laptop-taqiya,1,WiFi-UB.x,e8:10:98:82:0b:30,2462,11,2.4,20,-56.0,,,,WPA2/3-Enterprise,no,
2026-10-09 08:40:39,3,L3-023,,,T1,laptop-taqiya,1,WiFi-UB.x,fc:7f:f1:dd:53:20,2462,11,2.4,20,-80.0,,,,WPA2/3-Enterprise,no,
2026-10-09 08:40:39,3,L3-023,,,T1,laptop-taqiya,1,iqoo Z9 ,8a:3f:0f:53:ce:1e,2437,6,2.4,20,-86.0,,,,WPA2-Personal,no,
2026-10-09 08:40:39,3,L3-023,,,T1,laptop-taqiya,1,FILKOM EVENT,e8:10:98:82:05:93,2437,6,2.4,20,-65.0,,,,WPA2-Personal,no,
2026-10-09 08:40:39,3,L3-023,,,T1,laptop-taqiya,1,eduroam,e8:10:98:82:05:92,2437,6,2.4,20,-58.0,,,,WPA2/3-Enterprise,no,
2026-10-09 08:40:39,3,L3-023,,,T1,laptop-taqiya,1,"To you, in 2000 Years",0a:a1:11:53:7a:6e,2437,6,2.4,20,-67.0,,,,WPA2-Personal,no,
2026-10-09 08:40:39,3,L3-023,,,T1,laptop-taqiya,1,WiFi-FILKOM,e8:10:98:82:05:91,2437,6,2.4,20,-58.0,,,,WPA2/3-Enterprise,no,
2026-10-09 08:40:39,3,L3-023,,,T1,laptop-taqiya,1,WiFi-UB.x,e8:10:98:82:05:90,2437,6,2.4,20,-58.0,,,,WPA2/3-Enterprise,no,
2026-10-09 08:40:39,3,L3-023,,,T1,laptop-taqiya,1,ORACLE,5e:fa:75:9d:00:31,2432,5,2.4,20,-74.0,,,,Open,no,
2026-10-09 08:40:39,3,L3-023,,,T1,laptop-taqiya,1,Redmi 10C,4e:78:64:e6:2c:5c,2432,5,2.4,20,-50.0,,,,WPA2-Personal,no,
2026-10-09 08:40:39,3,L3-023,,,T1,laptop-taqiya,1,ScenXus-b0a73236b0c8,b0:a7:32:36:b0:c9,2422,3,2.4,40,-79.0,,,,Open,no,
2026-10-09 08:40:39,3,L3-023,,,T1,laptop-taqiya,1,ScenXus-b0a73235f7d4,b0:a7:32:35:f7:d5,2422,3,2.4,40,-81.0,,,,Open,no,
2026-10-09 08:40:39,3,L3-023,,,T1,laptop-taqiya,1,nishimura,a6:ac:7b:7a:ad:b8,2412,1,2.4,20,-71.0,,,,WPA2/WPA3-Personal,capable,
2026-10-09 08:40:39,3,L3-023,,,T1,laptop-taqiya,1,FILKOM EVENT,c0:c7:0a:58:34:12,2412,1,2.4,20,-74.0,,0.0,12.2,WPA2-Personal,capable,
2026-10-09 08:40:39,3,L3-023,,,T1,laptop-taqiya,1,WiFi-UB.x,c0:c7:0a:58:34:11,2412,1,2.4,20,-72.0,,0.0,12.2,WPA2/3-Enterprise,capable,
2026-10-09 08:40:39,3,L3-023,,,T1,laptop-taqiya,1,eduroam,c0:c7:0a:58:34:10,2412,1,2.4,20,-69.0,,0.0,12.2,WPA2/3-Enterprise,capable,
2026-10-09 08:40:39,3,L3-023,,,T1,laptop-taqiya,1,FILKOM EVENT,fc:7f:f1:dd:53:33,5320,64,5.0,40,-82.0,,,,WPA2-Personal,no,
2026-10-09 08:40:39,3,L3-023,,,T1,laptop-taqiya,1,eduroam,fc:7f:f1:dd:53:32,5320,64,5.0,40,-82.0,,,,WPA2/3-Enterprise,no,
2026-10-09 08:40:39,3,L3-023,,,T1,laptop-taqiya,1,WiFi-FILKOM,fc:7f:f1:dd:53:31,5320,64,5.0,40,-81.0,,,,WPA2/3-Enterprise,no,
2026-10-09 08:40:39,3,L3-023,,,T1,laptop-taqiya,1,WiFi-UB.x,fc:7f:f1:dd:53:30,5320,64,5.0,40,-82.0,,,,WPA2/3-Enterprise,no,
2026-10-09 08:40:39,3,L3-023,,,T1,laptop-taqiya,1,FILKOM EVENT,54:d7:e3:42:42:d3,5260,52,5.0,40,-81.0,,,,WPA2-Personal,no,
2026-10-09 08:40:39,3,L3-023,,,T1,laptop-taqiya,1,eduroam,54:d7:e3:42:42:d2,5260,52,5.0,40,-81.0,,,,WPA2/3-Enterprise,no,
2026-10-09 08:40:39,3,L3-023,,,T1,laptop-taqiya,1,WiFi-FILKOM,54:d7:e3:42:42:d1,5260,52,5.0,40,-80.0,,,,WPA2/3-Enterprise,no,
2026-10-09 08:40:39,3,L3-023,,,T1,laptop-taqiya,1,WiFi-UB.x,54:d7:e3:42:42:d0,5260,52,5.0,40,-80.0,,,,WPA2/3-Enterprise,no,
2026-10-09 08:40:39,3,L3-023,,,T1,laptop-taqiya,1,FILKOM EVENT,e8:10:98:82:05:a3,5785,157,5.0,40,-57.0,,,,WPA2-Personal,no,
2026-10-09 08:40:39,3,L3-023,,,T1,laptop-taqiya,1,eduroam,e8:10:98:82:05:a2,5785,157,5.0,40,-56.0,,,,WPA2/3-Enterprise,no,
2026-10-09 08:40:39,3,L3-023,,,T1,laptop-taqiya,1,WiFi-FILKOM,e8:10:98:82:05:a1,5785,157,5.0,40,-56.0,,,,WPA2/3-Enterprise,no,
2026-10-09 08:40:39,3,L3-023,,,T1,laptop-taqiya,1,WiFi-UB.x,e8:10:98:82:05:a0,5785,157,5.0,40,-57.0,,,,WPA2/3-Enterprise,no,
2026-10-09 08:40:39,3,L3-023,,,T1,laptop-taqiya,1,Samsung S25 Ultra,e2:82:61:7d:8d:ae,5745,149,5.0,80,-64.0,,,,WPA2/WPA3-Personal,capable,
2026-10-09 08:40:39,3,L3-023,,,T1,laptop-taqiya,1,eduroam,e8:10:98:82:0b:42,5745,149,5.0,40,-50.0,,,,WPA2/3-Enterprise,no,
2026-10-09 08:40:39,3,L3-023,,,T1,laptop-taqiya,1,WiFi-FILKOM,e8:10:98:82:0b:41,5745,149,5.0,40,-51.0,,,,WPA2/3-Enterprise,no,
2026-10-09 08:40:39,3,L3-023,,,T1,laptop-taqiya,1,WiFi-UB.x,e8:10:98:82:0b:40,5745,149,5.0,40,-51.0,,,,WPA2/3-Enterprise,no,
2026-10-09 08:40:39,3,L3-023,,,T1,laptop-taqiya,1,FILKOM EVENT,e8:10:98:82:0b:23,5240,48,5.0,40,-55.0,,,,WPA2-Personal,no,
2026-10-09 08:40:39,3,L3-023,,,T1,laptop-taqiya,1,eduroam,e8:10:98:82:0b:22,5240,48,5.0,40,-55.0,,,,WPA2/3-Enterprise,no,
2026-10-09 08:40:39,3,L3-023,,,T1,laptop-taqiya,1,WiFi-FILKOM,e8:10:98:82:0b:21,5240,48,5.0,40,-55.0,,,,WPA2/3-Enterprise,no,
2026-10-09 08:40:39,3,L3-023,,,T1,laptop-taqiya,1,lkjgfd,3e:c4:7f:30:14:49,5240,48,5.0,40,-61.0,,,,WPA2-Personal,no,
2026-10-09 08:40:39,3,L3-023,,,T1,laptop-taqiya,1,iHome5G15,1a:a3:ef:fa:1d:79,5180,36,5.0,80,-76.0,,,,WPA2-Personal,no,
2026-10-09 08:40:48,3,L3-023,,,T1,laptop-taqiya,2,FILKOM EVENT,e8:10:98:82:0b:33,2462,11,2.4,20,-58.0,,,,WPA2-Personal,no,
2026-10-09 08:40:48,3,L3-023,,,T1,laptop-taqiya,2,Verizon-SM-G996U-d561,32:c0:06:d1:8c:cf,2462,11,2.4,20,-70.0,,,,WPA2-Personal,no,
2026-10-09 08:40:48,3,L3-023,,,T1,laptop-taqiya,2,eduroam,e8:10:98:82:0b:32,2462,11,2.4,20,-59.0,,,,WPA2/3-Enterprise,no,
2026-10-09 08:40:48,3,L3-023,,,T1,laptop-taqiya,2,WiFi-FILKOM,e8:10:98:82:0b:31,2462,11,2.4,20,-60.0,,,,WPA2/3-Enterprise,no,
2026-10-09 08:40:48,3,L3-023,,,T1,laptop-taqiya,2,Acen slebew,7e:e5:96:e6:26:7c,2462,11,2.4,20,-74.0,,,,WPA2-Personal,no,
2026-10-09 08:40:48,3,L3-023,,,T1,laptop-taqiya,2,WiFi-UB.x,e8:10:98:82:0b:30,2462,11,2.4,20,-57.0,,,,WPA2/3-Enterprise,no,
2026-10-09 08:40:48,3,L3-023,,,T1,laptop-taqiya,2,WiFi-UB.x,fc:7f:f1:dd:53:20,2462,11,2.4,20,-82.0,,,,WPA2/3-Enterprise,no,
2026-10-09 08:40:48,3,L3-023,,,T1,laptop-taqiya,2,WiFi-UB.x,e8:10:98:82:0b:20,5240,48,5.0,40,-53.0,,,,WPA2/3-Enterprise,no,
2026-10-09 08:40:48,3,L3-023,,,T1,laptop-taqiya,2,FILKOM EVENT,e8:10:98:82:05:93,2437,6,2.4,20,-66.0,,,,WPA2-Personal,no,
2026-10-09 08:40:48,3,L3-023,,,T1,laptop-taqiya,2,WiFi-FILKOM,e8:10:98:82:05:91,2437,6,2.4,20,-68.0,,,,WPA2/3-Enterprise,no,
2026-10-09 08:40:48,3,L3-023,,,T1,laptop-taqiya,2,WiFi-UB.x,e8:10:98:82:05:90,2437,6,2.4,20,-60.0,,,,WPA2/3-Enterprise,no,
2026-10-09 08:40:48,3,L3-023,,,T1,laptop-taqiya,2,"To you, in 2000 Years",0a:a1:11:53:7a:6e,2437,6,2.4,20,-59.0,,,,WPA2-Personal,no,
2026-10-09 08:40:48,3,L3-023,,,T1,laptop-taqiya,2,ORACLE,5e:fa:75:9d:00:31,2432,5,2.4,20,-76.0,,,,Open,no,
2026-10-09 08:40:48,3,L3-023,,,T1,laptop-taqiya,2,Redmi 10C,4e:78:64:e6:2c:5c,2432,5,2.4,20,-53.0,,,,WPA2-Personal,no,
2026-10-09 08:40:48,3,L3-023,,,T1,laptop-taqiya,2,nishimura,a6:ac:7b:7a:ad:b8,2412,1,2.4,20,-75.0,,,,WPA2/WPA3-Personal,capable,
2026-10-09 08:40:48,3,L3-023,,,T1,laptop-taqiya,2,FILKOM EVENT,fc:7f:f1:dd:53:33,5320,64,5.0,40,-84.0,,,,WPA2-Personal,no,
2026-10-09 08:40:48,3,L3-023,,,T1,laptop-taqiya,2,eduroam,fc:7f:f1:dd:53:32,5320,64,5.0,40,-84.0,,,,WPA2/3-Enterprise,no,
2026-10-09 08:40:48,3,L3-023,,,T1,laptop-taqiya,2,WiFi-FILKOM,fc:7f:f1:dd:53:31,5320,64,5.0,40,-85.0,,,,WPA2/3-Enterprise,no,
2026-10-09 08:40:48,3,L3-023,,,T1,laptop-taqiya,2,WiFi-UB.x,fc:7f:f1:dd:53:30,5320,64,5.0,40,-84.0,,,,WPA2/3-Enterprise,no,
2026-10-09 08:40:48,3,L3-023,,,T1,laptop-taqiya,2,FILKOM EVENT,e8:10:98:82:05:a3,5785,157,5.0,40,-57.0,,,,WPA2-Personal,no,
2026-10-09 08:40:48,3,L3-023,,,T1,laptop-taqiya,2,eduroam,e8:10:98:82:05:a2,5785,157,5.0,40,-57.0,,,,WPA2/3-Enterprise,no,
2026-10-09 08:40:48,3,L3-023,,,T1,laptop-taqiya,2,WiFi-FILKOM,e8:10:98:82:05:a1,5785,157,5.0,40,-56.0,,,,WPA2/3-Enterprise,no,
2026-10-09 08:40:48,3,L3-023,,,T1,laptop-taqiya,2,WiFi-UB.x,e8:10:98:82:05:a0,5785,157,5.0,40,-58.0,,,,WPA2/3-Enterprise,no,
2026-10-09 08:40:48,3,L3-023,,,T1,laptop-taqiya,2,FILKOM EVENT,e8:10:98:82:0b:43,5745,149,5.0,40,-56.0,,,,WPA2-Personal,no,
2026-10-09 08:40:48,3,L3-023,,,T1,laptop-taqiya,2,eduroam,e8:10:98:82:0b:42,5745,149,5.0,40,-53.0,,,,WPA2/3-Enterprise,no,
2026-10-09 08:40:48,3,L3-023,,,T1,laptop-taqiya,2,WiFi-FILKOM,e8:10:98:82:0b:41,5745,149,5.0,40,-55.0,,,,WPA2/3-Enterprise,no,
2026-10-09 08:40:48,3,L3-023,,,T1,laptop-taqiya,2,WiFi-UB.x,e8:10:98:82:0b:40,5745,149,5.0,40,-53.0,,,,WPA2/3-Enterprise,no,
2026-10-09 08:40:48,3,L3-023,,,T1,laptop-taqiya,2,FILKOM EVENT,e8:10:98:82:0b:23,5240,48,5.0,40,-53.0,,,,WPA2-Personal,no,
2026-10-09 08:40:48,3,L3-023,,,T1,laptop-taqiya,2,eduroam,e8:10:98:82:0b:22,5240,48,5.0,40,-52.0,,,,WPA2/3-Enterprise,no,
2026-10-09 08:40:48,3,L3-023,,,T1,laptop-taqiya,2,WiFi-FILKOM,e8:10:98:82:0b:21,5240,48,5.0,40,-52.0,,,,WPA2/3-Enterprise,no,
2026-10-09 08:40:48,3,L3-023,,,T1,laptop-taqiya,2,lkjgfd,3e:c4:7f:30:14:49,5240,48,5.0,40,-66.0,,,,WPA2-Personal,no,
2026-10-09 08:40:48,3,L3-023,,,T1,laptop-taqiya,2,iHome5G15,1a:a3:ef:fa:1d:79,5180,36,5.0,80,-72.0,,,,WPA2-Personal,no,
2026-10-09 08:40:57,3,L3-023,,,T1,laptop-taqiya,3,WiFi-UB.x,e8:10:98:82:0b:20,5240,48,5.0,40,-53.0,,,,WPA2/3-Enterprise,no,
2026-10-09 08:40:57,3,L3-023,,,T1,laptop-taqiya,3,"To you, in 2000 Years",0a:a1:11:53:7a:6e,2437,6,2.4,20,-59.0,,,,WPA2-Personal,no,
2026-10-09 08:40:57,3,L3-023,,,T1,laptop-taqiya,3,eduroam,e8:10:98:82:05:92,2437,6,2.4,20,-66.0,,,,WPA2/3-Enterprise,no,
2026-10-09 08:40:57,3,L3-023,,,T1,laptop-taqiya,3,WiFi-FILKOM,e8:10:98:82:05:91,2437,6,2.4,20,-66.0,,,,WPA2/3-Enterprise,no,
2026-10-09 08:40:57,3,L3-023,,,T1,laptop-taqiya,3,WiFi-UB.x,e8:10:98:82:05:90,2437,6,2.4,20,-67.0,,,,WPA2/3-Enterprise,no,
2026-10-09 08:40:57,3,L3-023,,,T1,laptop-taqiya,3,ORACLE,5e:fa:75:9d:00:31,2432,5,2.4,20,-63.0,,,,Open,no,
2026-10-09 08:40:57,3,L3-023,,,T1,laptop-taqiya,3,Redmi 10C,4e:78:64:e6:2c:5c,2432,5,2.4,20,-53.0,,,,WPA2-Personal,no,
2026-10-09 08:40:57,3,L3-023,,,T1,laptop-taqiya,3,WiFi-UB.x,54:d7:e3:45:51:20,2412,1,2.4,20,-73.0,,,,WPA2/3-Enterprise,no,
2026-10-09 08:40:57,3,L3-023,,,T1,laptop-taqiya,3,nishimura,a6:ac:7b:7a:ad:b8,2412,1,2.4,20,-75.0,,,,WPA2/WPA3-Personal,capable,
2026-10-09 08:40:57,3,L3-023,,,T1,laptop-taqiya,3,FILKOM EVENT,fc:7f:f1:dd:53:33,5320,64,5.0,40,-82.0,,,,WPA2-Personal,no,
2026-10-09 08:40:57,3,L3-023,,,T1,laptop-taqiya,3,eduroam,fc:7f:f1:dd:53:32,5320,64,5.0,40,-82.0,,,,WPA2/3-Enterprise,no,
2026-10-09 08:40:57,3,L3-023,,,T1,laptop-taqiya,3,WiFi-FILKOM,fc:7f:f1:dd:53:31,5320,64,5.0,40,-81.0,,,,WPA2/3-Enterprise,no,
2026-10-09 08:40:57,3,L3-023,,,T1,laptop-taqiya,3,WiFi-UB.x,fc:7f:f1:dd:53:30,5320,64,5.0,40,-81.0,,,,WPA2/3-Enterprise,no,
2026-10-09 08:40:57,3,L3-023,,,T1,laptop-taqiya,3,FILKOM EVENT,54:d7:e3:42:42:d3,5260,52,5.0,40,-82.0,,,,WPA2-Personal,no,
2026-10-09 08:40:57,3,L3-023,,,T1,laptop-taqiya,3,eduroam,54:d7:e3:42:42:d2,5260,52,5.0,40,-82.0,,,,WPA2/3-Enterprise,no,
2026-10-09 08:40:57,3,L3-023,,,T1,laptop-taqiya,3,WiFi-FILKOM,54:d7:e3:42:42:d1,5260,52,5.0,40,-82.0,,,,WPA2/3-Enterprise,no,
2026-10-09 08:40:57,3,L3-023,,,T1,laptop-taqiya,3,WiFi-UB.x,54:d7:e3:42:42:d0,5260,52,5.0,40,-81.0,,,,WPA2/3-Enterprise,no,
2026-10-09 08:40:57,3,L3-023,,,T1,laptop-taqiya,3,FILKOM EVENT,e8:10:98:82:05:a3,5785,157,5.0,40,-59.0,,,,WPA2-Personal,no,
2026-10-09 08:40:57,3,L3-023,,,T1,laptop-taqiya,3,eduroam,e8:10:98:82:05:a2,5785,157,5.0,40,-60.0,,,,WPA2/3-Enterprise,no,
2026-10-09 08:40:57,3,L3-023,,,T1,laptop-taqiya,3,WiFi-FILKOM,e8:10:98:82:05:a1,5785,157,5.0,40,-59.0,,,,WPA2/3-Enterprise,no,
2026-10-09 08:40:57,3,L3-023,,,T1,laptop-taqiya,3,WiFi-UB.x,e8:10:98:82:05:a0,5785,157,5.0,40,-60.0,,,,WPA2/3-Enterprise,no,
2026-10-09 08:40:57,3,L3-023,,,T1,laptop-taqiya,3,FILKOM EVENT,ec:bd:1d:af:f6:7c,5745,149,5.0,20,-93.0,,0.0,25.5,WPA2-Personal,no,
2026-10-09 08:40:57,3,L3-023,,,T1,laptop-taqiya,3,eduroam,ec:bd:1d:af:f6:7d,5745,149,5.0,20,-92.0,,0.0,25.5,WPA2/3-Enterprise,capable,
2026-10-09 08:40:57,3,L3-023,,,T1,laptop-taqiya,3,FILKOM EVENT,e8:10:98:82:0b:43,5745,149,5.0,40,-53.0,,,,WPA2-Personal,no,
2026-10-09 08:40:57,3,L3-023,,,T1,laptop-taqiya,3,eduroam,e8:10:98:82:0b:42,5745,149,5.0,40,-55.0,,,,WPA2/3-Enterprise,no,
2026-10-09 08:40:57,3,L3-023,,,T1,laptop-taqiya,3,WiFi-FILKOM,e8:10:98:82:0b:41,5745,149,5.0,40,-53.0,,,,WPA2/3-Enterprise,no,
2026-10-09 08:40:57,3,L3-023,,,T1,laptop-taqiya,3,WiFi-UB.x,e8:10:98:82:0b:40,5745,149,5.0,40,-53.0,,,,WPA2/3-Enterprise,no,
2026-10-09 08:40:57,3,L3-023,,,T1,laptop-taqiya,3,FILKOM EVENT,e8:10:98:82:0b:23,5240,48,5.0,40,-52.0,,,,WPA2-Personal,no,
2026-10-09 08:40:57,3,L3-023,,,T1,laptop-taqiya,3,eduroam,e8:10:98:82:0b:22,5240,48,5.0,40,-52.0,,,,WPA2/3-Enterprise,no,
2026-10-09 08:40:57,3,L3-023,,,T1,laptop-taqiya,3,WiFi-FILKOM,e8:10:98:82:0b:21,5240,48,5.0,40,-53.0,,,,WPA2/3-Enterprise,no,
2026-10-09 08:40:57,3,L3-023,,,T1,laptop-taqiya,3,lkjgfd,3e:c4:7f:30:14:49,5240,48,5.0,40,-70.0,,,,WPA2-Personal,no,
2026-10-09 08:40:57,3,L3-023,,,T1,laptop-taqiya,3,FILKOM EVENT,54:d7:e3:42:97:93,5180,36,5.0,40,-90.0,,,,WPA2-Personal,no,
2026-10-09 08:40:57,3,L3-023,,,T1,laptop-taqiya,3,eduroam,54:d7:e3:42:97:92,5180,36,5.0,40,-89.0,,,,WPA2/3-Enterprise,no,
2026-10-09 08:40:57,3,L3-023,,,T1,laptop-taqiya,3,WiFi-FILKOM,54:d7:e3:42:97:91,5180,36,5.0,40,-89.0,,,,WPA2/3-Enterprise,no,
2026-10-09 08:40:57,3,L3-023,,,T1,laptop-taqiya,3,WiFi-UB.x,54:d7:e3:42:97:90,5180,36,5.0,40,-90.0,,,,WPA2/3-Enterprise,no,
2026-10-09 08:40:57,3,L3-023,,,T1,laptop-taqiya,3,iHome5G15,1a:a3:ef:fa:1d:79,5180,36,5.0,80,-82.0,,,,WPA2-Personal,no,
2026-10-09 08:43:31,3,L3-012,,,T1,laptop-taqiya,1,Recover.Me-0B3DA0,c8:a6:08:4b:3d:af,2462,11,2.4,20,-81.0,,0.0,11.4,WPA2-Personal,no,
2026-10-09 08:43:31,3,L3-012,,,T1,laptop-taqiya,1,FEB-UB,80:03:84:99:07:38,2462,11,2.4,20,-83.0,,2.0,49.4,WPA2-Personal,capable,
2026-10-09 08:43:31,3,L3-012,,,T1,laptop-taqiya,1,WiFi-UB.x,e8:10:98:82:0b:20,5240,48,5.0,40,-61.0,,,,WPA2/3-Enterprise,no,
2026-10-09 08:43:31,3,L3-012,,,T1,laptop-taqiya,1,FILKOM EVENT,e8:10:98:82:0b:33,2462,11,2.4,20,-72.0,,,,WPA2-Personal,no,
2026-10-09 08:43:31,3,L3-012,,,T1,laptop-taqiya,1,eduroam,e8:10:98:82:0b:32,2462,11,2.4,20,-68.0,,,,WPA2/3-Enterprise,no,
2026-10-09 08:43:31,3,L3-012,,,T1,laptop-taqiya,1,WiFi-FILKOM,e8:10:98:82:0b:31,2462,11,2.4,20,-72.0,,,,WPA2/3-Enterprise,no,
2026-10-09 08:43:31,3,L3-012,,,T1,laptop-taqiya,1,WiFi-UB.x,e8:10:98:82:0b:30,2462,11,2.4,20,-69.0,,,,WPA2/3-Enterprise,no,
2026-10-09 08:43:31,3,L3-012,,,T1,laptop-taqiya,1,FILKOM EVENT,e8:10:98:82:05:93,2437,6,2.4,20,-83.0,,,,WPA2-Personal,no,
2026-10-09 08:43:31,3,L3-012,,,T1,laptop-taqiya,1,eduroam,e8:10:98:82:05:92,2437,6,2.4,20,-68.0,,,,WPA2/3-Enterprise,no,
2026-10-09 08:43:31,3,L3-012,,,T1,laptop-taqiya,1,WiFi-UB.x,e8:10:98:82:05:90,2437,6,2.4,20,-84.0,,,,WPA2/3-Enterprise,no,
2026-10-09 08:43:31,3,L3-012,,,T1,laptop-taqiya,1,iqoo Z9 ,8a:3f:0f:53:ce:1e,2437,6,2.4,20,-68.0,,,,WPA2-Personal,no,
2026-10-09 08:43:31,3,L3-012,,,T1,laptop-taqiya,1,"To you, in 2000 Years",0a:a1:11:53:7a:6e,2437,6,2.4,20,-76.0,,,,WPA2-Personal,no,
2026-10-09 08:43:31,3,L3-012,,,T1,laptop-taqiya,1,eduroam,80:03:84:58:c8:b8,2412,1,2.4,20,-79.0,,1.0,26.3,WPA2/3-Enterprise,no,
2026-10-09 08:43:31,3,L3-012,,,T1,laptop-taqiya,1,WiFi-UB.x,80:03:84:18:c8:b8,2412,1,2.4,20,-87.0,,5.0,26.3,WPA2/3-Enterprise,no,
2026-10-09 08:43:31,3,L3-012,,,T1,laptop-taqiya,1,Q,16:ef:f3:33:ad:62,2412,1,2.4,20,-80.0,,,,WPA2-Personal,no,
2026-10-09 08:43:31,3,L3-012,,,T1,laptop-taqiya,1,nishimura,a6:ac:7b:7a:ad:b8,2412,1,2.4,20,-79.0,,,,WPA2/WPA3-Personal,capable,
2026-10-09 08:43:31,3,L3-012,,,T1,laptop-taqiya,1,nanadd,4a:94:9a:ef:ad:8a,2412,1,2.4,20,-45.0,,,,WPA2-Personal,no,
2026-10-09 08:43:31,3,L3-012,,,T1,laptop-taqiya,1,Galaxy A56 5G 3E6F,3a:8d:a2:ad:9b:05,2412,1,2.4,20,-82.0,,,,WPA2-Personal,no,
2026-10-09 08:43:31,3,L3-012,,,T1,laptop-taqiya,1,FILKOM EVENT,e8:10:98:82:05:a3,5785,157,5.0,40,-82.0,,,,WPA2-Personal,no,
2026-10-09 08:43:31,3,L3-012,,,T1,laptop-taqiya,1,eduroam,e8:10:98:82:05:a2,5785,157,5.0,40,-81.0,,,,WPA2/3-Enterprise,no,
2026-10-09 08:43:31,3,L3-012,,,T1,laptop-taqiya,1,WiFi-FILKOM,e8:10:98:82:05:a1,5785,157,5.0,40,-81.0,,,,WPA2/3-Enterprise,no,
2026-10-09 08:43:31,3,L3-012,,,T1,laptop-taqiya,1,WiFi-UB.x,e8:10:98:82:05:a0,5785,157,5.0,40,-82.0,,,,WPA2/3-Enterprise,no,
2026-10-09 08:43:31,3,L3-012,,,T1,laptop-taqiya,1,FILKOM EVENT,e8:10:98:82:0b:43,5745,149,5.0,40,-60.0,,,,WPA2-Personal,no,
2026-10-09 08:43:31,3,L3-012,,,T1,laptop-taqiya,1,eduroam,e8:10:98:82:0b:42,5745,149,5.0,40,-61.0,,,,WPA2/3-Enterprise,no,
2026-10-09 08:43:31,3,L3-012,,,T1,laptop-taqiya,1,WiFi-FILKOM,e8:10:98:82:0b:41,5745,149,5.0,40,-62.0,,,,WPA2/3-Enterprise,no,
2026-10-09 08:43:31,3,L3-012,,,T1,laptop-taqiya,1,WiFi-UB.x,e8:10:98:82:0b:40,5745,149,5.0,40,-61.0,,,,WPA2/3-Enterprise,no,
2026-10-09 08:43:31,3,L3-012,,,T1,laptop-taqiya,1,lkjgfd,3e:c4:7f:30:14:49,5240,48,5.0,40,-83.0,,,,WPA2-Personal,no,
2026-10-09 08:43:31,3,L3-012,,,T1,laptop-taqiya,1,FILKOM EVENT,e8:10:98:82:0b:23,5240,48,5.0,40,-63.0,,,,WPA2-Personal,no,
2026-10-09 08:43:31,3,L3-012,,,T1,laptop-taqiya,1,eduroam,e8:10:98:82:0b:22,5240,48,5.0,40,-63.0,,,,WPA2/3-Enterprise,no,
2026-10-09 08:43:31,3,L3-012,,,T1,laptop-taqiya,1,WiFi-FILKOM,e8:10:98:82:0b:21,5240,48,5.0,40,-63.0,,,,WPA2/3-Enterprise,no,
2026-10-09 08:43:31,3,L3-012,,,T1,laptop-taqiya,1,WiFi-UB.x,00:33:58:8e:91:e1,5220,44,5.0,20,-85.0,,28.0,37.3,WPA2/3-Enterprise,capable,
2026-10-09 08:43:31,3,L3-012,,,T1,laptop-taqiya,1,eduroam,00:33:58:8e:91:e0,5220,44,5.0,20,-86.0,,10.0,37.3,WPA2/3-Enterprise,capable,
2026-10-09 08:43:31,3,L3-012,,,T1,laptop-taqiya,1,eduroam,28:b3:71:ab:d3:90,5200,40,5.0,20,-86.0,,0.0,13.7,WPA2/3-Enterprise,capable,
2026-10-09 08:43:31,3,L3-012,,,T1,laptop-taqiya,1,FILKOM EVENT,54:d7:e3:42:97:93,5180,36,5.0,40,-84.0,,,,WPA2-Personal,no,
2026-10-09 08:43:31,3,L3-012,,,T1,laptop-taqiya,1,eduroam,54:d7:e3:42:97:92,5180,36,5.0,40,-84.0,,,,WPA2/3-Enterprise,no,
2026-10-09 08:43:31,3,L3-012,,,T1,laptop-taqiya,1,WiFi-FILKOM,54:d7:e3:42:97:91,5180,36,5.0,40,-84.0,,,,WPA2/3-Enterprise,no,
2026-10-09 08:43:31,3,L3-012,,,T1,laptop-taqiya,1,WiFi-UB.x,54:d7:e3:42:97:90,5180,36,5.0,40,-83.0,,,,WPA2/3-Enterprise,no,
2026-10-09 08:43:40,3,L3-012,,,T1,laptop-taqiya,2,WiFi-UB.x,e8:10:98:82:0b:20,5240,48,5.0,40,-61.0,,,,WPA2/3-Enterprise,no,
2026-10-09 08:43:40,3,L3-012,,,T1,laptop-taqiya,2,FILKOM EVENT,e8:10:98:82:0b:33,2462,11,2.4,20,-73.0,,,,WPA2-Personal,no,
2026-10-09 08:43:40,3,L3-012,,,T1,laptop-taqiya,2,eduroam,e8:10:98:82:0b:32,2462,11,2.4,20,-73.0,,,,WPA2/3-Enterprise,no,
2026-10-09 08:43:40,3,L3-012,,,T1,laptop-taqiya,2,WiFi-FILKOM,e8:10:98:82:0b:31,2462,11,2.4,20,-73.0,,,,WPA2/3-Enterprise,no,
2026-10-09 08:43:40,3,L3-012,,,T1,laptop-taqiya,2,Recover.Me-0B3DA0,c8:a6:08:4b:3d:af,2462,11,2.4,20,-79.0,,0.0,12.2,WPA2-Personal,no,
2026-10-09 08:43:40,3,L3-012,,,T1,laptop-taqiya,2,WiFi-UB.x,e8:10:98:82:0b:30,2462,11,2.4,20,-73.0,,,,WPA2/3-Enterprise,no,
2026-10-09 08:43:40,3,L3-012,,,T1,laptop-taqiya,2,FEB-UB,80:03:84:99:07:38,2462,11,2.4,20,-85.0,,4.0,58.0,WPA2-Personal,capable,
2026-10-09 08:43:40,3,L3-012,,,T1,laptop-taqiya,2,Recover.Me-3020A0,10:f0:68:f0:20:ab,2437,6,2.4,20,-83.0,,0.0,34.1,WPA2-Personal,no,
2026-10-09 08:43:40,3,L3-012,,,T1,laptop-taqiya,2,WiFi-FIA,10:f0:68:30:20:a8,2437,6,2.4,20,-84.0,,0.0,34.1,WPA2-Personal,capable,
2026-10-09 08:43:40,3,L3-012,,,T1,laptop-taqiya,2,eduroam,54:d7:e3:45:4c:82,2437,6,2.4,20,-88.0,,,,WPA2/3-Enterprise,no,
2026-10-09 08:43:40,3,L3-012,,,T1,laptop-taqiya,2,"To you, in 2000 Years",0a:a1:11:53:7a:6e,2437,6,2.4,20,-80.0,,,,WPA2-Personal,no,
2026-10-09 08:43:40,3,L3-012,,,T1,laptop-taqiya,2,iqoo Z9 ,8a:3f:0f:53:ce:1e,2437,6,2.4,20,-85.0,,,,WPA2-Personal,no,
2026-10-09 08:43:40,3,L3-012,,,T1,laptop-taqiya,2,ZTE_2.4G_6JbbKc,24:58:6e:db:38:00,2427,4,2.4,20,-84.0,,0.0,2.4,WPA2-Personal,no,
2026-10-09 08:43:40,3,L3-012,,,T1,laptop-taqiya,2,nanadd,4a:94:9a:ef:ad:8a,2412,1,2.4,20,-56.0,,,,WPA2-Personal,no,
2026-10-09 08:43:40,3,L3-012,,,T1,laptop-taqiya,2,ROBOTIIK,48:22:54:15:73:b0,2412,1,2.4,20,-77.0,,4.0,0.0,WPA2-Personal,no,
2026-10-09 08:43:40,3,L3-012,,,T1,laptop-taqiya,2,Q,16:ef:f3:33:ad:62,2412,1,2.4,20,-78.0,,,,WPA2-Personal,no,
2026-10-09 08:43:40,3,L3-012,,,T1,laptop-taqiya,2,WiFi-UB.x,e8:10:98:82:05:a0,5785,157,5.0,40,-82.0,,,,WPA2/3-Enterprise,no,
2026-10-09 08:43:40,3,L3-012,,,T1,laptop-taqiya,2,FILKOM EVENT,e8:10:98:82:05:a3,5785,157,5.0,40,-82.0,,,,WPA2-Personal,no,
2026-10-09 08:43:40,3,L3-012,,,T1,laptop-taqiya,2,eduroam,e8:10:98:82:05:a2,5785,157,5.0,40,-82.0,,,,WPA2/3-Enterprise,no,
2026-10-09 08:43:40,3,L3-012,,,T1,laptop-taqiya,2,WiFi-FILKOM,e8:10:98:82:05:a1,5785,157,5.0,40,-83.0,,,,WPA2/3-Enterprise,no,
2026-10-09 08:43:40,3,L3-012,,,T1,laptop-taqiya,2,Samsung S25 Ultra,e2:82:61:7d:8d:ae,5745,149,5.0,80,-86.0,,,,WPA2/WPA3-Personal,capable,
2026-10-09 08:43:40,3,L3-012,,,T1,laptop-taqiya,2,FILKOM EVENT,e8:10:98:82:0b:43,5745,149,5.0,40,-60.0,,,,WPA2-Personal,no,
2026-10-09 08:43:40,3,L3-012,,,T1,laptop-taqiya,2,eduroam,e8:10:98:82:0b:42,5745,149,5.0,40,-59.0,,,,WPA2/3-Enterprise,no,
2026-10-09 08:43:40,3,L3-012,,,T1,laptop-taqiya,2,WiFi-FILKOM,e8:10:98:82:0b:41,5745,149,5.0,40,-59.0,,,,WPA2/3-Enterprise,no,
2026-10-09 08:43:40,3,L3-012,,,T1,laptop-taqiya,2,WiFi-UB.x,e8:10:98:82:0b:40,5745,149,5.0,40,-59.0,,,,WPA2/3-Enterprise,no,
2026-10-09 08:43:40,3,L3-012,,,T1,laptop-taqiya,2,lkjgfd,3e:c4:7f:30:14:49,5240,48,5.0,40,-81.0,,,,WPA2-Personal,no,
2026-10-09 08:43:40,3,L3-012,,,T1,laptop-taqiya,2,FILKOM EVENT,e8:10:98:82:0b:23,5240,48,5.0,40,-61.0,,,,WPA2-Personal,no,
2026-10-09 08:43:40,3,L3-012,,,T1,laptop-taqiya,2,eduroam,e8:10:98:82:0b:22,5240,48,5.0,40,-61.0,,,,WPA2/3-Enterprise,no,
2026-10-09 08:43:40,3,L3-012,,,T1,laptop-taqiya,2,WiFi-FILKOM,e8:10:98:82:0b:21,5240,48,5.0,40,-60.0,,,,WPA2/3-Enterprise,no,
2026-10-09 08:43:40,3,L3-012,,,T1,laptop-taqiya,2,FILKOM EVENT,28:b3:71:ab:d3:92,5200,40,5.0,20,-84.0,,1.0,11.8,WPA2-Personal,capable,
2026-10-09 08:43:40,3,L3-012,,,T1,laptop-taqiya,2,eduroam,28:b3:71:ab:d3:90,5200,40,5.0,20,-84.0,,0.0,11.8,WPA2/3-Enterprise,capable,
2026-10-09 08:43:40,3,L3-012,,,T1,laptop-taqiya,2,FILKOM EVENT,54:d7:e3:42:97:93,5180,36,5.0,40,-86.0,,,,WPA2-Personal,no,
2026-10-09 08:43:40,3,L3-012,,,T1,laptop-taqiya,2,eduroam,54:d7:e3:42:97:92,5180,36,5.0,40,-85.0,,,,WPA2/3-Enterprise,no,
2026-10-09 08:43:40,3,L3-012,,,T1,laptop-taqiya,2,WiFi-FILKOM,54:d7:e3:42:97:91,5180,36,5.0,40,-84.0,,,,WPA2/3-Enterprise,no,
2026-10-09 08:43:40,3,L3-012,,,T1,laptop-taqiya,2,WiFi-UB.x,54:d7:e3:42:97:90,5180,36,5.0,40,-85.0,,,,WPA2/3-Enterprise,no,
2026-10-09 08:43:49,3,L3-012,,,T1,laptop-taqiya,3,WiFi-UB.x,e8:10:98:82:0b:20,5240,48,5.0,40,-60.0,,,,WPA2/3-Enterprise,no,
2026-10-09 08:43:49,3,L3-012,,,T1,laptop-taqiya,3,WiFi-FILKOM,e8:10:98:82:0b:31,2462,11,2.4,20,-76.0,,,,WPA2/3-Enterprise,no,
2026-10-09 08:43:49,3,L3-012,,,T1,laptop-taqiya,3,WiFi-UB.x,e8:10:98:82:0b:30,2462,11,2.4,20,-76.0,,,,WPA2/3-Enterprise,no,
2026-10-09 08:43:49,3,L3-012,,,T1,laptop-taqiya,3,"To you, in 2000 Years",0a:a1:11:53:7a:6e,2437,6,2.4,20,-73.0,,,,WPA2-Personal,no,
2026-10-09 08:43:49,3,L3-012,,,T1,laptop-taqiya,3,Redmi 10C,4e:78:64:e6:2c:5c,2432,5,2.4,20,-79.0,,,,WPA2-Personal,no,
2026-10-09 08:43:49,3,L3-012,,,T1,laptop-taqiya,3,ZTE_2.4G_6JbbKc,24:58:6e:db:38:00,2427,4,2.4,20,-80.0,,0.0,2.0,WPA2-Personal,no,
2026-10-09 08:43:49,3,L3-012,,,T1,laptop-taqiya,3,Q,16:ef:f3:33:ad:62,2412,1,2.4,20,-77.0,,,,WPA2-Personal,no,
2026-10-09 08:43:49,3,L3-012,,,T1,laptop-taqiya,3,nanadd,4a:94:9a:ef:ad:8a,2412,1,2.4,20,-50.0,,,,WPA2-Personal,no,
2026-10-09 08:43:49,3,L3-012,,,T1,laptop-taqiya,3,FILKOM EVENT,e8:10:98:82:05:a3,5785,157,5.0,40,-80.0,,,,WPA2-Personal,no,
2026-10-09 08:43:49,3,L3-012,,,T1,laptop-taqiya,3,eduroam,e8:10:98:82:05:a2,5785,157,5.0,40,-80.0,,,,WPA2/3-Enterprise,no,
2026-10-09 08:43:49,3,L3-012,,,T1,laptop-taqiya,3,WiFi-FILKOM,e8:10:98:82:05:a1,5785,157,5.0,40,-80.0,,,,WPA2/3-Enterprise,no,
2026-10-09 08:43:49,3,L3-012,,,T1,laptop-taqiya,3,WiFi-UB.x,e8:10:98:82:05:a0,5785,157,5.0,40,-80.0,,,,WPA2/3-Enterprise,no,
2026-10-09 08:43:49,3,L3-012,,,T1,laptop-taqiya,3,FILKOM EVENT,e8:10:98:82:0b:43,5745,149,5.0,40,-59.0,,,,WPA2-Personal,no,
2026-10-09 08:43:49,3,L3-012,,,T1,laptop-taqiya,3,eduroam,e8:10:98:82:0b:42,5745,149,5.0,40,-59.0,,,,WPA2/3-Enterprise,no,
2026-10-09 08:43:49,3,L3-012,,,T1,laptop-taqiya,3,WiFi-FILKOM,e8:10:98:82:0b:41,5745,149,5.0,40,-59.0,,,,WPA2/3-Enterprise,no,
2026-10-09 08:43:49,3,L3-012,,,T1,laptop-taqiya,3,WiFi-UB.x,e8:10:98:82:0b:40,5745,149,5.0,40,-59.0,,,,WPA2/3-Enterprise,no,
2026-10-09 08:43:49,3,L3-012,,,T1,laptop-taqiya,3,FILKOM EVENT,e8:10:98:82:0b:23,5240,48,5.0,40,-63.0,,,,WPA2-Personal,no,
2026-10-09 08:43:49,3,L3-012,,,T1,laptop-taqiya,3,eduroam,e8:10:98:82:0b:22,5240,48,5.0,40,-62.0,,,,WPA2/3-Enterprise,no,
2026-10-09 08:43:49,3,L3-012,,,T1,laptop-taqiya,3,WiFi-FILKOM,e8:10:98:82:0b:21,5240,48,5.0,40,-63.0,,,,WPA2/3-Enterprise,no,
2026-10-09 08:43:49,3,L3-012,,,T1,laptop-taqiya,3,lkjgfd,3e:c4:7f:30:14:49,5240,48,5.0,40,-83.0,,,,WPA2-Personal,no,
2026-10-09 08:43:49,3,L3-012,,,T1,laptop-taqiya,3,WiFi-UB.x,28:b3:71:ab:d3:91,5200,40,5.0,20,-88.0,,8.0,23.9,WPA2/3-Enterprise,capable,
2026-10-09 08:43:49,3,L3-012,,,T1,laptop-taqiya,3,eduroam,28:b3:71:ab:d3:90,5200,40,5.0,20,-88.0,,0.0,23.9,WPA2/3-Enterprise,capable,
2026-10-09 08:43:49,3,L3-012,,,T1,laptop-taqiya,3,FILKOM EVENT,54:d7:e3:42:97:93,5180,36,5.0,40,-87.0,,,,WPA2-Personal,no,
2026-10-09 08:43:49,3,L3-012,,,T1,laptop-taqiya,3,eduroam,54:d7:e3:42:97:92,5180,36,5.0,40,-86.0,,,,WPA2/3-Enterprise,no,
2026-10-09 08:43:49,3,L3-012,,,T1,laptop-taqiya,3,WiFi-FILKOM,54:d7:e3:42:97:91,5180,36,5.0,40,-87.0,,,,WPA2/3-Enterprise,no,
2026-10-09 08:43:49,3,L3-012,,,T1,laptop-taqiya,3,WiFi-UB.x,54:d7:e3:42:97:90,5180,36,5.0,40,-86.0,,,,WPA2/3-Enterprise,no,
2026-10-09 08:46:52,3,L3-016,,,T1,laptop-taqiya,1,"To you, in 2000 Years",0a:a1:11:53:7a:6e,2437,6,2.4,20,-78.0,,,,WPA2-Personal,no,
2026-10-09 08:46:52,3,L3-016,,,T1,laptop-taqiya,1,eduroam,34:8f:27:44:7c:98,2437,6,2.4,20,-75.0,,0.0,21.2,WPA2/3-Enterprise,no,
2026-10-09 08:46:52,3,L3-016,,,T1,laptop-taqiya,1,FKUB_HotSpot_Backup,34:8f:27:c4:7c:98,2437,6,2.4,20,-75.0,,0.0,21.2,WPA2-Personal,no,
2026-10-09 08:46:52,3,L3-016,,,T1,laptop-taqiya,1,Kfkfkfm,46:d9:d2:ca:4f:5a,2437,6,2.4,20,-60.0,,,,WPA2-Personal,no,
2026-10-09 08:46:52,3,L3-016,,,T1,laptop-taqiya,1,Redmi 10C,4e:78:64:e6:2c:5c,2432,5,2.4,20,-77.0,,,,WPA2-Personal,no,
2026-10-09 08:46:52,3,L3-016,,,T1,laptop-taqiya,1,WiFi-UB.x,54:d7:e3:45:51:20,2412,1,2.4,20,-62.0,,,,WPA2/3-Enterprise,no,
2026-10-09 08:46:52,3,L3-016,,,T1,laptop-taqiya,1,eduroam,80:03:84:58:c8:b8,2412,1,2.4,20,-86.0,,1.0,29.0,WPA2/3-Enterprise,no,
2026-10-09 08:46:52,3,L3-016,,,T1,laptop-taqiya,1,WiFi-UB.x,80:03:84:18:c8:b8,2412,1,2.4,20,-85.0,,4.0,29.0,WPA2/3-Enterprise,no,
2026-10-09 08:46:52,3,L3-016,,,T1,laptop-taqiya,1,R9A,a6:d9:90:51:ce:53,2412,1,2.4,20,-79.0,,,,WPA2-Personal,no,
2026-10-09 08:46:52,3,L3-016,,,T1,laptop-taqiya,1,FEB-UB,80:03:84:98:c8:b8,2412,1,2.4,20,-82.0,,0.0,29.0,WPA2-Personal,capable,
2026-10-09 08:46:52,3,L3-016,,,T1,laptop-taqiya,1,nishimura,a6:ac:7b:7a:ad:b8,2412,1,2.4,20,-80.0,,,,WPA2/WPA3-Personal,capable,
2026-10-09 08:46:52,3,L3-016,,,T1,laptop-taqiya,1,FILKOM EVENT,fc:7f:f1:dd:53:33,5320,64,5.0,40,-77.0,,,,WPA2-Personal,no,
2026-10-09 08:46:52,3,L3-016,,,T1,laptop-taqiya,1,eduroam,fc:7f:f1:dd:53:32,5320,64,5.0,40,-77.0,,,,WPA2/3-Enterprise,no,
2026-10-09 08:46:52,3,L3-016,,,T1,laptop-taqiya,1,WiFi-FILKOM,fc:7f:f1:dd:53:31,5320,64,5.0,40,-77.0,,,,WPA2/3-Enterprise,no,
2026-10-09 08:46:52,3,L3-016,,,T1,laptop-taqiya,1,WiFi-UB.x,fc:7f:f1:dd:53:30,5320,64,5.0,40,-78.0,,,,WPA2/3-Enterprise,no,
2026-10-09 08:46:52,3,L3-016,,,T1,laptop-taqiya,1,ROBOTIIK,48:22:54:15:73:b0,2412,1,2.4,20,-80.0,,4.0,0.0,WPA2-Personal,no,
2026-10-09 08:46:52,3,L3-016,,,T1,laptop-taqiya,1,WiFi-UB.x,80:bc:37:6c:d7:e8,2412,1,2.4,20,-79.0,,6.0,64.7,WPA2/3-Enterprise,no,
2026-10-09 08:46:52,3,L3-016,,,T1,laptop-taqiya,1,WiFi-UB.x,00:e6:3a:90:eb:0c,5805,161,5.0,20,-81.0,,0.0,2.0,WPA2/3-Enterprise,capable,
2026-10-09 08:46:52,3,L3-016,,,T1,laptop-taqiya,1,FILKOM EVENT,00:e6:3a:50:eb:0c,5805,161,5.0,20,-84.0,,0.0,2.0,WPA2-Personal,capable,
2026-10-09 08:46:52,3,L3-016,,,T1,laptop-taqiya,1,eduroam,00:e6:3a:10:eb:0c,5805,161,5.0,20,-81.0,,0.0,2.0,WPA2/3-Enterprise,capable,
2026-10-09 08:46:52,3,L3-016,,,T1,laptop-taqiya,1,FKUB_HotSpot_Backup,3c:46:a1:bb:cd:93,5765,153,5.0,40,-72.0,,0.0,23.1,WPA2-Personal,no,
2026-10-09 08:46:52,3,L3-016,,,T1,laptop-taqiya,1,eduroam,3c:46:a1:bb:cd:91,5765,153,5.0,40,-69.0,,1.0,23.1,WPA2/3-Enterprise,no,
2026-10-09 08:46:52,3,L3-016,,,T1,laptop-taqiya,1,WiFi-UB.x,3c:46:a1:b9:ba:e2,5765,153,5.0,20,-87.0,,1.0,14.9,WPA2/3-Enterprise,no,
2026-10-09 08:46:52,3,L3-016,,,T1,laptop-taqiya,1,eduroam,0e:b8:e6:d9:af:f1,2412,1,2.4,20,-78.0,,,,WPA2/3-Enterprise,no,
2026-10-09 08:46:52,3,L3-016,,,T1,laptop-taqiya,1,eduroam,f0:6f:ce:03:1e:2c,5745,149,5.0,40,-90.0,,7.0,14.9,WPA2/3-Enterprise,no,
2026-10-09 08:46:52,3,L3-016,,,T1,laptop-taqiya,1,FKUB_HotSpot_Backup,b4:79:c8:ee:45:dc,5745,149,5.0,40,-82.0,,0.0,49.4,WPA2-Personal,no,
2026-10-09 08:46:52,3,L3-016,,,T1,laptop-taqiya,1,eduroam,b4:79:c8:6e:45:dc,5745,149,5.0,40,-82.0,,0.0,49.4,WPA2/3-Enterprise,no,
2026-10-09 08:46:52,3,L3-016,,,T1,laptop-taqiya,1,FKUB_HotSpot,b4:79:c8:2e:45:dc,5745,149,5.0,40,-82.0,,1.0,49.4,WPA2-Personal,no,
2026-10-09 08:46:52,3,L3-016,,,T1,laptop-taqiya,1,FILKOM EVENT,e8:10:98:82:0b:23,5240,48,5.0,40,-87.0,,,,WPA2-Personal,no,
2026-10-09 08:46:52,3,L3-016,,,T1,laptop-taqiya,1,eduroam,e8:10:98:82:0b:22,5240,48,5.0,40,-87.0,,,,WPA2/3-Enterprise,no,
2026-10-09 08:46:52,3,L3-016,,,T1,laptop-taqiya,1,WiFi-FILKOM,e8:10:98:82:0b:21,5240,48,5.0,40,-87.0,,,,WPA2/3-Enterprise,no,
2026-10-09 08:46:52,3,L3-016,,,T1,laptop-taqiya,1,WiFi-UB.x,e8:10:98:82:0b:20,5240,48,5.0,40,-85.0,,,,WPA2/3-Enterprise,no,
2026-10-09 08:46:52,3,L3-016,,,T1,laptop-taqiya,1,lkjgfd,3e:c4:7f:30:14:49,5240,48,5.0,40,-86.0,,,,WPA2-Personal,no,
2026-10-09 08:46:52,3,L3-016,,,T1,laptop-taqiya,1,FILKOM EVENT,54:d7:e3:45:51:23,2412,1,2.4,20,-66.0,,,,WPA2-Personal,no,
2026-10-09 08:46:52,3,L3-016,,,T1,laptop-taqiya,1,eduroam,54:d7:e3:45:51:22,2412,1,2.4,20,-67.0,,,,WPA2/3-Enterprise,no,
2026-10-09 08:46:52,3,L3-016,,,T1,laptop-taqiya,1,eduroam,80:bc:37:2c:d7:e8,2412,1,2.4,20,-80.0,,2.0,54.9,WPA2/3-Enterprise,no,
2026-10-09 08:46:52,3,L3-016,,,T1,laptop-taqiya,1,WiFi-FILKOM,54:d7:e3:45:51:21,2412,1,2.4,20,-65.0,,,,WPA2/3-Enterprise,no,
2026-10-09 08:46:52,3,L3-016,,,T1,laptop-taqiya,1,WiFi-UB.x,0a:b8:e6:d9:af:f1,2412,1,2.4,20,-80.0,,,,WPA2/3-Enterprise,no,
2026-10-09 08:46:52,3,L3-016,,,T1,laptop-taqiya,1,,c8:5a:9f:ce:72:52,2417,2,2.4,20,-75.0,,0.0,0.8,WPA2-Personal,no,
2026-10-09 08:46:52,3,L3-016,,,T1,laptop-taqiya,1,nanadd,4a:94:9a:ef:ad:8a,2412,1,2.4,20,-77.0,,,,WPA2-Personal,no,
2026-10-09 08:47:01,3,L3-016,,,T1,laptop-taqiya,2,WiFi-UB.x,54:d7:e3:45:51:20,2412,1,2.4,20,-64.0,,,,WPA2/3-Enterprise,no,
2026-10-09 08:47:01,3,L3-016,,,T1,laptop-taqiya,2,nishimura,a6:ac:7b:7a:ad:b8,2412,1,2.4,20,-79.0,,,,WPA2/WPA3-Personal,capable,
2026-10-09 08:47:01,3,L3-016,,,T1,laptop-taqiya,2,eduroam,2c:ab:46:be:09:31,5785,157,5.0,40,-86.0,,2.0,63.9,WPA2/3-Enterprise,no,
2026-10-09 08:47:01,3,L3-016,,,T1,laptop-taqiya,2,FKUB_HotSpot_Backup,2c:ab:46:be:09:33,5785,157,5.0,40,-84.0,,0.0,63.9,WPA2-Personal,no,
2026-10-09 08:47:01,3,L3-016,,,T1,laptop-taqiya,2,WiFi-UB.x,2c:ab:46:be:09:32,5785,157,5.0,40,-82.0,,6.0,63.9,WPA2/3-Enterprise,no,
2026-10-09 08:47:01,3,L3-016,,,T1,laptop-taqiya,2,FKUB_HotSpot_Backup,3c:46:a1:bb:cd:93,5765,153,5.0,40,-77.0,,0.0,10.2,WPA2-Personal,no,
2026-10-09 08:47:01,3,L3-016,,,T1,laptop-taqiya,2,WiFi-UB.x,3c:46:a1:bb:cd:92,5765,153,5.0,40,-77.0,,1.0,10.2,WPA2/3-Enterprise,no,
2026-10-09 08:47:01,3,L3-016,,,T1,laptop-taqiya,2,eduroam,3c:46:a1:bb:cd:91,5765,153,5.0,40,-77.0,,1.0,10.2,WPA2/3-Enterprise,no,
2026-10-09 08:47:01,3,L3-016,,,T1,laptop-taqiya,2,FKUB_HotSpot,3c:46:a1:bb:cd:90,5765,153,5.0,40,-78.0,,1.0,10.2,WPA2-Personal,no,
2026-10-09 08:47:01,3,L3-016,,,T1,laptop-taqiya,2,FILKOM EVENT,e8:10:98:82:0b:43,5745,149,5.0,40,-84.0,,,,WPA2-Personal,no,
2026-10-09 08:47:01,3,L3-016,,,T1,laptop-taqiya,2,eduroam,e8:10:98:82:0b:42,5745,149,5.0,40,-85.0,,,,WPA2/3-Enterprise,no,
2026-10-09 08:47:01,3,L3-016,,,T1,laptop-taqiya,2,WiFi-FILKOM,e8:10:98:82:0b:41,5745,149,5.0,40,-85.0,,,,WPA2/3-Enterprise,no,
2026-10-09 08:47:01,3,L3-016,,,T1,laptop-taqiya,2,FKUB_HotSpot,b4:79:c8:2e:45:dc,5745,149,5.0,40,-83.0,,1.0,51.8,WPA2-Personal,no,
2026-10-09 08:47:01,3,L3-016,,,T1,laptop-taqiya,2,FKUB_HotSpot_Backup,b4:79:c8:ee:45:dc,5745,149,5.0,40,-83.0,,0.0,51.8,WPA2-Personal,no,
2026-10-09 08:47:01,3,L3-016,,,T1,laptop-taqiya,2,eduroam,b4:79:c8:6e:45:dc,5745,149,5.0,40,-83.0,,0.0,51.8,WPA2/3-Enterprise,no,
2026-10-09 08:47:01,3,L3-016,,,T1,laptop-taqiya,2,FILKOM EVENT,e8:10:98:82:0b:23,5240,48,5.0,40,-85.0,,,,WPA2-Personal,no,
2026-10-09 08:47:01,3,L3-016,,,T1,laptop-taqiya,2,eduroam,e8:10:98:82:0b:22,5240,48,5.0,40,-85.0,,,,WPA2/3-Enterprise,no,
2026-10-09 08:47:01,3,L3-016,,,T1,laptop-taqiya,2,FIB UB,80:2a:a8:3d:1b:47,2462,11,2.4,20,-81.0,,,,WPA2-Personal,no,
2026-10-09 08:47:01,3,L3-016,,,T1,laptop-taqiya,2,FEB-UB,44:d9:e7:fb:0a:18,2462,11,2.4,20,-85.0,,0.0,28.6,WPA2-Personal,no,
2026-10-09 08:47:01,3,L3-016,,,T1,laptop-taqiya,2,Recover.Me-0B3DA0,c8:a6:08:4b:3d:af,2462,11,2.4,20,-76.0,,0.0,17.6,WPA2-Personal,no,
2026-10-09 08:47:01,3,L3-016,,,T1,laptop-taqiya,2,FEB-UB,fc:5c:45:88:6e:a8,2462,11,2.4,20,-84.0,,0.0,29.4,WPA2-Personal,capable,
2026-10-09 08:47:01,3,L3-016,,,T1,laptop-taqiya,2,FEB-UB,80:03:84:99:07:38,2462,11,2.4,20,-84.0,,3.0,61.6,WPA2-Personal,capable,
2026-10-09 08:47:01,3,L3-016,,,T1,laptop-taqiya,2,eduroam,80:03:84:59:07:38,2462,11,2.4,20,-82.0,,0.0,61.6,WPA2/3-Enterprise,no,
2026-10-09 08:47:01,3,L3-016,,,T1,laptop-taqiya,2,WiFi-UB.x,80:03:84:19:07:38,2462,11,2.4,20,-82.0,,0.0,61.6,WPA2/3-Enterprise,no,
2026-10-09 08:47:01,3,L3-016,,,T1,laptop-taqiya,2,FKUB_HotSpot_Backup,b4:79:c8:ee:45:d8,2462,11,2.4,20,-82.0,,0.0,26.7,WPA2-Personal,no,
2026-10-09 08:47:01,3,L3-016,,,T1,laptop-taqiya,2,WiFi-UB.x,34:8f:27:44:98:a8,2462,11,2.4,20,-72.0,,1.0,26.7,WPA2/3-Enterprise,no,
2026-10-09 08:47:01,3,L3-016,,,T1,laptop-taqiya,2,eduroam,34:8f:27:04:98:a8,2462,11,2.4,20,-75.0,,2.0,26.7,WPA2/3-Enterprise,no,
2026-10-09 08:47:01,3,L3-016,,,T1,laptop-taqiya,2,Galaxy Kamel,a6:11:a8:8e:fe:aa,2437,6,2.4,20,-83.0,,,,WPA2-Personal,no,
2026-10-09 08:47:01,3,L3-016,,,T1,laptop-taqiya,2,iPhone Asw,6a:56:bf:c0:98:b9,2437,6,2.4,20,-76.0,,,,WPA2-Personal,no,
2026-10-09 08:47:01,3,L3-016,,,T1,laptop-taqiya,2,WiFi-UB.x,3c:46:a1:7b:cd:92,2437,6,2.4,20,-62.0,,0.0,58.4,WPA2/3-Enterprise,no,
2026-10-09 08:47:01,3,L3-016,,,T1,laptop-taqiya,2,FKUB_HotSpot_Backup,34:8f:27:c4:7c:98,2437,6,2.4,20,-75.0,,0.0,22.0,WPA2-Personal,no,
2026-10-09 08:47:01,3,L3-016,,,T1,laptop-taqiya,2,WiFi-UB.x,34:8f:27:84:7c:98,2437,6,2.4,20,-77.0,,0.0,22.0,WPA2/3-Enterprise,no,
2026-10-09 08:47:01,3,L3-016,,,T1,laptop-taqiya,2,ROBOTIIK,48:22:54:15:73:b0,2412,1,2.4,20,-87.0,,4.0,0.0,WPA2-Personal,no,
2026-10-09 08:47:01,3,L3-016,,,T1,laptop-taqiya,2,Kfkfkfm,46:d9:d2:ca:4f:5a,2437,6,2.4,20,-60.0,,,,WPA2-Personal,no,
2026-10-09 08:47:01,3,L3-016,,,T1,laptop-taqiya,2,eduroam,34:8f:27:44:7c:98,2437,6,2.4,20,-75.0,,0.0,22.0,WPA2/3-Enterprise,no,
2026-10-09 08:47:01,3,L3-016,,,T1,laptop-taqiya,2,eduroam,80:03:84:58:c8:b8,2412,1,2.4,20,-78.0,,1.0,40.4,WPA2/3-Enterprise,no,
2026-10-09 08:47:01,3,L3-016,,,T1,laptop-taqiya,2,FILKOM EVENT,fc:7f:f1:dd:53:33,5320,64,5.0,40,-70.0,,,,WPA2-Personal,no,
2026-10-09 08:47:01,3,L3-016,,,T1,laptop-taqiya,2,eduroam,fc:7f:f1:dd:53:32,5320,64,5.0,40,-70.0,,,,WPA2/3-Enterprise,no,
2026-10-09 08:47:01,3,L3-016,,,T1,laptop-taqiya,2,WiFi-FILKOM,fc:7f:f1:dd:53:31,5320,64,5.0,40,-71.0,,,,WPA2/3-Enterprise,no,
2026-10-09 08:47:01,3,L3-016,,,T1,laptop-taqiya,2,WiFi-UB.x,fc:7f:f1:dd:53:30,5320,64,5.0,40,-70.0,,,,WPA2/3-Enterprise,no,
2026-10-09 08:47:01,3,L3-016,,,T1,laptop-taqiya,2,FEB-UB,fc:5c:45:86:dd:b8,2412,1,2.4,20,-83.0,,0.0,46.3,WPA2-Personal,capable,
2026-10-09 08:47:01,3,L3-016,,,T1,laptop-taqiya,2,eduroam,0e:b8:e6:d9:af:f1,2412,1,2.4,20,-84.0,,,,WPA2/3-Enterprise,no,
2026-10-09 08:47:01,3,L3-016,,,T1,laptop-taqiya,2,WiFi-UB.x,80:03:84:18:c8:b8,2412,1,2.4,20,-76.0,,4.0,40.8,WPA2/3-Enterprise,no,
2026-10-09 08:47:01,3,L3-016,,,T1,laptop-taqiya,2,FILKOM EVENT,54:d7:e3:42:42:d3,5260,52,5.0,40,-91.0,,,,WPA2-Personal,no,
2026-10-09 08:47:01,3,L3-016,,,T1,laptop-taqiya,2,eduroam,54:d7:e3:42:42:d2,5260,52,5.0,40,-90.0,,,,WPA2/3-Enterprise,no,
2026-10-09 08:47:01,3,L3-016,,,T1,laptop-taqiya,2,WiFi-FILKOM,54:d7:e3:42:42:d1,5260,52,5.0,40,-90.0,,,,WPA2/3-Enterprise,no,
2026-10-09 08:47:01,3,L3-016,,,T1,laptop-taqiya,2,WiFi-UB.x,54:d7:e3:42:42:d0,5260,52,5.0,40,-90.0,,,,WPA2/3-Enterprise,no,
2026-10-09 08:47:01,3,L3-016,,,T1,laptop-taqiya,2,,c8:5a:9f:ce:72:54,5805,161,5.0,80,-90.0,,0.0,0.0,WPA2-Personal,no,
2026-10-09 08:47:01,3,L3-016,,,T1,laptop-taqiya,2,WiFi-UB.x,34:8f:27:44:98:ac,5785,157,5.0,20,-85.0,,9.0,70.6,WPA2/3-Enterprise,no,
2026-10-09 08:47:01,3,L3-016,,,T1,laptop-taqiya,2,eduroam,34:8f:27:04:98:ac,5785,157,5.0,20,-84.0,,0.0,70.6,WPA2/3-Enterprise,no,
2026-10-09 08:47:01,3,L3-016,,,T1,laptop-taqiya,2,eduroam,34:8f:27:04:ae:58,2412,1,2.4,20,-82.0,,0.0,17.3,WPA2/3-Enterprise,no,
2026-10-09 08:47:01,3,L3-016,,,T1,laptop-taqiya,2,FKUB_HotSpot_Backup,34:8f:27:c4:7c:9c,5765,153,5.0,20,-78.0,,0.0,1.6,WPA2-Personal,no,
2026-10-09 08:47:01,3,L3-016,,,T1,laptop-taqiya,2,WiFi-UB.x,34:8f:27:84:7c:9c,5765,153,5.0,20,-78.0,,1.0,1.6,WPA2/3-Enterprise,no,
2026-10-09 08:47:01,3,L3-016,,,T1,laptop-taqiya,2,eduroam,34:8f:27:44:7c:9c,5765,153,5.0,20,-78.0,,0.0,1.6,WPA2/3-Enterprise,no,
2026-10-09 08:47:01,3,L3-016,,,T1,laptop-taqiya,2,FKUB_HotSpot,34:8f:27:04:7c:9c,5765,153,5.0,20,-78.0,,3.0,1.6,WPA2-Personal,no,
2026-10-09 08:47:01,3,L3-016,,,T1,laptop-taqiya,2,WiFi-UB.x,3c:46:a1:b9:ba:e2,5765,153,5.0,20,-88.0,,1.0,11.8,WPA2/3-Enterprise,no,
2026-10-09 08:47:01,3,L3-016,,,T1,laptop-taqiya,2,nanadd,4a:94:9a:ef:ad:8a,2412,1,2.4,20,-74.0,,,,WPA2-Personal,no,
2026-10-09 08:47:01,3,L3-016,,,T1,laptop-taqiya,2,WiFi-UB.x,b4:79:c8:ae:45:dc,5745,149,5.0,40,-82.0,,4.0,52.2,WPA2/3-Enterprise,no,
2026-10-09 08:47:01,3,L3-016,,,T1,laptop-taqiya,2,WiFi-UB.x,e8:10:98:82:0b:20,5240,48,5.0,40,-87.0,,,,WPA2/3-Enterprise,no,
2026-10-09 08:47:01,3,L3-016,,,T1,laptop-taqiya,2,FILKOM EVENT,54:d7:e3:45:51:23,2412,1,2.4,20,-63.0,,,,WPA2-Personal,no,
2026-10-09 08:47:01,3,L3-016,,,T1,laptop-taqiya,2,FEB-UB,80:03:84:98:c8:b8,2412,1,2.4,20,-79.0,,0.0,40.4,WPA2-Personal,capable,
2026-10-09 08:47:01,3,L3-016,,,T1,laptop-taqiya,2,eduroam,34:8f:27:04:9d:cc,5220,44,5.0,40,-89.0,,0.0,5.9,WPA2/3-Enterprise,no,
2026-10-09 08:47:01,3,L3-016,,,T1,laptop-taqiya,2,eduroam,c0:c7:0a:98:38:b0,5220,44,5.0,20,-86.0,,1.0,22.7,WPA2/3-Enterprise,capable,
2026-10-09 08:47:01,3,L3-016,,,T1,laptop-taqiya,2,eduroam,54:d7:e3:45:51:22,2412,1,2.4,20,-63.0,,,,WPA2/3-Enterprise,no,
2026-10-09 08:47:01,3,L3-016,,,T1,laptop-taqiya,2,WiFi-FILKOM,54:d7:e3:45:51:21,2412,1,2.4,20,-63.0,,,,WPA2/3-Enterprise,no,
2026-10-09 08:47:01,3,L3-016,,,T1,laptop-taqiya,2,,c8:5a:9f:ce:72:52,2417,2,2.4,20,-77.0,,0.0,0.4,WPA2-Personal,no,
2026-10-09 08:47:01,3,L3-016,,,T1,laptop-taqiya,2,WiFi-UB.x,00:e6:3a:90:b5:ac,5200,40,5.0,20,-88.0,,3.0,2.7,WPA2/3-Enterprise,capable,
2026-10-09 08:47:01,3,L3-016,,,T1,laptop-taqiya,2,eduroam,00:e6:3a:10:b5:ac,5200,40,5.0,20,-87.0,,2.0,2.7,WPA2/3-Enterprise,capable,
2026-10-09 08:47:10,3,L3-016,,,T1,laptop-taqiya,3,WiFi-UB.x,54:d7:e3:45:51:20,2412,1,2.4,20,-64.0,,,,WPA2/3-Enterprise,no,
2026-10-09 08:47:10,3,L3-016,,,T1,laptop-taqiya,3,FKUB_HotSpot_Backup,3c:46:a1:7b:cd:93,2437,6,2.4,20,-78.0,,0.0,51.8,WPA2-Personal,no,
2026-10-09 08:47:10,3,L3-016,,,T1,laptop-taqiya,3,eduroam,3c:46:a1:7b:cd:91,2437,6,2.4,20,-86.0,,0.0,51.8,WPA2/3-Enterprise,no,
2026-10-09 08:47:10,3,L3-016,,,T1,laptop-taqiya,3,FKUB_HotSpot_Backup,34:8f:27:c4:7c:98,2437,6,2.4,20,-75.0,,0.0,22.7,WPA2-Personal,no,
2026-10-09 08:47:10,3,L3-016,,,T1,laptop-taqiya,3,eduroam,34:8f:27:44:7c:98,2437,6,2.4,20,-75.0,,0.0,22.7,WPA2/3-Enterprise,no,
2026-10-09 08:47:10,3,L3-016,,,T1,laptop-taqiya,3,iPhone Asw,6a:56:bf:c0:98:b9,2437,6,2.4,20,-75.0,,,,WPA2-Personal,no,
2026-10-09 08:47:10,3,L3-016,,,T1,laptop-taqiya,3,Kfkfkfm,46:d9:d2:ca:4f:5a,2437,6,2.4,20,-58.0,,,,WPA2-Personal,no,
2026-10-09 08:47:10,3,L3-016,,,T1,laptop-taqiya,3,FKUB_HotSpot,34:8f:27:04:7c:98,2437,6,2.4,20,-77.0,,1.0,22.7,WPA2-Personal,no,
2026-10-09 08:47:10,3,L3-016,,,T1,laptop-taqiya,3,,c8:5a:9f:ce:72:52,2417,2,2.4,20,-74.0,,0.0,1.2,WPA2-Personal,no,
2026-10-09 08:47:10,3,L3-016,,,T1,laptop-taqiya,3,FILKOM EVENT,00:e6:3a:50:eb:0c,5805,161,5.0,20,-86.0,,0.0,2.7,WPA2-Personal,capable,
2026-10-09 08:47:10,3,L3-016,,,T1,laptop-taqiya,3,eduroam,00:e6:3a:10:eb:0c,5805,161,5.0,20,-83.0,,0.0,2.7,WPA2/3-Enterprise,capable,
2026-10-09 08:47:10,3,L3-016,,,T1,laptop-taqiya,3,FKUB_HotSpot_Backup,2c:ab:46:be:09:33,5785,157,5.0,40,-86.0,,0.0,65.5,WPA2-Personal,no,
2026-10-09 08:47:10,3,L3-016,,,T1,laptop-taqiya,3,WiFi-UB.x,34:8f:27:84:7c:9c,5765,153,5.0,20,-80.0,,2.0,2.4,WPA2/3-Enterprise,no,
2026-10-09 08:47:10,3,L3-016,,,T1,laptop-taqiya,3,FKUB_HotSpot,34:8f:27:04:7c:9c,5765,153,5.0,20,-80.0,,3.0,2.4,WPA2-Personal,no,
2026-10-09 08:47:10,3,L3-016,,,T1,laptop-taqiya,3,FKUB_HotSpot_Backup,3c:46:a1:bb:cd:93,5765,153,5.0,40,-78.0,,0.0,19.6,WPA2-Personal,no,
2026-10-09 08:47:10,3,L3-016,,,T1,laptop-taqiya,3,FKUB_HotSpot_Backup,34:8f:27:c4:7c:9c,5765,153,5.0,20,-80.0,,0.0,2.4,WPA2-Personal,no,
2026-10-09 08:47:10,3,L3-016,,,T1,laptop-taqiya,3,eduroam,34:8f:27:44:7c:9c,5765,153,5.0,20,-79.0,,0.0,2.4,WPA2/3-Enterprise,no,
2026-10-09 08:47:10,3,L3-016,,,T1,laptop-taqiya,3,eduroam,3c:46:a1:bb:cd:91,5765,153,5.0,40,-76.0,,1.0,19.6,WPA2/3-Enterprise,no,
2026-10-09 08:47:10,3,L3-016,,,T1,laptop-taqiya,3,eduroam,54:d7:e3:45:51:22,2412,1,2.4,20,-62.0,,,,WPA2/3-Enterprise,no,
2026-10-09 08:47:10,3,L3-016,,,T1,laptop-taqiya,3,FILKOM EVENT,e8:10:98:82:0b:43,5745,149,5.0,40,-85.0,,,,WPA2-Personal,no,
2026-10-09 08:47:10,3,L3-016,,,T1,laptop-taqiya,3,eduroam,e8:10:98:82:0b:42,5745,149,5.0,40,-85.0,,,,WPA2/3-Enterprise,no,
2026-10-09 08:47:10,3,L3-016,,,T1,laptop-taqiya,3,WiFi-FILKOM,e8:10:98:82:0b:41,5745,149,5.0,40,-84.0,,,,WPA2/3-Enterprise,no,
2026-10-09 08:47:10,3,L3-016,,,T1,laptop-taqiya,3,WiFi-UB.x,e8:10:98:82:0b:40,5745,149,5.0,40,-86.0,,,,WPA2/3-Enterprise,no,
2026-10-09 08:47:10,3,L3-016,,,T1,laptop-taqiya,3,WiFi-UB.x,b4:79:c8:ae:45:dc,5745,149,5.0,40,-83.0,,4.0,47.5,WPA2/3-Enterprise,no,
2026-10-09 08:47:10,3,L3-016,,,T1,laptop-taqiya,3,FKUB_HotSpot,b4:79:c8:2e:45:dc,5745,149,5.0,40,-83.0,,1.0,47.5,WPA2-Personal,no,
2026-10-09 08:47:10,3,L3-016,,,T1,laptop-taqiya,3,FKUB_HotSpot_Backup,b4:79:c8:ee:45:dc,5745,149,5.0,40,-84.0,,0.0,47.5,WPA2-Personal,no,
2026-10-09 08:47:10,3,L3-016,,,T1,laptop-taqiya,3,eduroam,b4:79:c8:6e:45:dc,5745,149,5.0,40,-85.0,,0.0,47.5,WPA2/3-Enterprise,no,
2026-10-09 08:47:10,3,L3-016,,,T1,laptop-taqiya,3,FILKOM EVENT,54:d7:e3:45:51:23,2412,1,2.4,20,-61.0,,,,WPA2-Personal,no,
2026-10-09 08:47:10,3,L3-016,,,T1,laptop-taqiya,3,WiFi-FILKOM,54:d7:e3:45:51:21,2412,1,2.4,20,-61.0,,,,WPA2/3-Enterprise,no,
2026-10-09 08:47:10,3,L3-016,,,T1,laptop-taqiya,3,FKUB_HotSpot_Backup,2c:ab:46:7e:09:33,2412,1,2.4,20,-84.0,,0.0,87.8,WPA2-Personal,no,
2026-10-09 08:47:10,3,L3-016,,,T1,laptop-taqiya,3,WiFi-FILKOM,e8:10:98:82:0b:21,5240,48,5.0,40,-86.0,,,,WPA2/3-Enterprise,no,
2026-10-09 08:47:10,3,L3-016,,,T1,laptop-taqiya,3,eduroam,e8:10:98:82:0b:22,5240,48,5.0,40,-86.0,,,,WPA2/3-Enterprise,no,
2026-10-09 08:47:10,3,L3-016,,,T1,laptop-taqiya,3,eduroam,00:e6:3a:10:f1:bc,5240,48,5.0,20,-91.0,,0.0,7.5,WPA2/3-Enterprise,capable,
2026-10-09 08:47:10,3,L3-016,,,T1,laptop-taqiya,3,WiFi-UB.x,e8:10:98:82:0b:20,5240,48,5.0,40,-86.0,,,,WPA2/3-Enterprise,no,
2026-10-09 08:49:22,3,L3-014,,,T1,laptop-taqiya,1,WiFi-UB.x,54:d7:e3:45:51:20,2412,1,2.4,20,-75.0,,,,WPA2/3-Enterprise,no,
2026-10-09 08:49:22,3,L3-014,,,T1,laptop-taqiya,1,"To you, in 2000 Years",0a:a1:11:53:7a:6e,2437,6,2.4,20,-79.0,,,,WPA2-Personal,no,
2026-10-09 08:49:22,3,L3-014,,,T1,laptop-taqiya,1,Kfkfkfm,46:d9:d2:ca:4f:5a,2437,6,2.4,20,-72.0,,,,WPA2-Personal,no,
2026-10-09 08:49:22,3,L3-014,,,T1,laptop-taqiya,1,Redmi 10C,4e:78:64:e6:2c:5c,2432,5,2.4,20,-73.0,,,,WPA2-Personal,no,
2026-10-09 08:49:22,3,L3-014,,,T1,laptop-taqiya,1,FEB-UB,44:d9:e7:fb:08:f8,2412,1,2.4,20,-80.0,,0.0,69.8,WPA2-Personal,no,
2026-10-09 08:49:22,3,L3-014,,,T1,laptop-taqiya,1,ROBOTIIK,48:22:54:15:73:b0,2412,1,2.4,20,-81.0,,4.0,0.0,WPA2-Personal,no,
2026-10-09 08:49:22,3,L3-014,,,T1,laptop-taqiya,1,eduroam,56:d9:e7:fb:08:f8,2412,1,2.4,20,-77.0,,0.0,73.3,WPA2/3-Enterprise,no,
2026-10-09 08:49:22,3,L3-014,,,T1,laptop-taqiya,1,FILKOM EVENT,fc:7f:f1:dd:53:33,5320,64,5.0,40,-80.0,,,,WPA2-Personal,no,
2026-10-09 08:49:22,3,L3-014,,,T1,laptop-taqiya,1,eduroam,fc:7f:f1:dd:53:32,5320,64,5.0,40,-80.0,,,,WPA2/3-Enterprise,no,
2026-10-09 08:49:22,3,L3-014,,,T1,laptop-taqiya,1,WiFi-FILKOM,fc:7f:f1:dd:53:31,5320,64,5.0,40,-80.0,,,,WPA2/3-Enterprise,no,
2026-10-09 08:49:22,3,L3-014,,,T1,laptop-taqiya,1,WiFi-UB.x,fc:7f:f1:dd:53:30,5320,64,5.0,40,-80.0,,,,WPA2/3-Enterprise,no,
2026-10-09 08:49:22,3,L3-014,,,T1,laptop-taqiya,1,,4a:22:54:25:73:b0,2412,1,2.4,20,-77.0,,7.0,0.0,WPA2-Personal,no,
2026-10-09 08:49:22,3,L3-014,,,T1,laptop-taqiya,1,FILKOM EVENT,e8:10:98:82:05:a3,5785,157,5.0,40,-85.0,,,,WPA2-Personal,no,
2026-10-09 08:49:22,3,L3-014,,,T1,laptop-taqiya,1,eduroam,e8:10:98:82:05:a2,5785,157,5.0,40,-85.0,,,,WPA2/3-Enterprise,no,
2026-10-09 08:49:22,3,L3-014,,,T1,laptop-taqiya,1,WiFi-FILKOM,e8:10:98:82:05:a1,5785,157,5.0,40,-85.0,,,,WPA2/3-Enterprise,no,
2026-10-09 08:49:22,3,L3-014,,,T1,laptop-taqiya,1,WiFi-UB.x,e8:10:98:82:05:a0,5785,157,5.0,40,-84.0,,,,WPA2/3-Enterprise,no,
2026-10-09 08:49:22,3,L3-014,,,T1,laptop-taqiya,1,nishimura,a6:ac:7b:7a:ad:b8,2412,1,2.4,20,-82.0,,,,WPA2/WPA3-Personal,capable,
2026-10-09 08:49:22,3,L3-014,,,T1,laptop-taqiya,1,FEB-UB,fc:5c:45:88:6f:7c,5765,153,5.0,80,-90.0,,0.0,7.1,WPA2-Personal,capable,
2026-10-09 08:49:22,3,L3-014,,,T1,laptop-taqiya,1,WiFi-UB.x,fc:5c:45:08:6f:7c,5765,153,5.0,80,-90.0,,7.0,7.1,WPA2/3-Enterprise,no,
2026-10-09 08:49:22,3,L3-014,,,T1,laptop-taqiya,1,R9A,a6:d9:90:51:ce:53,2412,1,2.4,20,-88.0,,,,WPA2-Personal,no,
2026-10-09 08:49:22,3,L3-014,,,T1,laptop-taqiya,1,Samsung S25 Ultra,e2:82:61:7d:8d:ae,5745,149,5.0,80,-88.0,,,,WPA2/WPA3-Personal,capable,
2026-10-09 08:49:22,3,L3-014,,,T1,laptop-taqiya,1,eduroam,e8:10:98:82:0b:42,5745,149,5.0,40,-76.0,,,,WPA2/3-Enterprise,no,
2026-10-09 08:49:22,3,L3-014,,,T1,laptop-taqiya,1,WiFi-FILKOM,e8:10:98:82:0b:41,5745,149,5.0,40,-76.0,,,,WPA2/3-Enterprise,no,
2026-10-09 08:49:22,3,L3-014,,,T1,laptop-taqiya,1,WiFi-UB.x,e8:10:98:82:0b:40,5745,149,5.0,40,-76.0,,,,WPA2/3-Enterprise,no,
2026-10-09 08:49:22,3,L3-014,,,T1,laptop-taqiya,1,FILKOM EVENT,54:d7:e3:45:51:23,2412,1,2.4,20,-77.0,,,,WPA2-Personal,no,
2026-10-09 08:49:22,3,L3-014,,,T1,laptop-taqiya,1,eduroam,54:d7:e3:45:51:22,2412,1,2.4,20,-77.0,,,,WPA2/3-Enterprise,no,
2026-10-09 08:49:22,3,L3-014,,,T1,laptop-taqiya,1,WiFi-FILKOM,54:d7:e3:45:51:21,2412,1,2.4,20,-77.0,,,,WPA2/3-Enterprise,no,
2026-10-09 08:49:22,3,L3-014,,,T1,laptop-taqiya,1,WiFi-UB.x,46:d9:e7:fb:08:f8,2412,1,2.4,20,-82.0,,0.0,69.8,WPA2/3-Enterprise,no,
2026-10-09 08:49:22,3,L3-014,,,T1,laptop-taqiya,1,FEB-UB,80:03:84:98:c8:b8,2412,1,2.4,20,-90.0,,1.0,30.2,WPA2-Personal,capable,
2026-10-09 08:49:22,3,L3-014,,,T1,laptop-taqiya,1,FILKOM EVENT,e8:10:98:82:0b:23,5240,48,5.0,40,-81.0,,,,WPA2-Personal,no,
2026-10-09 08:49:22,3,L3-014,,,T1,laptop-taqiya,1,eduroam,e8:10:98:82:0b:22,5240,48,5.0,40,-82.0,,,,WPA2/3-Enterprise,no,
2026-10-09 08:49:22,3,L3-014,,,T1,laptop-taqiya,1,WiFi-FILKOM,e8:10:98:82:0b:21,5240,48,5.0,40,-81.0,,,,WPA2/3-Enterprise,no,
2026-10-09 08:49:22,3,L3-014,,,T1,laptop-taqiya,1,WiFi-UB.x,e8:10:98:82:0b:20,5240,48,5.0,40,-81.0,,,,WPA2/3-Enterprise,no,
2026-10-09 08:49:22,3,L3-014,,,T1,laptop-taqiya,1,WiFi-UB.x,c0:c7:0a:98:38:b1,5220,44,5.0,20,-79.0,,7.0,23.1,WPA2/3-Enterprise,capable,
2026-10-09 08:49:22,3,L3-014,,,T1,laptop-taqiya,1,FILKOM EVENT,c0:c7:0a:98:38:b2,5220,44,5.0,20,-82.0,,0.0,23.1,WPA2-Personal,capable,
2026-10-09 08:49:22,3,L3-014,,,T1,laptop-taqiya,1,eduroam,c0:c7:0a:98:38:b0,5220,44,5.0,20,-79.0,,2.0,23.1,WPA2/3-Enterprise,capable,
2026-10-09 08:49:31,3,L3-014,,,T1,laptop-taqiya,2,WiFi-FILKOM,e8:10:98:82:0b:31,2462,11,2.4,20,-80.0,,,,WPA2/3-Enterprise,no,
2026-10-09 08:49:31,3,L3-014,,,T1,laptop-taqiya,2,WiFi-UB.x,54:d7:e3:45:51:20,2412,1,2.4,20,-74.0,,,,WPA2/3-Enterprise,no,
2026-10-09 08:49:31,3,L3-014,,,T1,laptop-taqiya,2,FILKOM EVENT,e8:10:98:82:0b:33,2462,11,2.4,20,-79.0,,,,WPA2-Personal,no,
2026-10-09 08:49:31,3,L3-014,,,T1,laptop-taqiya,2,eduroam,e8:10:98:82:0b:32,2462,11,2.4,20,-80.0,,,,WPA2/3-Enterprise,no,
2026-10-09 08:49:31,3,L3-014,,,T1,laptop-taqiya,2,WiFi-UB.x,e8:10:98:82:0b:30,2462,11,2.4,20,-79.0,,,,WPA2/3-Enterprise,no,
2026-10-09 08:49:31,3,L3-014,,,T1,laptop-taqiya,2,Recover.Me-0B3DA0,c8:a6:08:4b:3d:af,2462,11,2.4,20,-68.0,,0.0,12.9,WPA2-Personal,no,
2026-10-09 08:49:31,3,L3-014,,,T1,laptop-taqiya,2,WiFi-UB.x,80:03:84:18:c8:b8,2412,1,2.4,20,-85.0,,10.0,48.6,WPA2/3-Enterprise,no,
2026-10-09 08:49:31,3,L3-014,,,T1,laptop-taqiya,2,"To you, in 2000 Years",0a:a1:11:53:7a:6e,2437,6,2.4,20,-79.0,,,,WPA2-Personal,no,
2026-10-09 08:49:31,3,L3-014,,,T1,laptop-taqiya,2,Rozii,36:a2:06:e3:6e:70,2437,6,2.4,20,-86.0,,,,WPA2-Personal,no,
2026-10-09 08:49:31,3,L3-014,,,T1,laptop-taqiya,2,Kfkfkfm,46:d9:d2:ca:4f:5a,2437,6,2.4,20,-65.0,,,,WPA2-Personal,no,
2026-10-09 08:49:31,3,L3-014,,,T1,laptop-taqiya,2,Redmi 10C,4e:78:64:e6:2c:5c,2432,5,2.4,20,-64.0,,,,WPA2-Personal,no,
2026-10-09 08:49:31,3,L3-014,,,T1,laptop-taqiya,2,R9A,a6:d9:90:51:ce:53,2412,1,2.4,20,-86.0,,,,WPA2-Personal,no,
2026-10-09 08:49:31,3,L3-014,,,T1,laptop-taqiya,2,FILKOM EVENT,fc:7f:f1:dd:53:33,5320,64,5.0,40,-79.0,,,,WPA2-Personal,no,
2026-10-09 08:49:31,3,L3-014,,,T1,laptop-taqiya,2,eduroam,fc:7f:f1:dd:53:32,5320,64,5.0,40,-79.0,,,,WPA2/3-Enterprise,no,
2026-10-09 08:49:31,3,L3-014,,,T1,laptop-taqiya,2,WiFi-FILKOM,fc:7f:f1:dd:53:31,5320,64,5.0,40,-79.0,,,,WPA2/3-Enterprise,no,
2026-10-09 08:49:31,3,L3-014,,,T1,laptop-taqiya,2,WiFi-UB.x,fc:7f:f1:dd:53:30,5320,64,5.0,40,-79.0,,,,WPA2/3-Enterprise,no,
2026-10-09 08:49:31,3,L3-014,,,T1,laptop-taqiya,2,FILKOM EVENT,e8:10:98:82:05:a3,5785,157,5.0,40,-87.0,,,,WPA2-Personal,no,
2026-10-09 08:49:31,3,L3-014,,,T1,laptop-taqiya,2,eduroam,e8:10:98:82:05:a2,5785,157,5.0,40,-87.0,,,,WPA2/3-Enterprise,no,
2026-10-09 08:49:31,3,L3-014,,,T1,laptop-taqiya,2,WiFi-FILKOM,e8:10:98:82:05:a1,5785,157,5.0,40,-87.0,,,,WPA2/3-Enterprise,no,
2026-10-09 08:49:31,3,L3-014,,,T1,laptop-taqiya,2,nanadd,4a:94:9a:ef:ad:8a,5785,157,5.0,80,-85.0,,,,WPA2-Personal,no,
2026-10-09 08:49:31,3,L3-014,,,T1,laptop-taqiya,2,WiFi-UB.x,e8:10:98:82:05:a0,5785,157,5.0,40,-87.0,,,,WPA2/3-Enterprise,no,
2026-10-09 08:49:31,3,L3-014,,,T1,laptop-taqiya,2,WiFi-UB.x,46:d9:e7:fb:08:f8,2412,1,2.4,20,-81.0,,0.0,75.3,WPA2/3-Enterprise,no,
2026-10-09 08:49:31,3,L3-014,,,T1,laptop-taqiya,2,nishimura,a6:ac:7b:7a:ad:b8,2412,1,2.4,20,-76.0,,,,WPA2/WPA3-Personal,capable,
2026-10-09 08:49:31,3,L3-014,,,T1,laptop-taqiya,2,FILKOM EVENT,e8:10:98:82:0b:43,5745,149,5.0,40,-78.0,,,,WPA2-Personal,no,
2026-10-09 08:49:31,3,L3-014,,,T1,laptop-taqiya,2,eduroam,e8:10:98:82:0b:42,5745,149,5.0,40,-77.0,,,,WPA2/3-Enterprise,no,
2026-10-09 08:49:31,3,L3-014,,,T1,laptop-taqiya,2,Samsung S25 Ultra,e2:82:61:7d:8d:ae,5745,149,5.0,80,-83.0,,,,WPA2/WPA3-Personal,capable,
2026-10-09 08:49:31,3,L3-014,,,T1,laptop-taqiya,2,WiFi-FILKOM,e8:10:98:82:0b:41,5745,149,5.0,40,-77.0,,,,WPA2/3-Enterprise,no,
2026-10-09 08:49:31,3,L3-014,,,T1,laptop-taqiya,2,WiFi-UB.x,e8:10:98:82:0b:40,5745,149,5.0,40,-77.0,,,,WPA2/3-Enterprise,no,
2026-10-09 08:49:31,3,L3-014,,,T1,laptop-taqiya,2,,4a:22:54:25:73:b0,2412,1,2.4,20,-81.0,,7.0,0.0,WPA2-Personal,no,
2026-10-09 08:49:31,3,L3-014,,,T1,laptop-taqiya,2,ROBOTIIK,48:22:54:15:73:b0,2412,1,2.4,20,-80.0,,4.0,0.0,WPA2-Personal,no,
2026-10-09 08:49:31,3,L3-014,,,T1,laptop-taqiya,2,FILKOM EVENT,54:d7:e3:45:51:23,2412,1,2.4,20,-74.0,,,,WPA2-Personal,no,
2026-10-09 08:49:31,3,L3-014,,,T1,laptop-taqiya,2,eduroam,54:d7:e3:45:51:22,2412,1,2.4,20,-74.0,,,,WPA2/3-Enterprise,no,
2026-10-09 08:49:31,3,L3-014,,,T1,laptop-taqiya,2,WiFi-FILKOM,54:d7:e3:45:51:21,2412,1,2.4,20,-74.0,,,,WPA2/3-Enterprise,no,
2026-10-09 08:49:31,3,L3-014,,,T1,laptop-taqiya,2,FILKOM EVENT,e8:10:98:82:0b:23,5240,48,5.0,40,-78.0,,,,WPA2-Personal,no,
2026-10-09 08:49:31,3,L3-014,,,T1,laptop-taqiya,2,eduroam,e8:10:98:82:0b:22,5240,48,5.0,40,-78.0,,,,WPA2/3-Enterprise,no,
2026-10-09 08:49:31,3,L3-014,,,T1,laptop-taqiya,2,WiFi-FILKOM,e8:10:98:82:0b:21,5240,48,5.0,40,-78.0,,,,WPA2/3-Enterprise,no,
2026-10-09 08:49:31,3,L3-014,,,T1,laptop-taqiya,2,WiFi-UB.x,e8:10:98:82:0b:20,5240,48,5.0,40,-78.0,,,,WPA2/3-Enterprise,no,
2026-10-09 08:49:40,3,L3-014,,,T1,laptop-taqiya,3,WiFi-UB.x,54:d7:e3:45:51:20,2412,1,2.4,20,-74.0,,,,WPA2/3-Enterprise,no,
2026-10-09 08:49:40,3,L3-014,,,T1,laptop-taqiya,3,WiFi-UB.x,46:d9:e7:fb:08:f8,2412,1,2.4,20,-87.0,,0.0,63.1,WPA2/3-Enterprise,no,
2026-10-09 08:49:40,3,L3-014,,,T1,laptop-taqiya,3,FILKOM EVENT,e8:10:98:82:0b:33,2462,11,2.4,20,-79.0,,,,WPA2-Personal,no,
2026-10-09 08:49:40,3,L3-014,,,T1,laptop-taqiya,3,eduroam,e8:10:98:82:0b:32,2462,11,2.4,20,-81.0,,,,WPA2/3-Enterprise,no,
2026-10-09 08:49:40,3,L3-014,,,T1,laptop-taqiya,3,WiFi-FILKOM,e8:10:98:82:0b:31,2462,11,2.4,20,-82.0,,,,WPA2/3-Enterprise,no,
2026-10-09 08:49:40,3,L3-014,,,T1,laptop-taqiya,3,WiFi-UB.x,e8:10:98:82:0b:30,2462,11,2.4,20,-82.0,,,,WPA2/3-Enterprise,no,
2026-10-09 08:49:40,3,L3-014,,,T1,laptop-taqiya,3,WiFi-FILKOM,fc:7f:f1:dd:53:21,2462,11,2.4,20,-83.0,,,,WPA2/3-Enterprise,no,
2026-10-09 08:49:40,3,L3-014,,,T1,laptop-taqiya,3,WiFi-UB.x,fc:7f:f1:dd:53:20,2462,11,2.4,20,-82.0,,,,WPA2/3-Enterprise,no,
2026-10-09 08:49:40,3,L3-014,,,T1,laptop-taqiya,3,Recover.Me-0B3DA0,c8:a6:08:4b:3d:af,2462,11,2.4,20,-65.0,,0.0,8.2,WPA2-Personal,no,
2026-10-09 08:49:40,3,L3-014,,,T1,laptop-taqiya,3,Kfkfkfm,46:d9:d2:ca:4f:5a,2437,6,2.4,20,-65.0,,,,WPA2-Personal,no,
2026-10-09 08:49:40,3,L3-014,,,T1,laptop-taqiya,3,Redmi 10C,4e:78:64:e6:2c:5c,2432,5,2.4,20,-66.0,,,,WPA2-Personal,no,
2026-10-09 08:49:40,3,L3-014,,,T1,laptop-taqiya,3,R9A,a6:d9:90:51:ce:53,2412,1,2.4,20,-89.0,,,,WPA2-Personal,no,
2026-10-09 08:49:40,3,L3-014,,,T1,laptop-taqiya,3,,4a:22:54:25:73:b0,2412,1,2.4,20,-81.0,,7.0,0.0,WPA2-Personal,no,
2026-10-09 08:49:40,3,L3-014,,,T1,laptop-taqiya,3,ROBOTIIK,48:22:54:15:73:b0,2412,1,2.4,20,-81.0,,4.0,0.0,WPA2-Personal,no,
2026-10-09 08:49:40,3,L3-014,,,T1,laptop-taqiya,3,FILKOM EVENT,54:d7:e3:45:51:23,2412,1,2.4,20,-74.0,,,,WPA2-Personal,no,
2026-10-09 08:49:40,3,L3-014,,,T1,laptop-taqiya,3,eduroam,54:d7:e3:45:51:22,2412,1,2.4,20,-75.0,,,,WPA2/3-Enterprise,no,
2026-10-09 08:49:40,3,L3-014,,,T1,laptop-taqiya,3,WiFi-FILKOM,54:d7:e3:45:51:21,2412,1,2.4,20,-75.0,,,,WPA2/3-Enterprise,no,
2026-10-09 08:49:40,3,L3-014,,,T1,laptop-taqiya,3,FILKOM EVENT,e8:10:98:82:05:a3,5785,157,5.0,40,-87.0,,,,WPA2-Personal,no,
2026-10-09 08:49:40,3,L3-014,,,T1,laptop-taqiya,3,eduroam,e8:10:98:82:05:a2,5785,157,5.0,40,-88.0,,,,WPA2/3-Enterprise,no,
2026-10-09 08:49:40,3,L3-014,,,T1,laptop-taqiya,3,WiFi-FILKOM,e8:10:98:82:05:a1,5785,157,5.0,40,-88.0,,,,WPA2/3-Enterprise,no,
2026-10-09 08:49:40,3,L3-014,,,T1,laptop-taqiya,3,WiFi-UB.x,e8:10:98:82:05:a0,5785,157,5.0,40,-87.0,,,,WPA2/3-Enterprise,no,
2026-10-09 08:49:40,3,L3-014,,,T1,laptop-taqiya,3,nanadd,4a:94:9a:ef:ad:8a,5785,157,5.0,80,-87.0,,,,WPA2-Personal,no,
2026-10-09 08:49:40,3,L3-014,,,T1,laptop-taqiya,3,nishimura,a6:ac:7b:7a:ad:b8,2412,1,2.4,20,-78.0,,,,WPA2/WPA3-Personal,capable,
2026-10-09 08:49:40,3,L3-014,,,T1,laptop-taqiya,3,FILKOM EVENT,e8:10:98:82:0b:43,5745,149,5.0,40,-78.0,,,,WPA2-Personal,no,
2026-10-09 08:49:40,3,L3-014,,,T1,laptop-taqiya,3,eduroam,e8:10:98:82:0b:42,5745,149,5.0,40,-77.0,,,,WPA2/3-Enterprise,no,
2026-10-09 08:49:40,3,L3-014,,,T1,laptop-taqiya,3,WiFi-FILKOM,e8:10:98:82:0b:41,5745,149,5.0,40,-78.0,,,,WPA2/3-Enterprise,no,
2026-10-09 08:49:40,3,L3-014,,,T1,laptop-taqiya,3,Samsung S25 Ultra,e2:82:61:7d:8d:ae,5745,149,5.0,80,-82.0,,,,WPA2/WPA3-Personal,capable,
2026-10-09 08:49:40,3,L3-014,,,T1,laptop-taqiya,3,WiFi-UB.x,e8:10:98:82:0b:40,5745,149,5.0,40,-77.0,,,,WPA2/3-Enterprise,no,
2026-10-09 08:49:40,3,L3-014,,,T1,laptop-taqiya,3,FILKOM EVENT,e8:10:98:82:0b:23,5240,48,5.0,40,-77.0,,,,WPA2-Personal,no,
2026-10-09 08:49:40,3,L3-014,,,T1,laptop-taqiya,3,eduroam,e8:10:98:82:0b:22,5240,48,5.0,40,-77.0,,,,WPA2/3-Enterprise,no,
2026-10-09 08:49:40,3,L3-014,,,T1,laptop-taqiya,3,WiFi-FILKOM,e8:10:98:82:0b:21,5240,48,5.0,40,-75.0,,,,WPA2/3-Enterprise,no,
2026-10-09 08:49:40,3,L3-014,,,T1,laptop-taqiya,3,WiFi-UB.x,e8:10:98:82:0b:20,5240,48,5.0,40,-77.0,,,,WPA2/3-Enterprise,no,
2026-10-09 08:49:40,3,L3-014,,,T1,laptop-taqiya,3,WiFi-UB.x,c0:c7:0a:98:38:b1,5220,44,5.0,20,-73.0,,7.0,34.5,WPA2/3-Enterprise,capable,
2026-10-09 08:49:40,3,L3-014,,,T1,laptop-taqiya,3,FILKOM EVENT,c0:c7:0a:98:38:b2,5220,44,5.0,20,-78.0,,0.0,34.5,WPA2-Personal,capable,
2026-10-09 08:49:40,3,L3-014,,,T1,laptop-taqiya,3,eduroam,c0:c7:0a:98:38:b0,5220,44,5.0,20,-73.0,,1.0,34.5,WPA2/3-Enterprise,capable,
2026-10-09 08:50:19,3,L3-015,,,T1,laptop-taqiya,1,WiFi-UB.x,54:d7:e3:45:51:20,2412,1,2.4,20,-71.0,,,,WPA2/3-Enterprise,no,
2026-10-09 08:50:19,3,L3-015,,,T1,laptop-taqiya,1,Recover.Me-0B3DA0,c8:a6:08:4b:3d:af,2462,11,2.4,20,-66.0,,0.0,15.7,WPA2-Personal,no,
2026-10-09 08:50:19,3,L3-015,,,T1,laptop-taqiya,1,FKUB_HotSpot_Backup,b4:79:c8:ee:45:d8,2462,11,2.4,20,-83.0,,0.0,19.2,WPA2-Personal,no,
2026-10-09 08:50:19,3,L3-015,,,T1,laptop-taqiya,1,WiFi-UB.x,b4:79:c8:ae:45:d8,2462,11,2.4,20,-81.0,,0.0,19.2,WPA2/3-Enterprise,no,
2026-10-09 08:50:19,3,L3-015,,,T1,laptop-taqiya,1,eduroam,b4:79:c8:6e:45:d8,2462,11,2.4,20,-84.0,,0.0,19.2,WPA2/3-Enterprise,no,
2026-10-09 08:50:19,3,L3-015,,,T1,laptop-taqiya,1,FKUB_HotSpot,34:8f:27:04:7c:98,2437,6,2.4,20,-77.0,,1.0,38.0,WPA2-Personal,no,
2026-10-09 08:50:19,3,L3-015,,,T1,laptop-taqiya,1,WiFi-UB.x,34:8f:27:84:7c:98,2437,6,2.4,20,-76.0,,0.0,38.0,WPA2/3-Enterprise,no,
2026-10-09 08:50:19,3,L3-015,,,T1,laptop-taqiya,1,FKUB_HotSpot_Backup,34:8f:27:c4:7c:98,2437,6,2.4,20,-77.0,,0.0,38.0,WPA2-Personal,no,
2026-10-09 08:50:19,3,L3-015,,,T1,laptop-taqiya,1,eduroam,34:8f:27:44:7c:98,2437,6,2.4,20,-74.0,,0.0,38.0,WPA2/3-Enterprise,no,
2026-10-09 08:50:19,3,L3-015,,,T1,laptop-taqiya,1,iPhone Asw,6a:56:bf:c0:98:b9,2437,6,2.4,20,-79.0,,,,WPA2-Personal,no,
2026-10-09 08:50:19,3,L3-015,,,T1,laptop-taqiya,1,Kfkfkfm,46:d9:d2:ca:4f:5a,2437,6,2.4,20,-66.0,,,,WPA2-Personal,no,
2026-10-09 08:50:19,3,L3-015,,,T1,laptop-taqiya,1,FEB-UB,80:03:84:98:c8:b8,2412,1,2.4,20,-85.0,,0.0,19.2,WPA2-Personal,capable,
2026-10-09 08:50:19,3,L3-015,,,T1,laptop-taqiya,1,WiFi-UB.x,0a:b8:e6:d9:af:f1,2412,1,2.4,20,-83.0,,,,WPA2/3-Enterprise,no,
2026-10-09 08:50:19,3,L3-015,,,T1,laptop-taqiya,1,ROBOTIIK,48:22:54:15:73:b0,2412,1,2.4,20,-78.0,,4.0,0.0,WPA2-Personal,no,
2026-10-09 08:50:19,3,L3-015,,,T1,laptop-taqiya,1,FILKOM EVENT,fc:7f:f1:dd:53:33,5320,64,5.0,40,-83.0,,,,WPA2-Personal,no,
2026-10-09 08:50:19,3,L3-015,,,T1,laptop-taqiya,1,eduroam,fc:7f:f1:dd:53:32,5320,64,5.0,40,-84.0,,,,WPA2/3-Enterprise,no,
2026-10-09 08:50:19,3,L3-015,,,T1,laptop-taqiya,1,WiFi-FILKOM,fc:7f:f1:dd:53:31,5320,64,5.0,40,-83.0,,,,WPA2/3-Enterprise,no,
2026-10-09 08:50:19,3,L3-015,,,T1,laptop-taqiya,1,WiFi-UB.x,fc:7f:f1:dd:53:30,5320,64,5.0,40,-83.0,,,,WPA2/3-Enterprise,no,
2026-10-09 08:50:19,3,L3-015,,,T1,laptop-taqiya,1,FILKOM EVENT,54:d7:e3:45:51:23,2412,1,2.4,20,-71.0,,,,WPA2-Personal,no,
2026-10-09 08:50:19,3,L3-015,,,T1,laptop-taqiya,1,WiFi-UB.x,34:8f:27:44:98:ac,5785,157,5.0,20,-90.0,,6.0,1.2,WPA2/3-Enterprise,no,
2026-10-09 08:50:19,3,L3-015,,,T1,laptop-taqiya,1,eduroam,34:8f:27:04:98:ac,5785,157,5.0,20,-89.0,,0.0,1.2,WPA2/3-Enterprise,no,
2026-10-09 08:50:19,3,L3-015,,,T1,laptop-taqiya,1,WiFi-UB.x,c0:c7:0a:98:34:11,5785,157,5.0,20,-85.0,,27.0,52.9,WPA2/3-Enterprise,capable,
2026-10-09 08:50:19,3,L3-015,,,T1,laptop-taqiya,1,eduroam,c0:c7:0a:98:34:10,5785,157,5.0,20,-86.0,,11.0,52.9,WPA2/3-Enterprise,capable,
2026-10-09 08:50:19,3,L3-015,,,T1,laptop-taqiya,1,eduroam,e8:10:98:82:05:a2,5785,157,5.0,40,-89.0,,,,WPA2/3-Enterprise,no,
2026-10-09 08:50:19,3,L3-015,,,T1,laptop-taqiya,1,eduroam,80:bc:37:2c:d7:e8,2412,1,2.4,20,-78.0,,1.0,62.7,WPA2/3-Enterprise,no,
2026-10-09 08:50:19,3,L3-015,,,T1,laptop-taqiya,1,WiFi-UB.x,3c:46:a1:bb:cd:92,5765,153,5.0,40,-88.0,,2.0,37.6,WPA2/3-Enterprise,no,
2026-10-09 08:50:19,3,L3-015,,,T1,laptop-taqiya,1,WiFi-UB.x,3c:46:a1:b9:ba:e2,5765,153,5.0,20,-89.0,,1.0,51.8,WPA2/3-Enterprise,no,
2026-10-09 08:50:19,3,L3-015,,,T1,laptop-taqiya,1,FKUB_HotSpot_Backup,3c:46:a1:bb:cd:93,5765,153,5.0,40,-88.0,,0.0,37.6,WPA2-Personal,no,
2026-10-09 08:50:19,3,L3-015,,,T1,laptop-taqiya,1,eduroam,3c:46:a1:bb:cd:91,5765,153,5.0,40,-88.0,,1.0,37.6,WPA2/3-Enterprise,no,
2026-10-09 08:50:19,3,L3-015,,,T1,laptop-taqiya,1,eduroam,54:d7:e3:45:51:22,2412,1,2.4,20,-74.0,,,,WPA2/3-Enterprise,no,
2026-10-09 08:50:19,3,L3-015,,,T1,laptop-taqiya,1,WiFi-FILKOM,54:d7:e3:45:51:21,2412,1,2.4,20,-75.0,,,,WPA2/3-Enterprise,no,
2026-10-09 08:50:19,3,L3-015,,,T1,laptop-taqiya,1,WiFi-FILKOM,e8:10:98:82:0b:41,5745,149,5.0,40,-85.0,,,,WPA2/3-Enterprise,no,
2026-10-09 08:50:19,3,L3-015,,,T1,laptop-taqiya,1,FILKOM EVENT,e8:10:98:82:0b:43,5745,149,5.0,40,-84.0,,,,WPA2-Personal,no,
2026-10-09 08:50:19,3,L3-015,,,T1,laptop-taqiya,1,eduroam,e8:10:98:82:0b:42,5745,149,5.0,40,-87.0,,,,WPA2/3-Enterprise,no,
2026-10-09 08:50:19,3,L3-015,,,T1,laptop-taqiya,1,Samsung S25 Ultra,e2:82:61:7d:8d:ae,5745,149,5.0,80,-89.0,,,,WPA2/WPA3-Personal,capable,
2026-10-09 08:50:19,3,L3-015,,,T1,laptop-taqiya,1,WiFi-UB.x,e8:10:98:82:0b:40,5745,149,5.0,40,-87.0,,,,WPA2/3-Enterprise,no,
2026-10-09 08:50:19,3,L3-015,,,T1,laptop-taqiya,1,eduroam,0e:b8:e6:d9:af:f1,2412,1,2.4,20,-83.0,,,,WPA2/3-Enterprise,no,
2026-10-09 08:50:19,3,L3-015,,,T1,laptop-taqiya,1,nishimura,a6:ac:7b:7a:ad:b8,2412,1,2.4,20,-75.0,,,,WPA2/WPA3-Personal,capable,
2026-10-09 08:50:19,3,L3-015,,,T1,laptop-taqiya,1,WiFi-UB.x,00:e6:3a:50:f1:bc,5240,48,5.0,20,-89.0,,1.0,8.6,WPA2/3-Enterprise,capable,
2026-10-09 08:50:19,3,L3-015,,,T1,laptop-taqiya,1,eduroam,00:e6:3a:10:f1:bc,5240,48,5.0,20,-89.0,,0.0,8.6,WPA2/3-Enterprise,capable,
2026-10-09 08:50:19,3,L3-015,,,T1,laptop-taqiya,1,FILKOM EVENT,e8:10:98:82:0b:23,5240,48,5.0,40,-84.0,,,,WPA2-Personal,no,
2026-10-09 08:50:19,3,L3-015,,,T1,laptop-taqiya,1,eduroam,e8:10:98:82:0b:22,5240,48,5.0,40,-83.0,,,,WPA2/3-Enterprise,no,
2026-10-09 08:50:19,3,L3-015,,,T1,laptop-taqiya,1,WiFi-FILKOM,e8:10:98:82:0b:21,5240,48,5.0,40,-84.0,,,,WPA2/3-Enterprise,no,
2026-10-09 08:50:19,3,L3-015,,,T1,laptop-taqiya,1,WiFi-UB.x,e8:10:98:82:0b:20,5240,48,5.0,40,-84.0,,,,WPA2/3-Enterprise,no,
2026-10-09 08:50:19,3,L3-015,,,T1,laptop-taqiya,1,WiFi-UB.x,c0:c7:0a:98:38:b1,5220,44,5.0,20,-69.0,,5.0,10.6,WPA2/3-Enterprise,capable,
2026-10-09 08:50:19,3,L3-015,,,T1,laptop-taqiya,1,FILKOM EVENT,c0:c7:0a:98:38:b2,5220,44,5.0,20,-78.0,,0.0,10.6,WPA2-Personal,capable,
2026-10-09 08:50:19,3,L3-015,,,T1,laptop-taqiya,1,eduroam,c0:c7:0a:98:38:b0,5220,44,5.0,20,-74.0,,1.0,10.6,WPA2/3-Enterprise,capable,
2026-10-09 08:50:28,3,L3-015,,,T1,laptop-taqiya,2,WiFi-UB.x,54:d7:e3:45:51:20,2412,1,2.4,20,-70.0,,,,WPA2/3-Enterprise,no,
2026-10-09 08:50:28,3,L3-015,,,T1,laptop-taqiya,2,iPhone Asw,6a:56:bf:c0:98:b9,2437,6,2.4,20,-75.0,,,,WPA2-Personal,no,
2026-10-09 08:50:28,3,L3-015,,,T1,laptop-taqiya,2,"To you, in 2000 Years",0a:a1:11:53:7a:6e,2437,6,2.4,20,-70.0,,,,WPA2-Personal,no,
2026-10-09 08:50:28,3,L3-015,,,T1,laptop-taqiya,2,eduroam,34:8f:27:44:7c:98,2437,6,2.4,20,-75.0,,0.0,38.8,WPA2/3-Enterprise,no,
2026-10-09 08:50:28,3,L3-015,,,T1,laptop-taqiya,2,FKUB_HotSpot_Backup,34:8f:27:c4:7c:98,2437,6,2.4,20,-75.0,,0.0,38.8,WPA2-Personal,no,
2026-10-09 08:50:28,3,L3-015,,,T1,laptop-taqiya,2,Kfkfkfm,46:d9:d2:ca:4f:5a,2437,6,2.4,20,-65.0,,,,WPA2-Personal,no,
2026-10-09 08:50:28,3,L3-015,,,T1,laptop-taqiya,2,FILKOM EVENT,fc:7f:f1:dd:53:33,5320,64,5.0,40,-85.0,,,,WPA2-Personal,no,
2026-10-09 08:50:28,3,L3-015,,,T1,laptop-taqiya,2,eduroam,fc:7f:f1:dd:53:32,5320,64,5.0,40,-85.0,,,,WPA2/3-Enterprise,no,
2026-10-09 08:50:28,3,L3-015,,,T1,laptop-taqiya,2,WiFi-FILKOM,fc:7f:f1:dd:53:31,5320,64,5.0,40,-86.0,,,,WPA2/3-Enterprise,no,
2026-10-09 08:50:28,3,L3-015,,,T1,laptop-taqiya,2,WiFi-UB.x,fc:7f:f1:dd:53:30,5320,64,5.0,40,-85.0,,,,WPA2/3-Enterprise,no,
2026-10-09 08:50:28,3,L3-015,,,T1,laptop-taqiya,2,,4a:22:54:25:73:b0,2412,1,2.4,20,-73.0,,7.0,0.0,WPA2-Personal,no,
2026-10-09 08:50:28,3,L3-015,,,T1,laptop-taqiya,2,WiFi-UB.x,34:8f:27:44:98:ac,5785,157,5.0,20,-89.0,,6.0,8.2,WPA2/3-Enterprise,no,
2026-10-09 08:50:28,3,L3-015,,,T1,laptop-taqiya,2,eduroam,34:8f:27:04:98:ac,5785,157,5.0,20,-88.0,,0.0,7.8,WPA2/3-Enterprise,no,
2026-10-09 08:50:28,3,L3-015,,,T1,laptop-taqiya,2,FKUB_HotSpot_Backup,3c:46:a1:bb:cd:93,5765,153,5.0,40,-87.0,,0.0,42.4,WPA2-Personal,no,
2026-10-09 08:50:28,3,L3-015,,,T1,laptop-taqiya,2,eduroam,3c:46:a1:bb:cd:91,5765,153,5.0,40,-85.0,,1.0,42.4,WPA2/3-Enterprise,no,
2026-10-09 08:50:28,3,L3-015,,,T1,laptop-taqiya,2,eduroam,0e:b8:e6:d9:af:f1,2412,1,2.4,20,-84.0,,,,WPA2/3-Enterprise,no,
2026-10-09 08:50:28,3,L3-015,,,T1,laptop-taqiya,2,WiFi-UB.x,b4:79:c8:ae:45:dc,5745,149,5.0,40,-88.0,,9.0,18.4,WPA2/3-Enterprise,no,
2026-10-09 08:50:28,3,L3-015,,,T1,laptop-taqiya,2,WiFi-UB.x,e8:10:98:82:0b:40,5745,149,5.0,40,-83.0,,,,WPA2/3-Enterprise,no,
2026-10-09 08:50:28,3,L3-015,,,T1,laptop-taqiya,2,Samsung S25 Ultra,e2:82:61:7d:8d:ae,5745,149,5.0,80,-86.0,,,,WPA2/WPA3-Personal,capable,
2026-10-09 08:50:28,3,L3-015,,,T1,laptop-taqiya,2,nishimura,a6:ac:7b:7a:ad:b8,2412,1,2.4,20,-76.0,,,,WPA2/WPA3-Personal,capable,
2026-10-09 08:50:28,3,L3-015,,,T1,laptop-taqiya,2,Q,16:ef:f3:33:ad:62,2412,1,2.4,20,-78.0,,,,WPA2-Personal,no,
2026-10-09 08:50:28,3,L3-015,,,T1,laptop-taqiya,2,ROBOTIIK,48:22:54:15:73:b0,2412,1,2.4,20,-77.0,,4.0,0.0,WPA2-Personal,no,
2026-10-09 08:50:28,3,L3-015,,,T1,laptop-taqiya,2,R9A,a6:d9:90:51:ce:53,2412,1,2.4,20,-81.0,,,,WPA2-Personal,no,
2026-10-09 08:50:28,3,L3-015,,,T1,laptop-taqiya,2,FILKOM EVENT,e8:10:98:82:0b:23,5240,48,5.0,40,-83.0,,,,WPA2-Personal,no,
2026-10-09 08:50:28,3,L3-015,,,T1,laptop-taqiya,2,eduroam,e8:10:98:82:0b:22,5240,48,5.0,40,-83.0,,,,WPA2/3-Enterprise,no,
2026-10-09 08:50:28,3,L3-015,,,T1,laptop-taqiya,2,WiFi-FILKOM,e8:10:98:82:0b:21,5240,48,5.0,40,-84.0,,,,WPA2/3-Enterprise,no,
2026-10-09 08:50:28,3,L3-015,,,T1,laptop-taqiya,2,WiFi-UB.x,e8:10:98:82:0b:20,5240,48,5.0,40,-82.0,,,,WPA2/3-Enterprise,no,
2026-10-09 08:50:28,3,L3-015,,,T1,laptop-taqiya,2,FILKOM EVENT,54:d7:e3:45:51:23,2412,1,2.4,20,-69.0,,,,WPA2-Personal,no,
2026-10-09 08:50:28,3,L3-015,,,T1,laptop-taqiya,2,eduroam,54:d7:e3:45:51:22,2412,1,2.4,20,-71.0,,,,WPA2/3-Enterprise,no,
2026-10-09 08:50:28,3,L3-015,,,T1,laptop-taqiya,2,WiFi-FILKOM,54:d7:e3:45:51:21,2412,1,2.4,20,-67.0,,,,WPA2/3-Enterprise,no,
2026-10-09 08:50:28,3,L3-015,,,T1,laptop-taqiya,2,FILKOM EVENT,c0:c7:0a:98:38:b2,5220,44,5.0,20,-75.0,,0.0,14.9,WPA2-Personal,capable,
2026-10-09 08:50:28,3,L3-015,,,T1,laptop-taqiya,2,eduroam,c0:c7:0a:98:38:b0,5220,44,5.0,20,-70.0,,1.0,14.9,WPA2/3-Enterprise,capable,
2026-10-09 08:50:37,3,L3-015,,,T1,laptop-taqiya,3,WiFi-UB.x,54:d7:e3:45:51:20,2412,1,2.4,20,-67.0,,,,WPA2/3-Enterprise,no,
2026-10-09 08:50:37,3,L3-015,,,T1,laptop-taqiya,3,FY,8a:8f:dc:e0:94:b8,2472,13,2.4,20,-75.0,,,,WPA2-Personal,no,
2026-10-09 08:50:37,3,L3-015,,,T1,laptop-taqiya,3,Recover.Me-0B3DA0,c8:a6:08:4b:3d:af,2462,11,2.4,20,-69.0,,0.0,9.0,WPA2-Personal,no,
2026-10-09 08:50:37,3,L3-015,,,T1,laptop-taqiya,3,eduroam,34:8f:27:44:7c:98,2437,6,2.4,20,-76.0,,0.0,38.4,WPA2/3-Enterprise,no,
2026-10-09 08:50:37,3,L3-015,,,T1,laptop-taqiya,3,FKUB_HotSpot,34:8f:27:04:7c:98,2437,6,2.4,20,-75.0,,1.0,38.4,WPA2-Personal,no,
2026-10-09 08:50:37,3,L3-015,,,T1,laptop-taqiya,3,eduroam,3c:46:a1:79:ba:e3,2437,6,2.4,20,-78.0,,0.0,41.6,WPA2/3-Enterprise,capable,
2026-10-09 08:50:37,3,L3-015,,,T1,laptop-taqiya,3,"To you, in 2000 Years",0a:a1:11:53:7a:6e,2437,6,2.4,20,-72.0,,,,WPA2-Personal,no,
2026-10-09 08:50:37,3,L3-015,,,T1,laptop-taqiya,3,Kfkfkfm,46:d9:d2:ca:4f:5a,2437,6,2.4,20,-66.0,,,,WPA2-Personal,no,
2026-10-09 08:50:37,3,L3-015,,,T1,laptop-taqiya,3,WiFi-UB.x,0a:b8:e6:d9:af:f1,2412,1,2.4,20,-83.0,,,,WPA2/3-Enterprise,no,
2026-10-09 08:50:37,3,L3-015,,,T1,laptop-taqiya,3,ROBOTIIK,48:22:54:15:73:b0,2412,1,2.4,20,-77.0,,4.0,0.0,WPA2-Personal,no,
2026-10-09 08:50:37,3,L3-015,,,T1,laptop-taqiya,3,nishimura,a6:ac:7b:7a:ad:b8,2412,1,2.4,20,-80.0,,,,WPA2/WPA3-Personal,capable,
2026-10-09 08:50:37,3,L3-015,,,T1,laptop-taqiya,3,,4a:22:54:25:73:b0,2412,1,2.4,20,-74.0,,7.0,0.0,WPA2-Personal,no,
2026-10-09 08:50:37,3,L3-015,,,T1,laptop-taqiya,3,FKUB_HotSpot_Backup,3c:46:a1:bb:cd:93,5765,153,5.0,40,-88.0,,0.0,48.2,WPA2-Personal,no,
2026-10-09 08:50:37,3,L3-015,,,T1,laptop-taqiya,3,eduroam,3c:46:a1:bb:cd:91,5765,153,5.0,40,-87.0,,1.0,48.2,WPA2/3-Enterprise,no,
2026-10-09 08:50:37,3,L3-015,,,T1,laptop-taqiya,3,WiFi-UB.x,3c:46:a1:bb:cd:92,5765,153,5.0,40,-87.0,,1.0,48.2,WPA2/3-Enterprise,no,
2026-10-09 08:50:37,3,L3-015,,,T1,laptop-taqiya,3,WiFi-UB.x,e8:10:98:82:0b:40,5745,149,5.0,40,-85.0,,,,WPA2/3-Enterprise,no,
2026-10-09 08:50:37,3,L3-015,,,T1,laptop-taqiya,3,Samsung S25 Ultra,e2:82:61:7d:8d:ae,5745,149,5.0,80,-88.0,,,,WPA2/WPA3-Personal,capable,
2026-10-09 08:50:37,3,L3-015,,,T1,laptop-taqiya,3,FILKOM EVENT,e8:10:98:82:0b:43,5745,149,5.0,40,-84.0,,,,WPA2-Personal,no,
2026-10-09 08:50:37,3,L3-015,,,T1,laptop-taqiya,3,eduroam,e8:10:98:82:0b:42,5745,149,5.0,40,-84.0,,,,WPA2/3-Enterprise,no,
2026-10-09 08:50:37,3,L3-015,,,T1,laptop-taqiya,3,WiFi-FILKOM,e8:10:98:82:0b:41,5745,149,5.0,40,-84.0,,,,WPA2/3-Enterprise,no,
2026-10-09 08:50:37,3,L3-015,,,T1,laptop-taqiya,3,FILKOM EVENT,54:d7:e3:45:51:23,2412,1,2.4,20,-71.0,,,,WPA2-Personal,no,
2026-10-09 08:50:37,3,L3-015,,,T1,laptop-taqiya,3,eduroam,54:d7:e3:45:51:22,2412,1,2.4,20,-61.0,,,,WPA2/3-Enterprise,no,
2026-10-09 08:50:37,3,L3-015,,,T1,laptop-taqiya,3,WiFi-FILKOM,54:d7:e3:45:51:21,2412,1,2.4,20,-70.0,,,,WPA2/3-Enterprise,no,
2026-10-09 08:50:37,3,L3-015,,,T1,laptop-taqiya,3,FILKOM EVENT,e8:10:98:82:0b:23,5240,48,5.0,40,-81.0,,,,WPA2-Personal,no,
2026-10-09 08:50:37,3,L3-015,,,T1,laptop-taqiya,3,eduroam,e8:10:98:82:0b:22,5240,48,5.0,40,-82.0,,,,WPA2/3-Enterprise,no,
2026-10-09 08:50:37,3,L3-015,,,T1,laptop-taqiya,3,WiFi-FILKOM,e8:10:98:82:0b:21,5240,48,5.0,40,-81.0,,,,WPA2/3-Enterprise,no,
2026-10-09 08:50:37,3,L3-015,,,T1,laptop-taqiya,3,WiFi-UB.x,e8:10:98:82:0b:20,5240,48,5.0,40,-82.0,,,,WPA2/3-Enterprise,no,
2026-10-09 08:53:18,3,L3-026,,,T1,laptop-taqiya,1,WiFi-UB.x,54:d7:e3:45:51:20,2412,1,2.4,20,-61.0,,,,WPA2/3-Enterprise,no,
2026-10-09 08:53:18,3,L3-026,,,T1,laptop-taqiya,1,Recover.Me-0B3DA0,c8:a6:08:4b:3d:af,2462,11,2.4,20,-83.0,,0.0,10.6,WPA2-Personal,no,
2026-10-09 08:53:18,3,L3-026,,,T1,laptop-taqiya,1,FILKOM EVENT,e8:10:98:82:0b:33,2462,11,2.4,20,-63.0,,,,WPA2-Personal,no,
2026-10-09 08:53:18,3,L3-026,,,T1,laptop-taqiya,1,eduroam,e8:10:98:82:0b:32,2462,11,2.4,20,-63.0,,,,WPA2/3-Enterprise,no,
2026-10-09 08:53:18,3,L3-026,,,T1,laptop-taqiya,1,WiFi-FILKOM,e8:10:98:82:0b:31,2462,11,2.4,20,-66.0,,,,WPA2/3-Enterprise,no,
2026-10-09 08:53:18,3,L3-026,,,T1,laptop-taqiya,1,WiFi-UB.x,e8:10:98:82:0b:30,2462,11,2.4,20,-67.0,,,,WPA2/3-Enterprise,no,
2026-10-09 08:53:18,3,L3-026,,,T1,laptop-taqiya,1,WiFi-UB.x,fc:7f:f1:dd:53:20,2462,11,2.4,20,-77.0,,,,WPA2/3-Enterprise,no,
2026-10-09 08:53:18,3,L3-026,,,T1,laptop-taqiya,1,iPhone Asw,6a:56:bf:c0:98:b9,2437,6,2.4,20,-81.0,,,,WPA2-Personal,no,
2026-10-09 08:53:18,3,L3-026,,,T1,laptop-taqiya,1,Kfkfkfm,46:d9:d2:ca:4f:5a,2437,6,2.4,20,-82.0,,,,WPA2-Personal,no,
2026-10-09 08:53:18,3,L3-026,,,T1,laptop-taqiya,1,WiFi-UB.x,e8:10:98:82:05:90,2437,6,2.4,20,-63.0,,,,WPA2/3-Enterprise,no,
2026-10-09 08:53:18,3,L3-026,,,T1,laptop-taqiya,1,ScenXus-b0a73236b0c8,b0:a7:32:36:b0:c9,2422,3,2.4,40,-78.0,,,,Open,no,
2026-10-09 08:53:18,3,L3-026,,,T1,laptop-taqiya,1,ScenXus-b0a732311f20,b0:a7:32:31:1f:21,2422,3,2.4,40,-80.0,,,,Open,no,
2026-10-09 08:53:18,3,L3-026,,,T1,laptop-taqiya,1,WiFi-UB.x,c0:c7:0a:58:34:11,2412,1,2.4,20,-82.0,,2.0,23.5,WPA2/3-Enterprise,capable,
2026-10-09 08:53:18,3,L3-026,,,T1,laptop-taqiya,1,WiFi-FILKOM,54:d7:e3:42:42:c1,2412,1,2.4,20,-77.0,,,,WPA2/3-Enterprise,no,
2026-10-09 08:53:18,3,L3-026,,,T1,laptop-taqiya,1,FILKOM EVENT,54:d7:e3:42:42:d3,5260,52,5.0,40,-72.0,,,,WPA2-Personal,no,
2026-10-09 08:53:18,3,L3-026,,,T1,laptop-taqiya,1,eduroam,54:d7:e3:42:42:d2,5260,52,5.0,40,-73.0,,,,WPA2/3-Enterprise,no,
2026-10-09 08:53:18,3,L3-026,,,T1,laptop-taqiya,1,WiFi-FILKOM,54:d7:e3:42:42:d1,5260,52,5.0,40,-73.0,,,,WPA2/3-Enterprise,no,
2026-10-09 08:53:18,3,L3-026,,,T1,laptop-taqiya,1,WiFi-UB.x,54:d7:e3:42:42:d0,5260,52,5.0,40,-72.0,,,,WPA2/3-Enterprise,no,
2026-10-09 08:53:18,3,L3-026,,,T1,laptop-taqiya,1,eduroam,54:d7:e3:42:42:c2,2412,1,2.4,20,-77.0,,,,WPA2/3-Enterprise,no,
2026-10-09 08:53:18,3,L3-026,,,T1,laptop-taqiya,1,Recover.Me-184350,c0:c7:0a:58:43:5f,2412,1,2.4,20,-83.0,,0.0,43.9,WPA2-Personal,no,
2026-10-09 08:53:18,3,L3-026,,,T1,laptop-taqiya,1,FILKOM EVENT,e8:10:98:82:05:a3,5785,157,5.0,40,-71.0,,,,WPA2-Personal,no,
2026-10-09 08:53:18,3,L3-026,,,T1,laptop-taqiya,1,eduroam,e8:10:98:82:05:a2,5785,157,5.0,40,-72.0,,,,WPA2/3-Enterprise,no,
2026-10-09 08:53:18,3,L3-026,,,T1,laptop-taqiya,1,WiFi-FILKOM,e8:10:98:82:05:a1,5785,157,5.0,40,-72.0,,,,WPA2/3-Enterprise,no,
2026-10-09 08:53:18,3,L3-026,,,T1,laptop-taqiya,1,WiFi-UB.x,e8:10:98:82:05:a0,5785,157,5.0,40,-72.0,,,,WPA2/3-Enterprise,no,
2026-10-09 08:53:18,3,L3-026,,,T1,laptop-taqiya,1,eduroam,c0:c7:0a:58:34:10,2412,1,2.4,20,-82.0,,0.0,14.9,WPA2/3-Enterprise,capable,
2026-10-09 08:53:18,3,L3-026,,,T1,laptop-taqiya,1,FILKOM EVENT,54:d7:e3:42:97:83,2412,1,2.4,20,-86.0,,,,WPA2-Personal,no,
2026-10-09 08:53:18,3,L3-026,,,T1,laptop-taqiya,1,FILKOM EVENT,e8:10:98:82:0b:43,5745,149,5.0,40,-59.0,,,,WPA2-Personal,no,
2026-10-09 08:53:18,3,L3-026,,,T1,laptop-taqiya,1,eduroam,e8:10:98:82:0b:42,5745,149,5.0,40,-59.0,,,,WPA2/3-Enterprise,no,
2026-10-09 08:53:18,3,L3-026,,,T1,laptop-taqiya,1,WiFi-FILKOM,e8:10:98:82:0b:41,5745,149,5.0,40,-58.0,,,,WPA2/3-Enterprise,no,
2026-10-09 08:53:18,3,L3-026,,,T1,laptop-taqiya,1,WiFi-UB.x,e8:10:98:82:0b:40,5745,149,5.0,40,-59.0,,,,WPA2/3-Enterprise,no,
2026-10-09 08:53:18,3,L3-026,,,T1,laptop-taqiya,1,,4a:22:54:25:73:b0,2412,1,2.4,20,-86.0,,7.0,0.0,WPA2-Personal,no,
2026-10-09 08:53:18,3,L3-026,,,T1,laptop-taqiya,1,FILKOM EVENT,54:d7:e3:42:42:c3,2412,1,2.4,20,-80.0,,,,WPA2-Personal,no,
2026-10-09 08:53:18,3,L3-026,,,T1,laptop-taqiya,1,WiFi-UB.x,54:d7:e3:42:42:c0,2412,1,2.4,20,-78.0,,,,WPA2/3-Enterprise,no,
2026-10-09 08:53:18,3,L3-026,,,T1,laptop-taqiya,1,ROBOTIIK,48:22:54:15:73:b0,2412,1,2.4,20,-85.0,,4.0,0.0,WPA2-Personal,no,
2026-10-09 08:53:18,3,L3-026,,,T1,laptop-taqiya,1,FILKOM EVENT,54:d7:e3:45:51:23,2412,1,2.4,20,-57.0,,,,WPA2-Personal,no,
2026-10-09 08:53:18,3,L3-026,,,T1,laptop-taqiya,1,eduroam,54:d7:e3:45:51:22,2412,1,2.4,20,-57.0,,,,WPA2/3-Enterprise,no,
2026-10-09 08:53:18,3,L3-026,,,T1,laptop-taqiya,1,WiFi-FILKOM,54:d7:e3:45:51:21,2412,1,2.4,20,-57.0,,,,WPA2/3-Enterprise,no,
2026-10-09 08:53:18,3,L3-026,,,T1,laptop-taqiya,1,FILKOM EVENT,e8:10:98:82:0b:23,5240,48,5.0,40,-65.0,,,,WPA2-Personal,no,
2026-10-09 08:53:18,3,L3-026,,,T1,laptop-taqiya,1,eduroam,e8:10:98:82:0b:22,5240,48,5.0,40,-65.0,,,,WPA2/3-Enterprise,no,
2026-10-09 08:53:18,3,L3-026,,,T1,laptop-taqiya,1,WiFi-FILKOM,e8:10:98:82:0b:21,5240,48,5.0,40,-65.0,,,,WPA2/3-Enterprise,no,
2026-10-09 08:53:18,3,L3-026,,,T1,laptop-taqiya,1,WiFi-UB.x,e8:10:98:82:0b:20,5240,48,5.0,40,-65.0,,,,WPA2/3-Enterprise,no,
2026-10-09 08:53:27,3,L3-026,,,T1,laptop-taqiya,2,WiFi-UB.x,54:d7:e3:45:51:20,2412,1,2.4,20,-59.0,,,,WPA2/3-Enterprise,no,
2026-10-09 08:53:27,3,L3-026,,,T1,laptop-taqiya,2,Recover.Me-0B3DA0,c8:a6:08:4b:3d:af,2462,11,2.4,20,-82.0,,0.0,10.6,WPA2-Personal,no,
2026-10-09 08:53:27,3,L3-026,,,T1,laptop-taqiya,2,FILKOM EVENT,e8:10:98:82:0b:33,2462,11,2.4,20,-63.0,,,,WPA2-Personal,no,
2026-10-09 08:53:27,3,L3-026,,,T1,laptop-taqiya,2,eduroam,e8:10:98:82:0b:32,2462,11,2.4,20,-64.0,,,,WPA2/3-Enterprise,no,
2026-10-09 08:53:27,3,L3-026,,,T1,laptop-taqiya,2,WiFi-FILKOM,e8:10:98:82:0b:31,2462,11,2.4,20,-63.0,,,,WPA2/3-Enterprise,no,
2026-10-09 08:53:27,3,L3-026,,,T1,laptop-taqiya,2,WiFi-UB.x,e8:10:98:82:0b:30,2462,11,2.4,20,-65.0,,,,WPA2/3-Enterprise,no,
2026-10-09 08:53:27,3,L3-026,,,T1,laptop-taqiya,2,Kfkfkfm,46:d9:d2:ca:4f:5a,2437,6,2.4,20,-82.0,,,,WPA2-Personal,no,
2026-10-09 08:53:27,3,L3-026,,,T1,laptop-taqiya,2,iPhone Asw,6a:56:bf:c0:98:b9,2437,6,2.4,20,-80.0,,,,WPA2-Personal,no,
2026-10-09 08:53:27,3,L3-026,,,T1,laptop-taqiya,2,FILKOM EVENT,e8:10:98:82:05:93,2437,6,2.4,20,-63.0,,,,WPA2-Personal,no,
2026-10-09 08:53:27,3,L3-026,,,T1,laptop-taqiya,2,eduroam,e8:10:98:82:05:92,2437,6,2.4,20,-63.0,,,,WPA2/3-Enterprise,no,
2026-10-09 08:53:27,3,L3-026,,,T1,laptop-taqiya,2,WiFi-FILKOM,e8:10:98:82:05:91,2437,6,2.4,20,-61.0,,,,WPA2/3-Enterprise,no,
2026-10-09 08:53:27,3,L3-026,,,T1,laptop-taqiya,2,WiFi-UB.x,e8:10:98:82:05:90,2437,6,2.4,20,-63.0,,,,WPA2/3-Enterprise,no,
2026-10-09 08:53:27,3,L3-026,,,T1,laptop-taqiya,2,ScenXus-b0a73236b0c8,b0:a7:32:36:b0:c9,2422,3,2.4,40,-75.0,,,,Open,no,
2026-10-09 08:53:27,3,L3-026,,,T1,laptop-taqiya,2,,4a:22:54:25:73:b0,2412,1,2.4,20,-84.0,,7.0,0.0,WPA2-Personal,no,
2026-10-09 08:53:27,3,L3-026,,,T1,laptop-taqiya,2,WiFi-UB.x,0a:b8:e6:d9:af:f1,2412,1,2.4,20,-87.0,,,,WPA2/3-Enterprise,no,
2026-10-09 08:53:27,3,L3-026,,,T1,laptop-taqiya,2,FILKOM EVENT,fc:7f:f1:dd:53:33,5320,64,5.0,40,-66.0,,,,WPA2-Personal,no,
2026-10-09 08:53:27,3,L3-026,,,T1,laptop-taqiya,2,eduroam,fc:7f:f1:dd:53:32,5320,64,5.0,40,-68.0,,,,WPA2/3-Enterprise,no,
2026-10-09 08:53:27,3,L3-026,,,T1,laptop-taqiya,2,WiFi-FILKOM,fc:7f:f1:dd:53:31,5320,64,5.0,40,-68.0,,,,WPA2/3-Enterprise,no,
2026-10-09 08:53:27,3,L3-026,,,T1,laptop-taqiya,2,WiFi-UB.x,fc:7f:f1:dd:53:30,5320,64,5.0,40,-69.0,,,,WPA2/3-Enterprise,no,
2026-10-09 08:53:27,3,L3-026,,,T1,laptop-taqiya,2,FILKOM EVENT,54:d7:e3:42:42:d3,5260,52,5.0,40,-77.0,,,,WPA2-Personal,no,
2026-10-09 08:53:27,3,L3-026,,,T1,laptop-taqiya,2,eduroam,54:d7:e3:42:42:d2,5260,52,5.0,40,-77.0,,,,WPA2/3-Enterprise,no,
2026-10-09 08:53:27,3,L3-026,,,T1,laptop-taqiya,2,WiFi-FILKOM,54:d7:e3:42:42:d1,5260,52,5.0,40,-76.0,,,,WPA2/3-Enterprise,no,
2026-10-09 08:53:27,3,L3-026,,,T1,laptop-taqiya,2,WiFi-UB.x,54:d7:e3:42:42:d0,5260,52,5.0,40,-77.0,,,,WPA2/3-Enterprise,no,
2026-10-09 08:53:27,3,L3-026,,,T1,laptop-taqiya,2,FILKOM EVENT,e8:10:98:82:05:a3,5785,157,5.0,40,-67.0,,,,WPA2-Personal,no,
2026-10-09 08:53:27,3,L3-026,,,T1,laptop-taqiya,2,eduroam,e8:10:98:82:05:a2,5785,157,5.0,40,-68.0,,,,WPA2/3-Enterprise,no,
2026-10-09 08:53:27,3,L3-026,,,T1,laptop-taqiya,2,WiFi-FILKOM,e8:10:98:82:05:a1,5785,157,5.0,40,-67.0,,,,WPA2/3-Enterprise,no,
2026-10-09 08:53:27,3,L3-026,,,T1,laptop-taqiya,2,WiFi-UB.x,e8:10:98:82:05:a0,5785,157,5.0,40,-67.0,,,,WPA2/3-Enterprise,no,
2026-10-09 08:53:27,3,L3-026,,,T1,laptop-taqiya,2,eduroam,54:d7:e3:42:42:c2,2412,1,2.4,20,-79.0,,,,WPA2/3-Enterprise,no,
2026-10-09 08:53:27,3,L3-026,,,T1,laptop-taqiya,2,ROBOTIIK,48:22:54:15:73:b0,2412,1,2.4,20,-88.0,,4.0,0.0,WPA2-Personal,no,
2026-10-09 08:53:27,3,L3-026,,,T1,laptop-taqiya,2,WiFi-FILKOM,54:d7:e3:45:51:21,2412,1,2.4,20,-64.0,,,,WPA2/3-Enterprise,no,
2026-10-09 08:53:27,3,L3-026,,,T1,laptop-taqiya,2,FILKOM EVENT,e8:10:98:82:0b:43,5745,149,5.0,40,-56.0,,,,WPA2-Personal,no,
2026-10-09 08:53:27,3,L3-026,,,T1,laptop-taqiya,2,eduroam,e8:10:98:82:0b:42,5745,149,5.0,40,-56.0,,,,WPA2/3-Enterprise,no,
2026-10-09 08:53:27,3,L3-026,,,T1,laptop-taqiya,2,WiFi-FILKOM,e8:10:98:82:0b:41,5745,149,5.0,40,-57.0,,,,WPA2/3-Enterprise,no,
2026-10-09 08:53:27,3,L3-026,,,T1,laptop-taqiya,2,WiFi-UB.x,e8:10:98:82:0b:40,5745,149,5.0,40,-57.0,,,,WPA2/3-Enterprise,no,
2026-10-09 08:53:27,3,L3-026,,,T1,laptop-taqiya,2,FILKOM EVENT,54:d7:e3:42:42:c3,2412,1,2.4,20,-80.0,,,,WPA2-Personal,no,
2026-10-09 08:53:27,3,L3-026,,,T1,laptop-taqiya,2,WiFi-FILKOM,54:d7:e3:42:42:c1,2412,1,2.4,20,-80.0,,,,WPA2/3-Enterprise,no,
2026-10-09 08:53:27,3,L3-026,,,T1,laptop-taqiya,2,WiFi-UB.x,54:d7:e3:42:42:c0,2412,1,2.4,20,-80.0,,,,WPA2/3-Enterprise,no,
2026-10-09 08:53:27,3,L3-026,,,T1,laptop-taqiya,2,FILKOM EVENT,54:d7:e3:45:51:23,2412,1,2.4,20,-67.0,,,,WPA2-Personal,no,
2026-10-09 08:53:27,3,L3-026,,,T1,laptop-taqiya,2,eduroam,54:d7:e3:45:51:22,2412,1,2.4,20,-57.0,,,,WPA2/3-Enterprise,no,
2026-10-09 08:53:27,3,L3-026,,,T1,laptop-taqiya,2,Recover.Me-184350,c0:c7:0a:58:43:5f,2412,1,2.4,20,-82.0,,0.0,44.7,WPA2-Personal,no,
2026-10-09 08:53:27,3,L3-026,,,T1,laptop-taqiya,2,FILKOM EVENT,c0:c7:0a:58:34:12,2412,1,2.4,20,-85.0,,0.0,16.5,WPA2-Personal,capable,
2026-10-09 08:53:27,3,L3-026,,,T1,laptop-taqiya,2,WiFi-UB.x,c0:c7:0a:58:34:11,2412,1,2.4,20,-85.0,,2.0,16.5,WPA2/3-Enterprise,capable,
2026-10-09 08:53:27,3,L3-026,,,T1,laptop-taqiya,2,eduroam,c0:c7:0a:58:34:10,2412,1,2.4,20,-84.0,,0.0,16.5,WPA2/3-Enterprise,capable,
2026-10-09 08:53:27,3,L3-026,,,T1,laptop-taqiya,2,FILKOM EVENT,e8:10:98:82:0b:23,5240,48,5.0,40,-59.0,,,,WPA2-Personal,no,
2026-10-09 08:53:27,3,L3-026,,,T1,laptop-taqiya,2,eduroam,e8:10:98:82:0b:22,5240,48,5.0,40,-59.0,,,,WPA2/3-Enterprise,no,
2026-10-09 08:53:27,3,L3-026,,,T1,laptop-taqiya,2,WiFi-FILKOM,e8:10:98:82:0b:21,5240,48,5.0,40,-59.0,,,,WPA2/3-Enterprise,no,
2026-10-09 08:53:27,3,L3-026,,,T1,laptop-taqiya,2,WiFi-UB.x,e8:10:98:82:0b:20,5240,48,5.0,40,-59.0,,,,WPA2/3-Enterprise,no,
2026-10-09 08:53:27,3,L3-026,,,T1,laptop-taqiya,2,FILKOM EVENT,c0:c7:0a:98:38:b2,5220,44,5.0,20,-85.0,,0.0,12.2,WPA2-Personal,capable,
2026-10-09 08:53:27,3,L3-026,,,T1,laptop-taqiya,2,WiFi-UB.x,c0:c7:0a:98:38:b1,5220,44,5.0,20,-83.0,,5.0,12.2,WPA2/3-Enterprise,capable,
2026-10-09 08:53:27,3,L3-026,,,T1,laptop-taqiya,2,eduroam,c0:c7:0a:98:38:b0,5220,44,5.0,20,-84.0,,1.0,12.2,WPA2/3-Enterprise,capable,
2026-10-09 08:53:36,3,L3-026,,,T1,laptop-taqiya,3,WiFi-UB.x,54:d7:e3:45:51:20,2412,1,2.4,20,-62.0,,,,WPA2/3-Enterprise,no,
2026-10-09 08:53:36,3,L3-026,,,T1,laptop-taqiya,3,FILKOM EVENT,e8:10:98:82:0b:33,2462,11,2.4,20,-60.0,,,,WPA2-Personal,no,
2026-10-09 08:53:36,3,L3-026,,,T1,laptop-taqiya,3,eduroam,e8:10:98:82:0b:32,2462,11,2.4,20,-59.0,,,,WPA2/3-Enterprise,no,
2026-10-09 08:53:36,3,L3-026,,,T1,laptop-taqiya,3,WiFi-FILKOM,e8:10:98:82:0b:31,2462,11,2.4,20,-63.0,,,,WPA2/3-Enterprise,no,
2026-10-09 08:53:36,3,L3-026,,,T1,laptop-taqiya,3,WiFi-FILKOM,fc:7f:f1:dd:53:21,2462,11,2.4,20,-80.0,,,,WPA2/3-Enterprise,no,
2026-10-09 08:53:36,3,L3-026,,,T1,laptop-taqiya,3,WiFi-UB.x,e8:10:98:82:0b:30,2462,11,2.4,20,-65.0,,,,WPA2/3-Enterprise,no,
2026-10-09 08:53:36,3,L3-026,,,T1,laptop-taqiya,3,WiFi-UB.x,fc:7f:f1:dd:53:20,2462,11,2.4,20,-79.0,,,,WPA2/3-Enterprise,no,
2026-10-09 08:53:36,3,L3-026,,,T1,laptop-taqiya,3,WiFi-UB.x,54:d7:e3:42:42:c0,2412,1,2.4,20,-83.0,,,,WPA2/3-Enterprise,no,
2026-10-09 08:53:36,3,L3-026,,,T1,laptop-taqiya,3,FILKOM EVENT,e8:10:98:82:05:93,2437,6,2.4,20,-64.0,,,,WPA2-Personal,no,
2026-10-09 08:53:36,3,L3-026,,,T1,laptop-taqiya,3,iPhone Asw,6a:56:bf:c0:98:b9,2437,6,2.4,20,-79.0,,,,WPA2-Personal,no,
2026-10-09 08:53:36,3,L3-026,,,T1,laptop-taqiya,3,eduroam,e8:10:98:82:05:92,2437,6,2.4,20,-62.0,,,,WPA2/3-Enterprise,no,
2026-10-09 08:53:36,3,L3-026,,,T1,laptop-taqiya,3,WiFi-UB.x,e8:10:98:82:05:90,2437,6,2.4,20,-65.0,,,,WPA2/3-Enterprise,no,
2026-10-09 08:53:36,3,L3-026,,,T1,laptop-taqiya,3,FILKOM EVENT,54:d7:e3:42:42:c3,2412,1,2.4,20,-82.0,,,,WPA2-Personal,no,
2026-10-09 08:53:36,3,L3-026,,,T1,laptop-taqiya,3,ScenXus-b0a732311f20,b0:a7:32:31:1f:21,2422,3,2.4,40,-80.0,,,,Open,no,
2026-10-09 08:53:36,3,L3-026,,,T1,laptop-taqiya,3,ScenXus-b0a73236b0c8,b0:a7:32:36:b0:c9,2422,3,2.4,40,-78.0,,,,Open,no,
2026-10-09 08:53:36,3,L3-026,,,T1,laptop-taqiya,3,eduroam,54:d7:e3:42:42:c2,2412,1,2.4,20,-83.0,,,,WPA2/3-Enterprise,no,
2026-10-09 08:53:36,3,L3-026,,,T1,laptop-taqiya,3,WiFi-FILKOM,54:d7:e3:42:42:c1,2412,1,2.4,20,-81.0,,,,WPA2/3-Enterprise,no,
2026-10-09 08:53:36,3,L3-026,,,T1,laptop-taqiya,3,ROBOTIIK,48:22:54:15:73:b0,2412,1,2.4,20,-84.0,,4.0,0.0,WPA2-Personal,no,
2026-10-09 08:53:36,3,L3-026,,,T1,laptop-taqiya,3,FILKOM EVENT,e8:10:98:82:05:a3,5785,157,5.0,40,-67.0,,,,WPA2-Personal,no,
2026-10-09 08:53:36,3,L3-026,,,T1,laptop-taqiya,3,eduroam,e8:10:98:82:05:a2,5785,157,5.0,40,-67.0,,,,WPA2/3-Enterprise,no,
2026-10-09 08:53:36,3,L3-026,,,T1,laptop-taqiya,3,WiFi-FILKOM,e8:10:98:82:05:a1,5785,157,5.0,40,-67.0,,,,WPA2/3-Enterprise,no,
2026-10-09 08:53:36,3,L3-026,,,T1,laptop-taqiya,3,WiFi-UB.x,e8:10:98:82:05:a0,5785,157,5.0,40,-66.0,,,,WPA2/3-Enterprise,no,
2026-10-09 08:53:36,3,L3-026,,,T1,laptop-taqiya,3,FILKOM EVENT,e8:10:98:82:0b:43,5745,149,5.0,40,-55.0,,,,WPA2-Personal,no,
2026-10-09 08:53:36,3,L3-026,,,T1,laptop-taqiya,3,eduroam,e8:10:98:82:0b:42,5745,149,5.0,40,-54.0,,,,WPA2/3-Enterprise,no,
2026-10-09 08:53:36,3,L3-026,,,T1,laptop-taqiya,3,WiFi-FILKOM,e8:10:98:82:0b:41,5745,149,5.0,40,-57.0,,,,WPA2/3-Enterprise,no,
2026-10-09 08:53:36,3,L3-026,,,T1,laptop-taqiya,3,WiFi-UB.x,e8:10:98:82:0b:40,5745,149,5.0,40,-56.0,,,,WPA2/3-Enterprise,no,
2026-10-09 08:53:36,3,L3-026,,,T1,laptop-taqiya,3,FILKOM EVENT,54:d7:e3:45:51:23,2412,1,2.4,20,-64.0,,,,WPA2-Personal,no,
2026-10-09 08:53:36,3,L3-026,,,T1,laptop-taqiya,3,eduroam,54:d7:e3:45:51:22,2412,1,2.4,20,-63.0,,,,WPA2/3-Enterprise,no,
2026-10-09 08:53:36,3,L3-026,,,T1,laptop-taqiya,3,WiFi-FILKOM,54:d7:e3:45:51:21,2412,1,2.4,20,-64.0,,,,WPA2/3-Enterprise,no,
2026-10-09 08:53:36,3,L3-026,,,T1,laptop-taqiya,3,Recover.Me-184350,c0:c7:0a:58:43:5f,2412,1,2.4,20,-82.0,,0.0,43.9,WPA2-Personal,no,
2026-10-09 08:53:36,3,L3-026,,,T1,laptop-taqiya,3,FILKOM EVENT,e8:10:98:82:0b:23,5240,48,5.0,40,-57.0,,,,WPA2-Personal,no,
2026-10-09 08:53:36,3,L3-026,,,T1,laptop-taqiya,3,eduroam,e8:10:98:82:0b:22,5240,48,5.0,40,-57.0,,,,WPA2/3-Enterprise,no,
2026-10-09 08:53:36,3,L3-026,,,T1,laptop-taqiya,3,WiFi-FILKOM,e8:10:98:82:0b:21,5240,48,5.0,40,-57.0,,,,WPA2/3-Enterprise,no,
2026-10-09 08:53:36,3,L3-026,,,T1,laptop-taqiya,3,WiFi-UB.x,e8:10:98:82:0b:20,5240,48,5.0,40,-57.0,,,,WPA2/3-Enterprise,no,
2026-10-09 07:53:49,3,L3-009,,,T1,laptop-maulana,1,Vanilish,d2:f3:16:82:51:cd,2462,11,2.4,20,-69.0,-77.0,,,WPA2-Personal,no,
2026-10-09 07:53:49,3,L3-009,,,T1,laptop-maulana,1,eduroam,e8:10:98:82:0b:42,5745,149,5.0,40,-86.0,-96.0,,,WPA2/3-Enterprise,no,
2026-10-09 07:53:49,3,L3-009,,,T1,laptop-maulana,1,WiFi-FILKOM,54:d7:e3:45:4c:81,2437,6,2.4,20,-57.0,-77.0,,,WPA2/3-Enterprise,no,
2026-10-09 07:53:49,3,L3-009,,,T1,laptop-maulana,1,WiFi-FILKOM,e8:10:98:82:0b:41,5745,149,5.0,40,-87.0,-96.0,,,WPA2/3-Enterprise,no,
2026-10-09 07:53:49,3,L3-009,,,T1,laptop-maulana,1,FILKOM EVENT,54:d7:e3:42:97:83,2412,1,2.4,20,-66.0,-77.0,,,WPA2-Personal,no,
2026-10-09 07:53:49,3,L3-009,,,T1,laptop-maulana,1,eduroam,54:d7:e3:45:4c:82,2437,6,2.4,20,-57.0,-77.0,,,WPA2/3-Enterprise,no,
2026-10-09 07:53:49,3,L3-009,,,T1,laptop-maulana,1,DIRECT-WELAPTOP-VAI3VGMOmsvP,be:d2:2c:df:11:14,5785,157,5.0,20,-79.0,-96.0,,,WPA2-Personal,no,
2026-10-09 07:53:49,3,L3-009,,,T1,laptop-maulana,1,FILKOM EVENT,e8:10:98:82:0b:43,5745,149,5.0,40,-86.0,-96.0,,,WPA2-Personal,no,
2026-10-09 07:53:49,3,L3-009,,,T1,laptop-maulana,1,iwirrrr,9a:5d:37:c0:09:de,2462,11,2.4,20,-68.0,-77.0,,,WPA2-Personal,no,
2026-10-09 07:53:49,3,L3-009,,,T1,laptop-maulana,1,WiFi-FILKOM,54:d7:e3:42:97:81,2412,1,2.4,20,-66.0,-77.0,,,WPA2/3-Enterprise,no,
2026-10-09 07:53:49,3,L3-009,,,T1,laptop-maulana,1,iPhone (2),22:10:bb:35:60:b7,5745,149,5.0,80,-74.0,-96.0,,,WPA2/WPA3-Personal,capable,
2026-10-09 07:53:49,3,L3-009,,,T1,laptop-maulana,1,eduroam,54:d7:e3:42:97:82,2412,1,2.4,20,-66.0,-77.0,,,WPA2/3-Enterprise,no,
2026-10-09 07:53:49,3,L3-009,,,T1,laptop-maulana,1,eduroam,c8:a6:08:8b:1e:a0,5805,161,5.0,20,-89.0,-97.0,7.0,79.2,WPA2/3-Enterprise,capable,
2026-10-09 07:53:49,3,L3-009,,,T1,laptop-maulana,1,WiFi-UB.x,c8:a6:08:8b:1e:a1,5805,161,5.0,20,-88.0,-97.0,23.0,79.2,WPA2/3-Enterprise,capable,
2026-10-09 07:53:49,3,L3-009,,,T1,laptop-maulana,1,WiFi-UB.x,54:d7:e3:45:4c:80,2437,6,2.4,20,-57.0,-77.0,,,WPA2/3-Enterprise,no,
2026-10-09 07:53:49,3,L3-009,,,T1,laptop-maulana,1,iPhone1,e6:c3:a1:2d:20:a2,5745,149,5.0,80,-76.0,-96.0,,,WPA2/WPA3-Personal,capable,
2026-10-09 07:53:49,3,L3-009,,,T1,laptop-maulana,1,Acen slebew,7e:e5:96:e6:26:7c,2462,11,2.4,20,-69.0,-77.0,,,WPA2-Personal,no,
2026-10-09 07:53:49,3,L3-009,,,T1,laptop-maulana,1,icel,42:d4:89:92:5c:5f,2437,6,2.4,20,-71.0,-77.0,,,WPA2/WPA3-Personal,capable,
2026-10-09 07:53:49,3,L3-009,,,T1,laptop-maulana,1,Q,16:ef:f3:33:ad:62,2412,1,2.4,20,-63.0,-77.0,,,WPA2-Personal,no,
2026-10-09 07:53:49,3,L3-009,,,T1,laptop-maulana,1,Recover.Me-184350,c0:c7:0a:58:43:5f,2412,1,2.4,20,-63.0,-77.0,0.0,44.3,WPA2-Personal,no,
2026-10-09 07:53:49,3,L3-009,,,T1,laptop-maulana,1,WiFi-UB.x,e8:10:98:82:0b:40,5745,149,5.0,40,-86.0,-96.0,,,WPA2/3-Enterprise,no,
2026-10-09 07:53:49,3,L3-009,,,T1,laptop-maulana,1,WiFi-UB.x,54:d7:e3:42:97:80,2412,1,2.4,20,-66.0,-77.0,,,WPA2/3-Enterprise,no,
2026-10-09 07:53:49,3,L3-009,,,T1,laptop-maulana,1,iPhone Asw,c2:99:ab:bd:f4:e6,2437,6,2.4,20,-40.0,-83.0,,,WPA2-Personal,no,
2026-10-09 07:53:55,3,L3-009,,,T1,laptop-maulana,2,Vanilish,d2:f3:16:82:51:cd,2462,11,2.4,20,-69.0,-77.0,,,WPA2-Personal,no,
2026-10-09 07:53:55,3,L3-009,,,T1,laptop-maulana,2,,80:03:84:9a:04:dc,5785,157,5.0,20,-92.0,-96.0,0.0,4.3,WPA2-Personal,no,
2026-10-09 07:53:55,3,L3-009,,,T1,laptop-maulana,2,eduroam,e8:10:98:82:0b:42,5745,149,5.0,40,-86.0,-96.0,,,WPA2/3-Enterprise,no,
2026-10-09 07:53:55,3,L3-009,,,T1,laptop-maulana,2,WiFi-FILKOM,54:d7:e3:45:4c:81,2437,6,2.4,20,-57.0,-77.0,,,WPA2/3-Enterprise,no,
2026-10-09 07:53:55,3,L3-009,,,T1,laptop-maulana,2,WiFi-FILKOM,e8:10:98:82:0b:41,5745,149,5.0,40,-87.0,-96.0,,,WPA2/3-Enterprise,no,
2026-10-09 07:53:55,3,L3-009,,,T1,laptop-maulana,2,FILKOM EVENT,54:d7:e3:42:97:83,2412,1,2.4,20,-66.0,-77.0,,,WPA2-Personal,no,
2026-10-09 07:53:55,3,L3-009,,,T1,laptop-maulana,2,eduroam,54:d7:e3:45:4c:82,2437,6,2.4,20,-57.0,-77.0,,,WPA2/3-Enterprise,no,
2026-10-09 07:53:55,3,L3-009,,,T1,laptop-maulana,2,DIRECT-WELAPTOP-VAI3VGMOmsvP,be:d2:2c:df:11:14,5785,157,5.0,20,-79.0,-96.0,,,WPA2-Personal,no,
2026-10-09 07:53:55,3,L3-009,,,T1,laptop-maulana,2,FILKOM EVENT,e8:10:98:82:0b:43,5745,149,5.0,40,-86.0,-96.0,,,WPA2-Personal,no,
2026-10-09 07:53:55,3,L3-009,,,T1,laptop-maulana,2,iwirrrr,9a:5d:37:c0:09:de,2462,11,2.4,20,-68.0,-77.0,,,WPA2-Personal,no,
2026-10-09 07:53:55,3,L3-009,,,T1,laptop-maulana,2,WiFi-FILKOM,54:d7:e3:42:97:81,2412,1,2.4,20,-66.0,-77.0,,,WPA2/3-Enterprise,no,
2026-10-09 07:53:55,3,L3-009,,,T1,laptop-maulana,2,iPhone (2),22:10:bb:35:60:b7,5745,149,5.0,80,-74.0,-96.0,,,WPA2/WPA3-Personal,capable,
2026-10-09 07:53:55,3,L3-009,,,T1,laptop-maulana,2,eduroam,54:d7:e3:42:97:82,2412,1,2.4,20,-66.0,-77.0,,,WPA2/3-Enterprise,no,
2026-10-09 07:53:55,3,L3-009,,,T1,laptop-maulana,2,eduroam,c8:a6:08:8b:1e:a0,5805,161,5.0,20,-89.0,-97.0,7.0,79.2,WPA2/3-Enterprise,capable,
2026-10-09 07:53:55,3,L3-009,,,T1,laptop-maulana,2,WiFi-UB.x,c8:a6:08:8b:1e:a1,5805,161,5.0,20,-88.0,-97.0,23.0,79.2,WPA2/3-Enterprise,capable,
2026-10-09 07:53:55,3,L3-009,,,T1,laptop-maulana,2,WiFi-UB.x,54:d7:e3:45:4c:80,2437,6,2.4,20,-57.0,-77.0,,,WPA2/3-Enterprise,no,
2026-10-09 07:53:55,3,L3-009,,,T1,laptop-maulana,2,iPhone1,e6:c3:a1:2d:20:a2,5745,149,5.0,80,-76.0,-96.0,,,WPA2/WPA3-Personal,capable,
2026-10-09 07:53:55,3,L3-009,,,T1,laptop-maulana,2,Acen slebew,7e:e5:96:e6:26:7c,2462,11,2.4,20,-69.0,-77.0,,,WPA2-Personal,no,
2026-10-09 07:53:55,3,L3-009,,,T1,laptop-maulana,2,icel,42:d4:89:92:5c:5f,2437,6,2.4,20,-71.0,-77.0,,,WPA2/WPA3-Personal,capable,
2026-10-09 07:53:55,3,L3-009,,,T1,laptop-maulana,2,Q,16:ef:f3:33:ad:62,2412,1,2.4,20,-63.0,-77.0,,,WPA2-Personal,no,
2026-10-09 07:53:55,3,L3-009,,,T1,laptop-maulana,2,Recover.Me-184350,c0:c7:0a:58:43:5f,2412,1,2.4,20,-63.0,-77.0,0.0,44.3,WPA2-Personal,no,
2026-10-09 07:53:55,3,L3-009,,,T1,laptop-maulana,2,WiFi-UB.x,e8:10:98:82:0b:40,5745,149,5.0,40,-86.0,-96.0,,,WPA2/3-Enterprise,no,
2026-10-09 07:53:55,3,L3-009,,,T1,laptop-maulana,2,WiFi-UB.x,54:d7:e3:42:97:80,2412,1,2.4,20,-66.0,-77.0,,,WPA2/3-Enterprise,no,
2026-10-09 07:53:55,3,L3-009,,,T1,laptop-maulana,2,iPhone Asw,c2:99:ab:bd:f4:e6,2437,6,2.4,20,-40.0,-83.0,,,WPA2-Personal,no,
2026-10-09 07:54:00,3,L3-009,,,T1,laptop-maulana,3,Vanilish,d2:f3:16:82:51:cd,2462,11,2.4,20,-69.0,-77.0,,,WPA2-Personal,no,
2026-10-09 07:54:00,3,L3-009,,,T1,laptop-maulana,3,eduroam,e8:10:98:82:0b:42,5745,149,5.0,40,-90.0,-99.0,,,WPA2/3-Enterprise,no,
2026-10-09 07:54:00,3,L3-009,,,T1,laptop-maulana,3,WiFi-FILKOM,54:d7:e3:45:4c:81,2437,6,2.4,20,-60.0,-82.0,,,WPA2/3-Enterprise,no,
2026-10-09 07:54:00,3,L3-009,,,T1,laptop-maulana,3,WiFi-FILKOM,e8:10:98:82:0b:41,5745,149,5.0,40,-90.0,-99.0,,,WPA2/3-Enterprise,no,
2026-10-09 07:54:00,3,L3-009,,,T1,laptop-maulana,3,FILKOM EVENT,54:d7:e3:42:97:83,2412,1,2.4,20,-66.0,-77.0,,,WPA2-Personal,no,
2026-10-09 07:54:00,3,L3-009,,,T1,laptop-maulana,3,eduroam,54:d7:e3:45:4c:82,2437,6,2.4,20,-60.0,-82.0,,,WPA2/3-Enterprise,no,
2026-10-09 07:54:00,3,L3-009,,,T1,laptop-maulana,3,DIRECT-WELAPTOP-VAI3VGMOmsvP,be:d2:2c:df:11:14,5785,157,5.0,20,-79.0,-96.0,,,WPA2-Personal,no,
2026-10-09 07:54:00,3,L3-009,,,T1,laptop-maulana,3,FILKOM EVENT,e8:10:98:82:0b:43,5745,149,5.0,40,-90.0,-99.0,,,WPA2-Personal,no,
2026-10-09 07:54:00,3,L3-009,,,T1,laptop-maulana,3,iwirrrr,9a:5d:37:c0:09:de,2462,11,2.4,20,-67.0,-82.0,,,WPA2-Personal,no,
2026-10-09 07:54:00,3,L3-009,,,T1,laptop-maulana,3,WiFi-FILKOM,54:d7:e3:42:97:81,2412,1,2.4,20,-66.0,-77.0,,,WPA2/3-Enterprise,no,
2026-10-09 07:54:00,3,L3-009,,,T1,laptop-maulana,3,iPhone (2),22:10:bb:35:60:b7,5745,149,5.0,80,-76.0,-99.0,,,WPA2/WPA3-Personal,capable,
2026-10-09 07:54:00,3,L3-009,,,T1,laptop-maulana,3,eduroam,54:d7:e3:42:97:82,2412,1,2.4,20,-66.0,-77.0,,,WPA2/3-Enterprise,no,
2026-10-09 07:54:00,3,L3-009,,,T1,laptop-maulana,3,eduroam,c8:a6:08:8b:1e:a0,5805,161,5.0,20,-89.0,-97.0,7.0,79.2,WPA2/3-Enterprise,capable,
2026-10-09 07:54:00,3,L3-009,,,T1,laptop-maulana,3,WiFi-UB.x,c8:a6:08:8b:1e:a1,5805,161,5.0,20,-88.0,-97.0,23.0,79.2,WPA2/3-Enterprise,capable,
2026-10-09 07:54:00,3,L3-009,,,T1,laptop-maulana,3,WiFi-UB.x,54:d7:e3:45:4c:80,2437,6,2.4,20,-60.0,-82.0,,,WPA2/3-Enterprise,no,
2026-10-09 07:54:00,3,L3-009,,,T1,laptop-maulana,3,FILKOM EVENT,54:d7:e3:45:4c:83,2437,6,2.4,20,-60.0,-82.0,,,WPA2-Personal,no,
2026-10-09 07:54:00,3,L3-009,,,T1,laptop-maulana,3,iPhone1,e6:c3:a1:2d:20:a2,5745,149,5.0,80,-79.0,-99.0,,,WPA2/WPA3-Personal,capable,
2026-10-09 07:54:00,3,L3-009,,,T1,laptop-maulana,3,icel,42:d4:89:92:5c:5f,2437,6,2.4,20,-71.0,-77.0,,,WPA2/WPA3-Personal,capable,
2026-10-09 07:54:00,3,L3-009,,,T1,laptop-maulana,3,Acen slebew,7e:e5:96:e6:26:7c,2462,11,2.4,20,-69.0,-77.0,,,WPA2-Personal,no,
2026-10-09 07:54:00,3,L3-009,,,T1,laptop-maulana,3,Recover.Me-184350,c0:c7:0a:58:43:5f,2412,1,2.4,20,-61.0,-82.0,0.0,41.2,WPA2-Personal,no,
2026-10-09 07:54:00,3,L3-009,,,T1,laptop-maulana,3,WiFi-UB.x,e8:10:98:82:0b:40,5745,149,5.0,40,-90.0,-99.0,,,WPA2/3-Enterprise,no,
2026-10-09 07:54:00,3,L3-009,,,T1,laptop-maulana,3,Q,16:ef:f3:33:ad:62,2412,1,2.4,20,-58.0,-82.0,,,WPA2-Personal,no,
2026-10-09 07:54:00,3,L3-009,,,T1,laptop-maulana,3,WiFi-UB.x,54:d7:e3:42:97:80,2412,1,2.4,20,-66.0,-77.0,,,WPA2/3-Enterprise,no,
2026-10-09 07:54:00,3,L3-009,,,T1,laptop-maulana,3,iPhone Asw,c2:99:ab:bd:f4:e6,2437,6,2.4,20,-45.0,-85.0,,,WPA2-Personal,no,
2026-10-09 07:56:10,3,L3-007,,,T1,laptop-maulana,1,eduroam,e8:10:98:82:0b:42,5745,149,5.0,40,-91.0,-99.0,,,WPA2/3-Enterprise,no,
2026-10-09 07:56:10,3,L3-007,,,T1,laptop-maulana,1,WiFi-FILKOM,e8:10:98:82:0b:41,5745,149,5.0,40,-91.0,-99.0,,,WPA2/3-Enterprise,no,
2026-10-09 07:56:10,3,L3-007,,,T1,laptop-maulana,1,FILKOM EVENT,54:d7:e3:42:97:83,2412,1,2.4,20,-71.0,-79.0,,,WPA2-Personal,no,
2026-10-09 07:56:10,3,L3-007,,,T1,laptop-maulana,1,eduroam,54:d7:e3:45:4c:82,2437,6,2.4,20,-42.0,-77.0,,,WPA2/3-Enterprise,no,
2026-10-09 07:56:10,3,L3-007,,,T1,laptop-maulana,1,WiFi-FILKOM,54:d7:e3:41:42:c1,2462,11,2.4,20,-74.0,-77.0,,,WPA2/3-Enterprise,no,
2026-10-09 07:56:10,3,L3-007,,,T1,laptop-maulana,1,FILKOM EVENT,e8:10:98:82:0b:43,5745,149,5.0,40,-91.0,-99.0,,,WPA2-Personal,no,
2026-10-09 07:56:10,3,L3-007,,,T1,laptop-maulana,1,,c2:99:ab:bd:f4:e6,2437,6,2.4,20,-45.0,-77.0,,,WPA2-Personal,no,
2026-10-09 07:56:10,3,L3-007,,,T1,laptop-maulana,1,iwirrrr,9a:5d:37:c0:09:de,2462,11,2.4,20,-69.0,-77.0,,,WPA2-Personal,no,
2026-10-09 07:56:10,3,L3-007,,,T1,laptop-maulana,1,WiFi-FILKOM,54:d7:e3:42:97:81,2412,1,2.4,20,-70.0,-79.0,,,WPA2/3-Enterprise,no,
2026-10-09 07:56:10,3,L3-007,,,T1,laptop-maulana,1,iPhone (2),22:10:bb:35:60:b7,5745,149,5.0,80,-73.0,-99.0,,,WPA2/WPA3-Personal,capable,
2026-10-09 07:56:10,3,L3-007,,,T1,laptop-maulana,1,eduroam,54:d7:e3:42:97:82,2412,1,2.4,20,-71.0,-79.0,,,WPA2/3-Enterprise,no,
2026-10-09 07:56:10,3,L3-007,,,T1,laptop-maulana,1,ROBOTIIK,48:22:54:15:73:b2,5785,157,5.0,80,-92.0,-99.0,,,WPA2-Personal,no,
2026-10-09 07:56:10,3,L3-007,,,T1,laptop-maulana,1,WiFi-UB.x,54:d7:e3:45:4c:80,2437,6,2.4,20,-42.0,-77.0,,,WPA2/3-Enterprise,no,
2026-10-09 07:56:10,3,L3-007,,,T1,laptop-maulana,1,FILKOM EVENT,54:d7:e3:45:4c:83,2437,6,2.4,20,-42.0,-77.0,,,WPA2-Personal,no,
2026-10-09 07:56:10,3,L3-007,,,T1,laptop-maulana,1,icel,42:d4:89:92:5c:5f,2437,6,2.4,20,-66.0,-77.0,,,WPA2/WPA3-Personal,capable,
2026-10-09 07:56:10,3,L3-007,,,T1,laptop-maulana,1,iPhone1,e6:c3:a1:2d:20:a2,5745,149,5.0,80,-82.0,-99.0,,,WPA2/WPA3-Personal,capable,
2026-10-09 07:56:10,3,L3-007,,,T1,laptop-maulana,1,Recover.Me-184350,c0:c7:0a:58:43:5f,2412,1,2.4,20,-68.0,-79.0,0.0,40.4,WPA2-Personal,no,
2026-10-09 07:56:10,3,L3-007,,,T1,laptop-maulana,1,Acen slebew,7e:e5:96:e6:26:7c,2462,11,2.4,20,-66.0,-77.0,,,WPA2-Personal,no,
2026-10-09 07:56:10,3,L3-007,,,T1,laptop-maulana,1,WiFi-UB.x,e8:10:98:82:0b:40,5745,149,5.0,40,-91.0,-99.0,,,WPA2/3-Enterprise,no,
2026-10-09 07:56:10,3,L3-007,,,T1,laptop-maulana,1,Q,16:ef:f3:33:ad:62,2412,1,2.4,20,-63.0,-79.0,,,WPA2-Personal,no,
2026-10-09 07:56:10,3,L3-007,,,T1,laptop-maulana,1,WiFi-UB.x,54:d7:e3:42:97:80,2412,1,2.4,20,-70.0,-79.0,,,WPA2/3-Enterprise,no,
2026-10-09 07:56:10,3,L3-007,,,T1,laptop-maulana,1,iPhone Asw,c2:99:ab:bd:f4:e6,2437,6,2.4,20,-44.0,-86.0,,,WPA2-Personal,no,
2026-10-09 07:56:16,3,L3-007,,,T1,laptop-maulana,2,WiFi-UB.x,54:d7:e3:42:97:80,2412,1,2.4,20,-70.0,-79.0,,,WPA2/3-Enterprise,no,
2026-10-09 07:56:16,3,L3-007,,,T1,laptop-maulana,2,Vanilish,d2:f3:16:82:51:cd,2462,11,2.4,20,-72.0,-80.0,,,WPA2-Personal,no,
2026-10-09 07:56:16,3,L3-007,,,T1,laptop-maulana,2,eduroam,e8:10:98:82:0b:42,5745,149,5.0,40,-91.0,-99.0,,,WPA2/3-Enterprise,no,
2026-10-09 07:56:16,3,L3-007,,,T1,laptop-maulana,2,WiFi-FILKOM,e8:10:98:82:0b:41,5745,149,5.0,40,-91.0,-99.0,,,WPA2/3-Enterprise,no,
2026-10-09 07:56:16,3,L3-007,,,T1,laptop-maulana,2,FILKOM EVENT,54:d7:e3:42:97:83,2412,1,2.4,20,-71.0,-80.0,,,WPA2-Personal,no,
2026-10-09 07:56:16,3,L3-007,,,T1,laptop-maulana,2,eduroam,54:d7:e3:45:4c:82,2437,6,2.4,20,-42.0,-77.0,,,WPA2/3-Enterprise,no,
2026-10-09 07:56:16,3,L3-007,,,T1,laptop-maulana,2,WiFi-FILKOM,54:d7:e3:41:42:c1,2462,11,2.4,20,-74.0,-77.0,,,WPA2/3-Enterprise,no,
2026-10-09 07:56:16,3,L3-007,,,T1,laptop-maulana,2,FILKOM EVENT,e8:10:98:82:0b:43,5745,149,5.0,40,-91.0,-99.0,,,WPA2-Personal,no,
2026-10-09 07:56:16,3,L3-007,,,T1,laptop-maulana,2,iwirrrr,9a:5d:37:c0:09:de,2462,11,2.4,20,-69.0,-77.0,,,WPA2-Personal,no,
2026-10-09 07:56:16,3,L3-007,,,T1,laptop-maulana,2,WiFi-FILKOM,54:d7:e3:42:97:81,2412,1,2.4,20,-70.0,-80.0,,,WPA2/3-Enterprise,no,
2026-10-09 07:56:16,3,L3-007,,,T1,laptop-maulana,2,iPhone (2),22:10:bb:35:60:b7,5745,149,5.0,80,-73.0,-99.0,,,WPA2/WPA3-Personal,capable,
2026-10-09 07:56:16,3,L3-007,,,T1,laptop-maulana,2,eduroam,54:d7:e3:42:97:82,2412,1,2.4,20,-70.0,-80.0,,,WPA2/3-Enterprise,no,
2026-10-09 07:56:16,3,L3-007,,,T1,laptop-maulana,2,ROBOTIIK,48:22:54:15:73:b2,5785,157,5.0,80,-92.0,-99.0,,,WPA2-Personal,no,
2026-10-09 07:56:16,3,L3-007,,,T1,laptop-maulana,2,WiFi-UB.x,54:d7:e3:45:4c:80,2437,6,2.4,20,-42.0,-77.0,,,WPA2/3-Enterprise,no,
2026-10-09 07:56:16,3,L3-007,,,T1,laptop-maulana,2,FILKOM EVENT,54:d7:e3:45:4c:83,2437,6,2.4,20,-42.0,-77.0,,,WPA2-Personal,no,
2026-10-09 07:56:16,3,L3-007,,,T1,laptop-maulana,2,icel,42:d4:89:92:5c:5f,2437,6,2.4,20,-70.0,-80.0,,,WPA2/WPA3-Personal,capable,
2026-10-09 07:56:16,3,L3-007,,,T1,laptop-maulana,2,iPhone1,e6:c3:a1:2d:20:a2,5745,149,5.0,80,-82.0,-99.0,,,WPA2/WPA3-Personal,capable,
2026-10-09 07:56:16,3,L3-007,,,T1,laptop-maulana,2,,4a:22:54:75:73:b0,5785,157,5.0,80,-91.0,-99.0,,,WPA2-Personal,no,
2026-10-09 07:56:16,3,L3-007,,,T1,laptop-maulana,2,Recover.Me-184350,c0:c7:0a:58:43:5f,2412,1,2.4,20,-68.0,-80.0,0.0,43.9,WPA2-Personal,no,
2026-10-09 07:56:16,3,L3-007,,,T1,laptop-maulana,2,Acen slebew,7e:e5:96:e6:26:7c,2462,11,2.4,20,-74.0,-80.0,,,WPA2-Personal,no,
2026-10-09 07:56:16,3,L3-007,,,T1,laptop-maulana,2,WiFi-UB.x,e8:10:98:82:0b:40,5745,149,5.0,40,-91.0,-99.0,,,WPA2/3-Enterprise,no,
2026-10-09 07:56:16,3,L3-007,,,T1,laptop-maulana,2,Q,16:ef:f3:33:ad:62,2412,1,2.4,20,-63.0,-79.0,,,WPA2-Personal,no,
2026-10-09 07:56:16,3,L3-007,,,T1,laptop-maulana,2,iPhone Asw,c2:99:ab:bd:f4:e6,2437,6,2.4,20,-42.0,-83.0,,,WPA2-Personal,no,
2026-10-09 07:56:21,3,L3-007,,,T1,laptop-maulana,3,Vanilish,d2:f3:16:82:51:cd,2462,11,2.4,20,-72.0,-80.0,,,WPA2-Personal,no,
2026-10-09 07:56:21,3,L3-007,,,T1,laptop-maulana,3,eduroam,e8:10:98:82:0b:42,5745,149,5.0,40,-91.0,-99.0,,,WPA2/3-Enterprise,no,
2026-10-09 07:56:21,3,L3-007,,,T1,laptop-maulana,3,WiFi-FILKOM,e8:10:98:82:0b:41,5745,149,5.0,40,-91.0,-99.0,,,WPA2/3-Enterprise,no,
2026-10-09 07:56:21,3,L3-007,,,T1,laptop-maulana,3,FILKOM EVENT,54:d7:e3:42:97:83,2412,1,2.4,20,-71.0,-80.0,,,WPA2-Personal,no,
2026-10-09 07:56:21,3,L3-007,,,T1,laptop-maulana,3,eduroam,54:d7:e3:45:4c:82,2437,6,2.4,20,-42.0,-77.0,,,WPA2/3-Enterprise,no,
2026-10-09 07:56:21,3,L3-007,,,T1,laptop-maulana,3,DIRECT-WELAPTOP-VAI3VGMOmsvP,be:d2:2c:df:11:14,5785,157,5.0,20,-90.0,-100.0,,,WPA2-Personal,no,
2026-10-09 07:56:21,3,L3-007,,,T1,laptop-maulana,3,WiFi-FILKOM,54:d7:e3:41:42:c1,2462,11,2.4,20,-74.0,-77.0,,,WPA2/3-Enterprise,no,
2026-10-09 07:56:21,3,L3-007,,,T1,laptop-maulana,3,FILKOM EVENT,e8:10:98:82:0b:43,5745,149,5.0,40,-91.0,-99.0,,,WPA2-Personal,no,
2026-10-09 07:56:21,3,L3-007,,,T1,laptop-maulana,3,,c2:99:ab:bd:f4:e6,2437,6,2.4,20,-45.0,-77.0,,,WPA2-Personal,no,
2026-10-09 07:56:21,3,L3-007,,,T1,laptop-maulana,3,iwirrrr,9a:5d:37:c0:09:de,2462,11,2.4,20,-69.0,-77.0,,,WPA2-Personal,no,
2026-10-09 07:56:21,3,L3-007,,,T1,laptop-maulana,3,WiFi-FILKOM,54:d7:e3:42:97:81,2412,1,2.4,20,-70.0,-80.0,,,WPA2/3-Enterprise,no,
2026-10-09 07:56:21,3,L3-007,,,T1,laptop-maulana,3,iPhone (2),22:10:bb:35:60:b7,5745,149,5.0,80,-83.0,-100.0,,,WPA2/WPA3-Personal,capable,
2026-10-09 07:56:21,3,L3-007,,,T1,laptop-maulana,3,eduroam,54:d7:e3:42:97:82,2412,1,2.4,20,-70.0,-80.0,,,WPA2/3-Enterprise,no,
2026-10-09 07:56:21,3,L3-007,,,T1,laptop-maulana,3,ROBOTIIK,48:22:54:15:73:b2,5785,157,5.0,80,-92.0,-99.0,,,WPA2-Personal,no,
2026-10-09 07:56:21,3,L3-007,,,T1,laptop-maulana,3,WiFi-UB.x,54:d7:e3:45:4c:80,2437,6,2.4,20,-42.0,-77.0,,,WPA2/3-Enterprise,no,
2026-10-09 07:56:21,3,L3-007,,,T1,laptop-maulana,3,FILKOM EVENT,54:d7:e3:45:4c:83,2437,6,2.4,20,-42.0,-77.0,,,WPA2-Personal,no,
2026-10-09 07:56:21,3,L3-007,,,T1,laptop-maulana,3,icel,42:d4:89:92:5c:5f,2437,6,2.4,20,-70.0,-80.0,,,WPA2/WPA3-Personal,capable,
2026-10-09 07:56:21,3,L3-007,,,T1,laptop-maulana,3,iPhone1,e6:c3:a1:2d:20:a2,5745,149,5.0,80,-83.0,-100.0,,,WPA2/WPA3-Personal,capable,
2026-10-09 07:56:21,3,L3-007,,,T1,laptop-maulana,3,Recover.Me-184350,c0:c7:0a:58:43:5f,2412,1,2.4,20,-68.0,-80.0,0.0,43.9,WPA2-Personal,no,
2026-10-09 07:56:21,3,L3-007,,,T1,laptop-maulana,3,Acen slebew,7e:e5:96:e6:26:7c,2462,11,2.4,20,-74.0,-80.0,,,WPA2-Personal,no,
2026-10-09 07:56:21,3,L3-007,,,T1,laptop-maulana,3,WiFi-UB.x,e8:10:98:82:0b:40,5745,149,5.0,40,-91.0,-99.0,,,WPA2/3-Enterprise,no,
2026-10-09 07:56:21,3,L3-007,,,T1,laptop-maulana,3,Q,16:ef:f3:33:ad:62,2412,1,2.4,20,-63.0,-79.0,,,WPA2-Personal,no,
2026-10-09 07:56:21,3,L3-007,,,T1,laptop-maulana,3,WiFi-UB.x,54:d7:e3:42:97:80,2412,1,2.4,20,-70.0,-79.0,,,WPA2/3-Enterprise,no,
2026-10-09 07:56:21,3,L3-007,,,T1,laptop-maulana,3,iPhone Asw,c2:99:ab:bd:f4:e6,2437,6,2.4,20,-42.0,-83.0,,,WPA2-Personal,no,
2026-10-09 07:57:00,3,L3-008,,,T1,laptop-maulana,1,iPhone (2),22:10:bb:35:60:b7,5745,149,5.0,80,-73.0,-100.0,,,WPA2/WPA3-Personal,capable,
2026-10-09 07:57:00,3,L3-008,,,T1,laptop-maulana,1,iwirrrr,9a:5d:37:c0:09:de,2462,11,2.4,20,-69.0,-78.0,,,WPA2-Personal,no,
2026-10-09 07:57:00,3,L3-008,,,T1,laptop-maulana,1,Vanilish,d2:f3:16:82:51:cd,2462,11,2.4,20,-69.0,-78.0,,,WPA2-Personal,no,
2026-10-09 07:57:00,3,L3-008,,,T1,laptop-maulana,1,eduroam,e8:10:98:82:0b:42,5745,149,5.0,40,-89.0,-100.0,,,WPA2/3-Enterprise,no,
2026-10-09 07:57:00,3,L3-008,,,T1,laptop-maulana,1,WiFi-FILKOM,e8:10:98:82:0b:41,5745,149,5.0,40,-90.0,-100.0,,,WPA2/3-Enterprise,no,
2026-10-09 07:57:00,3,L3-008,,,T1,laptop-maulana,1,eduroam,c8:a6:08:8b:1e:a0,5805,161,5.0,20,-87.0,-100.0,7.0,79.2,WPA2/3-Enterprise,capable,
2026-10-09 07:57:00,3,L3-008,,,T1,laptop-maulana,1,iPhone1,e6:c3:a1:2d:20:a2,5745,149,5.0,80,-88.0,-100.0,,,WPA2/WPA3-Personal,capable,
2026-10-09 07:57:00,3,L3-008,,,T1,laptop-maulana,1,DIRECT-WELAPTOP-VAI3VGMOmsvP,be:d2:2c:df:11:14,5785,157,5.0,20,-85.0,-100.0,,,WPA2-Personal,no,
2026-10-09 07:57:00,3,L3-008,,,T1,laptop-maulana,1,Recover.Me-184350,c0:c7:0a:58:43:5f,2412,1,2.4,20,-64.0,-78.0,0.0,51.4,WPA2-Personal,no,
2026-10-09 07:57:00,3,L3-008,,,T1,laptop-maulana,1,WiFi-UB.x,e8:10:98:82:0b:40,5745,149,5.0,40,-89.0,-100.0,,,WPA2/3-Enterprise,no,
2026-10-09 07:57:00,3,L3-008,,,T1,laptop-maulana,1,Acen slebew,7e:e5:96:e6:26:7c,2462,11,2.4,20,-72.0,-78.0,,,WPA2-Personal,no,
2026-10-09 07:57:00,3,L3-008,,,T1,laptop-maulana,1,iPhone Asw,c2:99:ab:bd:f4:e6,2437,6,2.4,20,-43.0,-80.0,,,WPA2-Personal,no,
2026-10-09 07:57:00,3,L3-008,,,T1,laptop-maulana,1,FILKOM EVENT,e8:10:98:82:0b:43,5745,149,5.0,40,-89.0,-100.0,,,WPA2-Personal,no,
2026-10-09 07:57:00,3,L3-008,,,T1,laptop-maulana,1,WiFi-UB.x,c8:a6:08:8b:1e:a1,5805,161,5.0,20,-87.0,-100.0,22.0,79.2,WPA2/3-Enterprise,capable,
2026-10-09 07:57:00,3,L3-008,,,T1,laptop-maulana,1,Q,16:ef:f3:33:ad:62,2412,1,2.4,20,-68.0,-78.0,,,WPA2-Personal,no,
2026-10-09 07:57:06,3,L3-008,,,T1,laptop-maulana,2,iPhone (2),22:10:bb:35:60:b7,5745,149,5.0,80,-73.0,-100.0,,,WPA2/WPA3-Personal,capable,
2026-10-09 07:57:06,3,L3-008,,,T1,laptop-maulana,2,iwirrrr,9a:5d:37:c0:09:de,2462,11,2.4,20,-69.0,-78.0,,,WPA2-Personal,no,
2026-10-09 07:57:06,3,L3-008,,,T1,laptop-maulana,2,Vanilish,d2:f3:16:82:51:cd,2462,11,2.4,20,-69.0,-78.0,,,WPA2-Personal,no,
2026-10-09 07:57:06,3,L3-008,,,T1,laptop-maulana,2,eduroam,e8:10:98:82:0b:42,5745,149,5.0,40,-89.0,-100.0,,,WPA2/3-Enterprise,no,
2026-10-09 07:57:06,3,L3-008,,,T1,laptop-maulana,2,WiFi-FILKOM,e8:10:98:82:0b:41,5745,149,5.0,40,-90.0,-100.0,,,WPA2/3-Enterprise,no,
2026-10-09 07:57:06,3,L3-008,,,T1,laptop-maulana,2,eduroam,c8:a6:08:8b:1e:a0,5805,161,5.0,20,-87.0,-100.0,7.0,79.2,WPA2/3-Enterprise,capable,
2026-10-09 07:57:06,3,L3-008,,,T1,laptop-maulana,2,iPhone1,e6:c3:a1:2d:20:a2,5745,149,5.0,80,-88.0,-100.0,,,WPA2/WPA3-Personal,capable,
2026-10-09 07:57:06,3,L3-008,,,T1,laptop-maulana,2,DIRECT-WELAPTOP-VAI3VGMOmsvP,be:d2:2c:df:11:14,5785,157,5.0,20,-85.0,-100.0,,,WPA2-Personal,no,
2026-10-09 07:57:06,3,L3-008,,,T1,laptop-maulana,2,Recover.Me-184350,c0:c7:0a:58:43:5f,2412,1,2.4,20,-64.0,-78.0,0.0,51.4,WPA2-Personal,no,
2026-10-09 07:57:06,3,L3-008,,,T1,laptop-maulana,2,WiFi-UB.x,e8:10:98:82:0b:40,5745,149,5.0,40,-89.0,-100.0,,,WPA2/3-Enterprise,no,
2026-10-09 07:57:06,3,L3-008,,,T1,laptop-maulana,2,Acen slebew,7e:e5:96:e6:26:7c,2462,11,2.4,20,-72.0,-78.0,,,WPA2-Personal,no,
2026-10-09 07:57:06,3,L3-008,,,T1,laptop-maulana,2,iPhone Asw,c2:99:ab:bd:f4:e6,2437,6,2.4,20,-43.0,-80.0,,,WPA2-Personal,no,
2026-10-09 07:57:06,3,L3-008,,,T1,laptop-maulana,2,FILKOM EVENT,e8:10:98:82:0b:43,5745,149,5.0,40,-89.0,-100.0,,,WPA2-Personal,no,
2026-10-09 07:57:06,3,L3-008,,,T1,laptop-maulana,2,WiFi-UB.x,c8:a6:08:8b:1e:a1,5805,161,5.0,20,-87.0,-100.0,22.0,79.2,WPA2/3-Enterprise,capable,
2026-10-09 07:57:06,3,L3-008,,,T1,laptop-maulana,2,Q,16:ef:f3:33:ad:62,2412,1,2.4,20,-68.0,-78.0,,,WPA2-Personal,no,
2026-10-09 07:57:12,3,L3-008,,,T1,laptop-maulana,3,Vanilish,d2:f3:16:82:51:cd,2462,11,2.4,20,-69.0,-73.0,,,WPA2-Personal,no,
2026-10-09 07:57:12,3,L3-008,,,T1,laptop-maulana,3,eduroam,e8:10:98:82:0b:42,5745,149,5.0,40,-89.0,-100.0,,,WPA2/3-Enterprise,no,
2026-10-09 07:57:12,3,L3-008,,,T1,laptop-maulana,3,WiFi-FILKOM,54:d7:e3:45:4c:81,2437,6,2.4,20,-52.0,-75.0,,,WPA2/3-Enterprise,no,
2026-10-09 07:57:12,3,L3-008,,,T1,laptop-maulana,3,WiFi-FILKOM,e8:10:98:82:0b:41,5745,149,5.0,40,-89.0,-100.0,,,WPA2/3-Enterprise,no,
2026-10-09 07:57:12,3,L3-008,,,T1,laptop-maulana,3,DIRECT-WELAPTOP-VAI3VGMOmsvP,be:d2:2c:df:11:14,5785,157,5.0,20,-85.0,-100.0,,,WPA2-Personal,no,
2026-10-09 07:57:12,3,L3-008,,,T1,laptop-maulana,3,FILKOM EVENT,e8:10:98:82:0b:43,5745,149,5.0,40,-89.0,-100.0,,,WPA2-Personal,no,
2026-10-09 07:57:12,3,L3-008,,,T1,laptop-maulana,3,iwirrrr,9a:5d:37:c0:09:de,2462,11,2.4,20,-69.0,-78.0,,,WPA2-Personal,no,
2026-10-09 07:57:12,3,L3-008,,,T1,laptop-maulana,3,WiFi-FILKOM,54:d7:e3:42:97:81,2412,1,2.4,20,-70.0,-73.0,,,WPA2/3-Enterprise,no,
2026-10-09 07:57:12,3,L3-008,,,T1,laptop-maulana,3,iPhone (2),22:10:bb:35:60:b7,5745,149,5.0,80,-79.0,-100.0,,,WPA2/WPA3-Personal,capable,
2026-10-09 07:57:12,3,L3-008,,,T1,laptop-maulana,3,eduroam,54:d7:e3:42:97:82,2412,1,2.4,20,-71.0,-73.0,,,WPA2/3-Enterprise,no,
2026-10-09 07:57:12,3,L3-008,,,T1,laptop-maulana,3,eduroam,00:e6:3a:10:ea:ac,5765,153,5.0,20,-92.0,-99.0,0.0,11.8,WPA2/3-Enterprise,capable,
2026-10-09 07:57:12,3,L3-008,,,T1,laptop-maulana,3,eduroam,c8:a6:08:8b:1e:a0,5805,161,5.0,20,-84.0,-100.0,7.0,78.8,WPA2/3-Enterprise,capable,
2026-10-09 07:57:12,3,L3-008,,,T1,laptop-maulana,3,WiFi-UB.x,c8:a6:08:8b:1e:a1,5805,161,5.0,20,-83.0,-100.0,22.0,78.8,WPA2/3-Enterprise,capable,
2026-10-09 07:57:12,3,L3-008,,,T1,laptop-maulana,3,WiFi-UB.x,54:d7:e3:45:4c:80,2437,6,2.4,20,-52.0,-75.0,,,WPA2/3-Enterprise,no,
2026-10-09 07:57:12,3,L3-008,,,T1,laptop-maulana,3,FILKOM EVENT,54:d7:e3:45:4c:83,2437,6,2.4,20,-52.0,-75.0,,,WPA2-Personal,no,
2026-10-09 07:57:12,3,L3-008,,,T1,laptop-maulana,3,iPhone1,e6:c3:a1:2d:20:a2,5745,149,5.0,80,-86.0,-100.0,,,WPA2/WPA3-Personal,capable,
2026-10-09 07:57:12,3,L3-008,,,T1,laptop-maulana,3,icel,42:d4:89:92:5c:5f,2437,6,2.4,20,-66.0,-75.0,,,WPA2/WPA3-Personal,capable,
2026-10-09 07:57:12,3,L3-008,,,T1,laptop-maulana,3,Acen slebew,7e:e5:96:e6:26:7c,2462,11,2.4,20,-72.0,-78.0,,,WPA2-Personal,no,
2026-10-09 07:57:12,3,L3-008,,,T1,laptop-maulana,3,Recover.Me-184350,c0:c7:0a:58:43:5f,2412,1,2.4,20,-68.0,-73.0,0.0,46.3,WPA2-Personal,no,
2026-10-09 07:57:12,3,L3-008,,,T1,laptop-maulana,3,WiFi-UB.x,e8:10:98:82:0b:40,5745,149,5.0,40,-89.0,-100.0,,,WPA2/3-Enterprise,no,
2026-10-09 07:57:12,3,L3-008,,,T1,laptop-maulana,3,Q,16:ef:f3:33:ad:62,2412,1,2.4,20,-64.0,-73.0,,,WPA2-Personal,no,
2026-10-09 07:57:12,3,L3-008,,,T1,laptop-maulana,3,FILKOM EVENT,c8:a6:08:8b:1e:a2,5805,161,5.0,20,-85.0,-100.0,10.0,78.8,WPA2-Personal,capable,
2026-10-09 07:57:12,3,L3-008,,,T1,laptop-maulana,3,WiFi-UB.x,54:d7:e3:42:97:80,2412,1,2.4,20,-71.0,-73.0,,,WPA2/3-Enterprise,no,
2026-10-09 07:57:12,3,L3-008,,,T1,laptop-maulana,3,iPhone Asw,c2:99:ab:bd:f4:e6,2437,6,2.4,20,-40.0,-76.0,,,WPA2-Personal,no,
2026-10-09 07:58:32,3,L3-006,,,T1,laptop-maulana,1,eduroam,e8:10:98:82:05:a2,5785,157,5.0,40,-77.0,-99.0,,,WPA2/3-Enterprise,no,
2026-10-09 07:58:32,3,L3-006,,,T1,laptop-maulana,1,Vanilish,d2:f3:16:82:51:cd,2462,11,2.4,20,-64.0,-83.0,,,WPA2-Personal,no,
2026-10-09 07:58:32,3,L3-006,,,T1,laptop-maulana,1,eduroam,e8:10:98:82:0b:42,5745,149,5.0,40,-77.0,-99.0,,,WPA2/3-Enterprise,no,
2026-10-09 07:58:32,3,L3-006,,,T1,laptop-maulana,1,FILKOM EVENT,54:d7:e3:42:97:83,2412,1,2.4,20,-62.0,-83.0,,,WPA2-Personal,no,
2026-10-09 07:58:32,3,L3-006,,,T1,laptop-maulana,1,WiFi-FILKOM,e8:10:98:82:0b:41,5745,149,5.0,40,-77.0,-99.0,,,WPA2/3-Enterprise,no,
2026-10-09 07:58:32,3,L3-006,,,T1,laptop-maulana,1,DIRECT-WELAPTOP-VAI3VGMOmsvP,be:d2:2c:df:11:14,5785,157,5.0,20,-67.0,-99.0,,,WPA2-Personal,no,
2026-10-09 07:58:32,3,L3-006,,,T1,laptop-maulana,1,WiFi-FILKOM,54:d7:e3:41:42:c1,2462,11,2.4,20,-66.0,-83.0,,,WPA2/3-Enterprise,no,
2026-10-09 07:58:32,3,L3-006,,,T1,laptop-maulana,1,iwirrrr,9a:5d:37:c0:09:de,2462,11,2.4,20,-68.0,-83.0,,,WPA2-Personal,no,
2026-10-09 07:58:32,3,L3-006,,,T1,laptop-maulana,1,Samsung S25 Ultra,e2:82:61:7d:8d:ae,5745,149,5.0,80,-91.0,-99.0,,,WPA2/WPA3-Personal,capable,
2026-10-09 07:58:32,3,L3-006,,,T1,laptop-maulana,1,iPhone (2),22:10:bb:35:60:b7,5745,149,5.0,80,-69.0,-99.0,,,WPA2/WPA3-Personal,capable,
2026-10-09 07:58:32,3,L3-006,,,T1,laptop-maulana,1,WiFi-FILKOM,54:d7:e3:42:97:81,2412,1,2.4,20,-62.0,-83.0,,,WPA2/3-Enterprise,no,
2026-10-09 07:58:32,3,L3-006,,,T1,laptop-maulana,1,WiFi-UB.x,54:d7:e3:41:42:c0,2462,11,2.4,20,-66.0,-83.0,,,WPA2/3-Enterprise,no,
2026-10-09 07:58:32,3,L3-006,,,T1,laptop-maulana,1,WiFi-FILKOM,e8:10:98:82:05:a1,5785,157,5.0,40,-77.0,-99.0,,,WPA2/3-Enterprise,no,
2026-10-09 07:58:32,3,L3-006,,,T1,laptop-maulana,1,eduroam,54:d7:e3:42:97:82,2412,1,2.4,20,-62.0,-83.0,,,WPA2/3-Enterprise,no,
2026-10-09 07:58:32,3,L3-006,,,T1,laptop-maulana,1,FILKOM EVENT,e8:10:98:82:05:a3,5785,157,5.0,40,-77.0,-99.0,,,WPA2-Personal,no,
2026-10-09 07:58:32,3,L3-006,,,T1,laptop-maulana,1,Acen slebew,7e:e5:96:e6:26:7c,2462,11,2.4,20,-58.0,-83.0,,,WPA2-Personal,no,
2026-10-09 07:58:32,3,L3-006,,,T1,laptop-maulana,1,iPhone1,e6:c3:a1:2d:20:a2,5745,149,5.0,80,-77.0,-99.0,,,WPA2/WPA3-Personal,capable,
2026-10-09 07:58:32,3,L3-006,,,T1,laptop-maulana,1,icel,42:d4:89:92:5c:5f,2437,6,2.4,20,-69.0,-82.0,,,WPA2/WPA3-Personal,capable,
2026-10-09 07:58:32,3,L3-006,,,T1,laptop-maulana,1,Q,16:ef:f3:33:ad:62,2412,1,2.4,20,-54.0,-83.0,,,WPA2-Personal,no,
2026-10-09 07:58:32,3,L3-006,,,T1,laptop-maulana,1,Recover.Me-184350,c0:c7:0a:58:43:5f,2412,1,2.4,20,-46.0,-83.0,0.0,46.7,WPA2-Personal,no,
2026-10-09 07:58:32,3,L3-006,,,T1,laptop-maulana,1,WiFi-UB.x,e8:10:98:82:0b:40,5745,149,5.0,40,-77.0,-99.0,,,WPA2/3-Enterprise,no,
2026-10-09 07:58:32,3,L3-006,,,T1,laptop-maulana,1,WiFi-UB.x,e8:10:98:82:05:a0,5785,157,5.0,40,-77.0,-99.0,,,WPA2/3-Enterprise,no,
2026-10-09 07:58:32,3,L3-006,,,T1,laptop-maulana,1,WiFi-UB.x,54:d7:e3:42:97:80,2412,1,2.4,20,-62.0,-83.0,,,WPA2/3-Enterprise,no,
2026-10-09 07:58:32,3,L3-006,,,T1,laptop-maulana,1,iPhone Asw,c2:99:ab:bd:f4:e6,2437,6,2.4,20,-44.0,-85.0,,,WPA2-Personal,no,
2026-10-09 07:58:38,3,L3-006,,,T1,laptop-maulana,2,eduroam,e8:10:98:82:05:a2,5785,157,5.0,40,-77.0,-99.0,,,WPA2/3-Enterprise,no,
2026-10-09 07:58:38,3,L3-006,,,T1,laptop-maulana,2,Vanilish,d2:f3:16:82:51:cd,2462,11,2.4,20,-64.0,-83.0,,,WPA2-Personal,no,
2026-10-09 07:58:38,3,L3-006,,,T1,laptop-maulana,2,eduroam,e8:10:98:82:0b:42,5745,149,5.0,40,-77.0,-99.0,,,WPA2/3-Enterprise,no,
2026-10-09 07:58:38,3,L3-006,,,T1,laptop-maulana,2,WiFi-FILKOM,e8:10:98:82:0b:41,5745,149,5.0,40,-77.0,-99.0,,,WPA2/3-Enterprise,no,
2026-10-09 07:58:38,3,L3-006,,,T1,laptop-maulana,2,FILKOM EVENT,54:d7:e3:42:97:83,2412,1,2.4,20,-62.0,-83.0,,,WPA2-Personal,no,
2026-10-09 07:58:38,3,L3-006,,,T1,laptop-maulana,2,DIRECT-WELAPTOP-VAI3VGMOmsvP,be:d2:2c:df:11:14,5785,157,5.0,20,-67.0,-99.0,,,WPA2-Personal,no,
2026-10-09 07:58:38,3,L3-006,,,T1,laptop-maulana,2,WiFi-FILKOM,54:d7:e3:41:42:c1,2462,11,2.4,20,-66.0,-83.0,,,WPA2/3-Enterprise,no,
2026-10-09 07:58:38,3,L3-006,,,T1,laptop-maulana,2,,c2:99:ab:bd:f4:e6,2437,6,2.4,20,-44.0,-82.0,,,WPA2-Personal,no,
2026-10-09 07:58:38,3,L3-006,,,T1,laptop-maulana,2,iwirrrr,9a:5d:37:c0:09:de,2462,11,2.4,20,-68.0,-83.0,,,WPA2-Personal,no,
2026-10-09 07:58:38,3,L3-006,,,T1,laptop-maulana,2,Samsung S25 Ultra,e2:82:61:7d:8d:ae,5745,149,5.0,80,-91.0,-99.0,,,WPA2/WPA3-Personal,capable,
2026-10-09 07:58:38,3,L3-006,,,T1,laptop-maulana,2,iPhone (2),22:10:bb:35:60:b7,5745,149,5.0,80,-69.0,-99.0,,,WPA2/WPA3-Personal,capable,
2026-10-09 07:58:38,3,L3-006,,,T1,laptop-maulana,2,WiFi-FILKOM,54:d7:e3:42:97:81,2412,1,2.4,20,-62.0,-83.0,,,WPA2/3-Enterprise,no,
2026-10-09 07:58:38,3,L3-006,,,T1,laptop-maulana,2,WiFi-UB.x,54:d7:e3:41:42:c0,2462,11,2.4,20,-66.0,-83.0,,,WPA2/3-Enterprise,no,
2026-10-09 07:58:38,3,L3-006,,,T1,laptop-maulana,2,eduroam,54:d7:e3:42:97:82,2412,1,2.4,20,-62.0,-83.0,,,WPA2/3-Enterprise,no,
2026-10-09 07:58:38,3,L3-006,,,T1,laptop-maulana,2,WiFi-FILKOM,e8:10:98:82:05:a1,5785,157,5.0,40,-77.0,-99.0,,,WPA2/3-Enterprise,no,
2026-10-09 07:58:38,3,L3-006,,,T1,laptop-maulana,2,FILKOM EVENT,e8:10:98:82:05:a3,5785,157,5.0,40,-77.0,-99.0,,,WPA2-Personal,no,
2026-10-09 07:58:38,3,L3-006,,,T1,laptop-maulana,2,Acen slebew,7e:e5:96:e6:26:7c,2462,11,2.4,20,-58.0,-83.0,,,WPA2-Personal,no,
2026-10-09 07:58:38,3,L3-006,,,T1,laptop-maulana,2,iPhone1,e6:c3:a1:2d:20:a2,5745,149,5.0,80,-77.0,-99.0,,,WPA2/WPA3-Personal,capable,
2026-10-09 07:58:38,3,L3-006,,,T1,laptop-maulana,2,icel,42:d4:89:92:5c:5f,2437,6,2.4,20,-69.0,-82.0,,,WPA2/WPA3-Personal,capable,
2026-10-09 07:58:38,3,L3-006,,,T1,laptop-maulana,2,Q,16:ef:f3:33:ad:62,2412,1,2.4,20,-54.0,-83.0,,,WPA2-Personal,no,
2026-10-09 07:58:38,3,L3-006,,,T1,laptop-maulana,2,Recover.Me-184350,c0:c7:0a:58:43:5f,2412,1,2.4,20,-46.0,-83.0,0.0,46.7,WPA2-Personal,no,
2026-10-09 07:58:38,3,L3-006,,,T1,laptop-maulana,2,WiFi-UB.x,e8:10:98:82:0b:40,5745,149,5.0,40,-77.0,-99.0,,,WPA2/3-Enterprise,no,
2026-10-09 07:58:38,3,L3-006,,,T1,laptop-maulana,2,WiFi-UB.x,e8:10:98:82:05:a0,5785,157,5.0,40,-77.0,-99.0,,,WPA2/3-Enterprise,no,
2026-10-09 07:58:38,3,L3-006,,,T1,laptop-maulana,2,WiFi-UB.x,54:d7:e3:42:97:80,2412,1,2.4,20,-62.0,-83.0,,,WPA2/3-Enterprise,no,
2026-10-09 07:58:38,3,L3-006,,,T1,laptop-maulana,2,iPhone Asw,c2:99:ab:bd:f4:e6,2437,6,2.4,20,-44.0,-85.0,,,WPA2-Personal,no,
2026-10-09 07:58:43,3,L3-006,,,T1,laptop-maulana,3,eduroam,e8:10:98:82:05:a2,5785,157,5.0,40,-77.0,-99.0,,,WPA2/3-Enterprise,no,
2026-10-09 07:58:43,3,L3-006,,,T1,laptop-maulana,3,Vanilish,d2:f3:16:82:51:cd,2462,11,2.4,20,-59.0,-81.0,,,WPA2-Personal,no,
2026-10-09 07:58:43,3,L3-006,,,T1,laptop-maulana,3,iqoo Z9 ,8a:3f:0f:53:ce:1e,2437,6,2.4,20,-61.0,-79.0,,,WPA2-Personal,no,
2026-10-09 07:58:43,3,L3-006,,,T1,laptop-maulana,3,eduroam,e8:10:98:82:0b:42,5745,149,5.0,40,-81.0,-99.0,,,WPA2/3-Enterprise,no,
2026-10-09 07:58:43,3,L3-006,,,T1,laptop-maulana,3,eduroam,ec:bd:1d:af:f6:7d,5745,149,5.0,20,-88.0,-99.0,1.0,0.8,WPA2/3-Enterprise,capable,
2026-10-09 07:58:43,3,L3-006,,,T1,laptop-maulana,3,FILKOM EVENT,54:d7:e3:42:97:83,2412,1,2.4,20,-64.0,-79.0,,,WPA2-Personal,no,
2026-10-09 07:58:43,3,L3-006,,,T1,laptop-maulana,3,WiFi-FILKOM,e8:10:98:82:0b:41,5745,149,5.0,40,-81.0,-99.0,,,WPA2/3-Enterprise,no,
2026-10-09 07:58:43,3,L3-006,,,T1,laptop-maulana,3,FILKOM EVENT,54:d7:e3:41:42:c3,2462,11,2.4,20,-63.0,-81.0,,,WPA2-Personal,no,
2026-10-09 07:58:43,3,L3-006,,,T1,laptop-maulana,3,ScenXus-b0a73235f7d4,b0:a7:32:35:f7:d5,2422,3,2.4,40,-69.0,-81.0,,,OWE,no,
2026-10-09 07:58:43,3,L3-006,,,T1,laptop-maulana,3,DIRECT-WELAPTOP-VAI3VGMOmsvP,be:d2:2c:df:11:14,5785,157,5.0,20,-67.0,-97.0,,,WPA2-Personal,no,
2026-10-09 07:58:43,3,L3-006,,,T1,laptop-maulana,3,WiFi-FILKOM,54:d7:e3:41:42:c1,2462,11,2.4,20,-63.0,-81.0,,,WPA2/3-Enterprise,no,
2026-10-09 07:58:43,3,L3-006,,,T1,laptop-maulana,3,FILKOM EVENT,e8:10:98:82:0b:43,5745,149,5.0,40,-81.0,-99.0,,,WPA2-Personal,no,
2026-10-09 07:58:43,3,L3-006,,,T1,laptop-maulana,3,iwirrrr,9a:5d:37:c0:09:de,2462,11,2.4,20,-68.0,-83.0,,,WPA2-Personal,no,
2026-10-09 07:58:43,3,L3-006,,,T1,laptop-maulana,3,WiFi-FILKOM,54:d7:e3:42:97:81,2412,1,2.4,20,-64.0,-79.0,,,WPA2/3-Enterprise,no,
2026-10-09 07:58:43,3,L3-006,,,T1,laptop-maulana,3,iPhone (2),22:10:bb:35:60:b7,5745,149,5.0,80,-70.0,-99.0,,,WPA2/WPA3-Personal,capable,
2026-10-09 07:58:43,3,L3-006,,,T1,laptop-maulana,3,eduroam,54:d7:e3:42:97:82,2412,1,2.4,20,-63.0,-79.0,,,WPA2/3-Enterprise,no,
2026-10-09 07:58:43,3,L3-006,,,T1,laptop-maulana,3,WiFi-UB.x,54:d7:e3:41:42:c0,2462,11,2.4,20,-63.0,-81.0,,,WPA2/3-Enterprise,no,
2026-10-09 07:58:43,3,L3-006,,,T1,laptop-maulana,3,Samsung S25 Ultra,e2:82:61:7d:8d:ae,5745,149,5.0,80,-91.0,-99.0,,,WPA2/WPA3-Personal,capable,
2026-10-09 07:58:43,3,L3-006,,,T1,laptop-maulana,3,WiFi-FILKOM,e8:10:98:82:05:a1,5785,157,5.0,40,-77.0,-99.0,,,WPA2/3-Enterprise,no,
2026-10-09 07:58:43,3,L3-006,,,T1,laptop-maulana,3,FILKOM EVENT,e8:10:98:82:05:a3,5785,157,5.0,40,-77.0,-99.0,,,WPA2-Personal,no,
2026-10-09 07:58:43,3,L3-006,,,T1,laptop-maulana,3,eduroam,54:d7:e3:41:42:c2,2462,11,2.4,20,-63.0,-81.0,,,WPA2/3-Enterprise,no,
2026-10-09 07:58:43,3,L3-006,,,T1,laptop-maulana,3,Acen slebew,7e:e5:96:e6:26:7c,2462,11,2.4,20,-58.0,-81.0,,,WPA2-Personal,no,
2026-10-09 07:58:43,3,L3-006,,,T1,laptop-maulana,3,iPhone1,e6:c3:a1:2d:20:a2,5745,149,5.0,80,-76.0,-99.0,,,WPA2/WPA3-Personal,capable,
2026-10-09 07:58:43,3,L3-006,,,T1,laptop-maulana,3,icel,42:d4:89:92:5c:5f,2437,6,2.4,20,-66.0,-79.0,,,WPA2/WPA3-Personal,capable,
2026-10-09 07:58:43,3,L3-006,,,T1,laptop-maulana,3,Q,16:ef:f3:33:ad:62,2412,1,2.4,20,-62.0,-79.0,,,WPA2-Personal,no,
2026-10-09 07:58:43,3,L3-006,,,T1,laptop-maulana,3,Recover.Me-184350,c0:c7:0a:58:43:5f,2412,1,2.4,20,-46.0,-79.0,0.0,45.1,WPA2-Personal,no,
2026-10-09 07:58:43,3,L3-006,,,T1,laptop-maulana,3,WiFi-UB.x,e8:10:98:82:0b:40,5745,149,5.0,40,-77.0,-99.0,,,WPA2/3-Enterprise,no,
2026-10-09 07:58:43,3,L3-006,,,T1,laptop-maulana,3,WiFi-UB.x,e8:10:98:82:05:a0,5785,157,5.0,40,-77.0,-99.0,,,WPA2/3-Enterprise,no,
2026-10-09 07:58:43,3,L3-006,,,T1,laptop-maulana,3,WiFi-UB.x,54:d7:e3:42:97:80,2412,1,2.4,20,-64.0,-79.0,,,WPA2/3-Enterprise,no,
2026-10-09 07:58:43,3,L3-006,,,T1,laptop-maulana,3,iPhone Asw,c2:99:ab:bd:f4:e6,2437,6,2.4,20,-42.0,-87.0,,,WPA2-Personal,no,
2026-10-09 07:59:01,3,L3-011,,,T1,laptop-maulana,1,eduroam,e8:10:98:82:05:a2,5785,157,5.0,40,-81.0,-97.0,,,WPA2/3-Enterprise,no,
2026-10-09 07:59:01,3,L3-011,,,T1,laptop-maulana,1,Vanilish,d2:f3:16:82:51:cd,2462,11,2.4,20,-59.0,-71.0,,,WPA2-Personal,no,
2026-10-09 07:59:01,3,L3-011,,,T1,laptop-maulana,1,iqoo Z9 ,8a:3f:0f:53:ce:1e,2437,6,2.4,20,-61.0,-79.0,,,WPA2-Personal,no,
2026-10-09 07:59:01,3,L3-011,,,T1,laptop-maulana,1,eduroam,e8:10:98:82:0b:42,5745,149,5.0,40,-82.0,-97.0,,,WPA2/3-Enterprise,no,
2026-10-09 07:59:01,3,L3-011,,,T1,laptop-maulana,1,eduroam,ec:bd:1d:af:f6:7d,5745,149,5.0,20,-91.0,-97.0,1.0,0.8,WPA2/3-Enterprise,capable,
2026-10-09 07:59:01,3,L3-011,,,T1,laptop-maulana,1,FILKOM EVENT,54:d7:e3:42:97:83,2412,1,2.4,20,-64.0,-79.0,,,WPA2-Personal,no,
2026-10-09 07:59:01,3,L3-011,,,T1,laptop-maulana,1,WiFi-FILKOM,e8:10:98:82:0b:41,5745,149,5.0,40,-81.0,-97.0,,,WPA2/3-Enterprise,no,
2026-10-09 07:59:01,3,L3-011,,,T1,laptop-maulana,1,FILKOM EVENT,54:d7:e3:41:42:c3,2462,11,2.4,20,-67.0,-71.0,,,WPA2-Personal,no,
2026-10-09 07:59:01,3,L3-011,,,T1,laptop-maulana,1,ScenXus-b0a73235f7d4,b0:a7:32:35:f7:d5,2422,3,2.4,40,-70.0,-70.0,,,OWE,no,
2026-10-09 07:59:01,3,L3-011,,,T1,laptop-maulana,1,DIRECT-WELAPTOP-VAI3VGMOmsvP,be:d2:2c:df:11:14,5785,157,5.0,20,-74.0,-97.0,,,WPA2-Personal,no,
2026-10-09 07:59:01,3,L3-011,,,T1,laptop-maulana,1,WiFi-FILKOM,54:d7:e3:41:42:c1,2462,11,2.4,20,-63.0,-81.0,,,WPA2/3-Enterprise,no,
2026-10-09 07:59:01,3,L3-011,,,T1,laptop-maulana,1,FILKOM EVENT,e8:10:98:82:0b:43,5745,149,5.0,40,-82.0,-97.0,,,WPA2-Personal,no,
2026-10-09 07:59:01,3,L3-011,,,T1,laptop-maulana,1,iwirrrr,9a:5d:37:c0:09:de,2462,11,2.4,20,-68.0,-83.0,,,WPA2-Personal,no,
2026-10-09 07:59:01,3,L3-011,,,T1,laptop-maulana,1,WiFi-FILKOM,54:d7:e3:42:97:81,2412,1,2.4,20,-64.0,-79.0,,,WPA2/3-Enterprise,no,
2026-10-09 07:59:01,3,L3-011,,,T1,laptop-maulana,1,iPhone (2),22:10:bb:35:60:b7,5745,149,5.0,80,-74.0,-97.0,,,WPA2/WPA3-Personal,capable,
2026-10-09 07:59:01,3,L3-011,,,T1,laptop-maulana,1,eduroam,54:d7:e3:42:97:82,2412,1,2.4,20,-63.0,-79.0,,,WPA2/3-Enterprise,no,
2026-10-09 07:59:01,3,L3-011,,,T1,laptop-maulana,1,WiFi-UB.x,54:d7:e3:41:42:c0,2462,11,2.4,20,-67.0,-71.0,,,WPA2/3-Enterprise,no,
2026-10-09 07:59:01,3,L3-011,,,T1,laptop-maulana,1,Samsung S25 Ultra,e2:82:61:7d:8d:ae,5745,149,5.0,80,-91.0,-99.0,,,WPA2/WPA3-Personal,capable,
2026-10-09 07:59:01,3,L3-011,,,T1,laptop-maulana,1,WiFi-FILKOM,e8:10:98:82:05:a1,5785,157,5.0,40,-81.0,-97.0,,,WPA2/3-Enterprise,no,
2026-10-09 07:59:01,3,L3-011,,,T1,laptop-maulana,1,FILKOM EVENT,e8:10:98:82:05:a3,5785,157,5.0,40,-81.0,-97.0,,,WPA2-Personal,no,
2026-10-09 07:59:01,3,L3-011,,,T1,laptop-maulana,1,eduroam,54:d7:e3:41:42:c2,2462,11,2.4,20,-63.0,-81.0,,,WPA2/3-Enterprise,no,
2026-10-09 07:59:01,3,L3-011,,,T1,laptop-maulana,1,Acen slebew,7e:e5:96:e6:26:7c,2462,11,2.4,20,-62.0,-71.0,,,WPA2-Personal,no,
2026-10-09 07:59:01,3,L3-011,,,T1,laptop-maulana,1,iPhone1,e6:c3:a1:2d:20:a2,5745,149,5.0,80,-76.0,-99.0,,,WPA2/WPA3-Personal,capable,
2026-10-09 07:59:01,3,L3-011,,,T1,laptop-maulana,1,icel,42:d4:89:92:5c:5f,2437,6,2.4,20,-66.0,-79.0,,,WPA2/WPA3-Personal,capable,
2026-10-09 07:59:01,3,L3-011,,,T1,laptop-maulana,1,Q,16:ef:f3:33:ad:62,2412,1,2.4,20,-56.0,-71.0,,,WPA2-Personal,no,
2026-10-09 07:59:01,3,L3-011,,,T1,laptop-maulana,1,Recover.Me-184350,c0:c7:0a:58:43:5f,2412,1,2.4,20,-53.0,-71.0,0.0,44.3,WPA2-Personal,no,
2026-10-09 07:59:01,3,L3-011,,,T1,laptop-maulana,1,WiFi-UB.x,e8:10:98:82:0b:40,5745,149,5.0,40,-81.0,-97.0,,,WPA2/3-Enterprise,no,
2026-10-09 07:59:01,3,L3-011,,,T1,laptop-maulana,1,WiFi-UB.x,e8:10:98:82:05:a0,5785,157,5.0,40,-81.0,-97.0,,,WPA2/3-Enterprise,no,
2026-10-09 07:59:01,3,L3-011,,,T1,laptop-maulana,1,WiFi-UB.x,54:d7:e3:42:97:80,2412,1,2.4,20,-64.0,-79.0,,,WPA2/3-Enterprise,no,
2026-10-09 07:59:01,3,L3-011,,,T1,laptop-maulana,1,iPhone Asw,c2:99:ab:bd:f4:e6,2437,6,2.4,20,-41.0,-73.0,,,WPA2-Personal,no,
2026-10-09 07:59:07,3,L3-011,,,T1,laptop-maulana,2,eduroam,e8:10:98:82:05:a2,5785,157,5.0,40,-81.0,-97.0,,,WPA2/3-Enterprise,no,
2026-10-09 07:59:07,3,L3-011,,,T1,laptop-maulana,2,Vanilish,d2:f3:16:82:51:cd,2462,11,2.4,20,-59.0,-71.0,,,WPA2-Personal,no,
2026-10-09 07:59:07,3,L3-011,,,T1,laptop-maulana,2,iqoo Z9 ,8a:3f:0f:53:ce:1e,2437,6,2.4,20,-61.0,-79.0,,,WPA2-Personal,no,
2026-10-09 07:59:07,3,L3-011,,,T1,laptop-maulana,2,eduroam,e8:10:98:82:0b:42,5745,149,5.0,40,-82.0,-97.0,,,WPA2/3-Enterprise,no,
2026-10-09 07:59:07,3,L3-011,,,T1,laptop-maulana,2,eduroam,ec:bd:1d:af:f6:7d,5745,149,5.0,20,-91.0,-97.0,1.0,0.8,WPA2/3-Enterprise,capable,
2026-10-09 07:59:07,3,L3-011,,,T1,laptop-maulana,2,FILKOM EVENT,54:d7:e3:42:97:83,2412,1,2.4,20,-64.0,-79.0,,,WPA2-Personal,no,
2026-10-09 07:59:07,3,L3-011,,,T1,laptop-maulana,2,WiFi-FILKOM,e8:10:98:82:0b:41,5745,149,5.0,40,-81.0,-97.0,,,WPA2/3-Enterprise,no,
2026-10-09 07:59:07,3,L3-011,,,T1,laptop-maulana,2,FILKOM EVENT,54:d7:e3:41:42:c3,2462,11,2.4,20,-67.0,-71.0,,,WPA2-Personal,no,
2026-10-09 07:59:07,3,L3-011,,,T1,laptop-maulana,2,ScenXus-b0a73235f7d4,b0:a7:32:35:f7:d5,2422,3,2.4,40,-70.0,-70.0,,,OWE,no,
2026-10-09 07:59:07,3,L3-011,,,T1,laptop-maulana,2,DIRECT-WELAPTOP-VAI3VGMOmsvP,be:d2:2c:df:11:14,5785,157,5.0,20,-74.0,-97.0,,,WPA2-Personal,no,
2026-10-09 07:59:07,3,L3-011,,,T1,laptop-maulana,2,WiFi-FILKOM,54:d7:e3:41:42:c1,2462,11,2.4,20,-63.0,-81.0,,,WPA2/3-Enterprise,no,
2026-10-09 07:59:07,3,L3-011,,,T1,laptop-maulana,2,FILKOM EVENT,e8:10:98:82:0b:43,5745,149,5.0,40,-82.0,-97.0,,,WPA2-Personal,no,
2026-10-09 07:59:07,3,L3-011,,,T1,laptop-maulana,2,,c2:99:ab:bd:f4:e6,2437,6,2.4,20,-44.0,-82.0,,,WPA2-Personal,no,
2026-10-09 07:59:07,3,L3-011,,,T1,laptop-maulana,2,iwirrrr,9a:5d:37:c0:09:de,2462,11,2.4,20,-68.0,-83.0,,,WPA2-Personal,no,
2026-10-09 07:59:07,3,L3-011,,,T1,laptop-maulana,2,WiFi-FILKOM,54:d7:e3:42:97:81,2412,1,2.4,20,-64.0,-79.0,,,WPA2/3-Enterprise,no,
2026-10-09 07:59:07,3,L3-011,,,T1,laptop-maulana,2,iPhone (2),22:10:bb:35:60:b7,5745,149,5.0,80,-74.0,-97.0,,,WPA2/WPA3-Personal,capable,
2026-10-09 07:59:07,3,L3-011,,,T1,laptop-maulana,2,eduroam,54:d7:e3:42:97:82,2412,1,2.4,20,-63.0,-79.0,,,WPA2/3-Enterprise,no,
2026-10-09 07:59:07,3,L3-011,,,T1,laptop-maulana,2,WiFi-UB.x,54:d7:e3:41:42:c0,2462,11,2.4,20,-67.0,-71.0,,,WPA2/3-Enterprise,no,
2026-10-09 07:59:07,3,L3-011,,,T1,laptop-maulana,2,Samsung S25 Ultra,e2:82:61:7d:8d:ae,5745,149,5.0,80,-91.0,-99.0,,,WPA2/WPA3-Personal,capable,
2026-10-09 07:59:07,3,L3-011,,,T1,laptop-maulana,2,WiFi-FILKOM,e8:10:98:82:05:a1,5785,157,5.0,40,-81.0,-97.0,,,WPA2/3-Enterprise,no,
2026-10-09 07:59:07,3,L3-011,,,T1,laptop-maulana,2,FILKOM EVENT,e8:10:98:82:05:a3,5785,157,5.0,40,-81.0,-97.0,,,WPA2-Personal,no,
2026-10-09 07:59:07,3,L3-011,,,T1,laptop-maulana,2,eduroam,54:d7:e3:41:42:c2,2462,11,2.4,20,-63.0,-81.0,,,WPA2/3-Enterprise,no,
2026-10-09 07:59:07,3,L3-011,,,T1,laptop-maulana,2,Acen slebew,7e:e5:96:e6:26:7c,2462,11,2.4,20,-62.0,-71.0,,,WPA2-Personal,no,
2026-10-09 07:59:07,3,L3-011,,,T1,laptop-maulana,2,iPhone1,e6:c3:a1:2d:20:a2,5745,149,5.0,80,-76.0,-99.0,,,WPA2/WPA3-Personal,capable,
2026-10-09 07:59:07,3,L3-011,,,T1,laptop-maulana,2,icel,42:d4:89:92:5c:5f,2437,6,2.4,20,-66.0,-79.0,,,WPA2/WPA3-Personal,capable,
2026-10-09 07:59:07,3,L3-011,,,T1,laptop-maulana,2,Q,16:ef:f3:33:ad:62,2412,1,2.4,20,-56.0,-71.0,,,WPA2-Personal,no,
2026-10-09 07:59:07,3,L3-011,,,T1,laptop-maulana,2,Recover.Me-184350,c0:c7:0a:58:43:5f,2412,1,2.4,20,-53.0,-71.0,0.0,44.3,WPA2-Personal,no,
2026-10-09 07:59:07,3,L3-011,,,T1,laptop-maulana,2,WiFi-UB.x,e8:10:98:82:0b:40,5745,149,5.0,40,-81.0,-97.0,,,WPA2/3-Enterprise,no,
2026-10-09 07:59:07,3,L3-011,,,T1,laptop-maulana,2,WiFi-UB.x,e8:10:98:82:05:a0,5785,157,5.0,40,-81.0,-97.0,,,WPA2/3-Enterprise,no,
2026-10-09 07:59:07,3,L3-011,,,T1,laptop-maulana,2,WiFi-UB.x,54:d7:e3:42:97:80,2412,1,2.4,20,-64.0,-79.0,,,WPA2/3-Enterprise,no,
2026-10-09 07:59:07,3,L3-011,,,T1,laptop-maulana,2,iPhone Asw,c2:99:ab:bd:f4:e6,2437,6,2.4,20,-41.0,-73.0,,,WPA2-Personal,no,
2026-10-09 07:59:12,3,L3-011,,,T1,laptop-maulana,3,eduroam,e8:10:98:82:05:a2,5785,157,5.0,40,-84.0,-98.0,,,WPA2/3-Enterprise,no,
2026-10-09 07:59:12,3,L3-011,,,T1,laptop-maulana,3,Vanilish,d2:f3:16:82:51:cd,2462,11,2.4,20,-59.0,-81.0,,,WPA2-Personal,no,
2026-10-09 07:59:12,3,L3-011,,,T1,laptop-maulana,3,iqoo Z9 ,8a:3f:0f:53:ce:1e,2437,6,2.4,20,-61.0,-79.0,,,WPA2-Personal,no,
2026-10-09 07:59:12,3,L3-011,,,T1,laptop-maulana,3,eduroam,e8:10:98:82:0b:42,5745,149,5.0,40,-83.0,-100.0,,,WPA2/3-Enterprise,no,
2026-10-09 07:59:12,3,L3-011,,,T1,laptop-maulana,3,eduroam,ec:bd:1d:af:f6:7d,5745,149,5.0,20,-91.0,-97.0,1.0,0.8,WPA2/3-Enterprise,capable,
2026-10-09 07:59:12,3,L3-011,,,T1,laptop-maulana,3,FILKOM EVENT,54:d7:e3:42:97:83,2412,1,2.4,20,-66.0,-78.0,,,WPA2-Personal,no,
2026-10-09 07:59:12,3,L3-011,,,T1,laptop-maulana,3,WiFi-FILKOM,e8:10:98:82:0b:41,5745,149,5.0,40,-83.0,-100.0,,,WPA2/3-Enterprise,no,
2026-10-09 07:59:12,3,L3-011,,,T1,laptop-maulana,3,FILKOM EVENT,54:d7:e3:41:42:c3,2462,11,2.4,20,-67.0,-71.0,,,WPA2-Personal,no,
2026-10-09 07:59:12,3,L3-011,,,T1,laptop-maulana,3,ScenXus-b0a73235f7d4,b0:a7:32:35:f7:d5,2422,3,2.4,40,-68.0,-78.0,,,OWE,no,
2026-10-09 07:59:12,3,L3-011,,,T1,laptop-maulana,3,DIRECT-WELAPTOP-VAI3VGMOmsvP,be:d2:2c:df:11:14,5785,157,5.0,20,-77.0,-98.0,,,WPA2-Personal,no,
2026-10-09 07:59:12,3,L3-011,,,T1,laptop-maulana,3,WiFi-FILKOM,54:d7:e3:41:42:c1,2462,11,2.4,20,-66.0,-81.0,,,WPA2/3-Enterprise,no,
2026-10-09 07:59:12,3,L3-011,,,T1,laptop-maulana,3,FILKOM EVENT,e8:10:98:82:0b:43,5745,149,5.0,40,-83.0,-100.0,,,WPA2-Personal,no,
2026-10-09 07:59:12,3,L3-011,,,T1,laptop-maulana,3,WiFi-FILKOM,54:d7:e3:42:97:81,2412,1,2.4,20,-66.0,-78.0,,,WPA2/3-Enterprise,no,
2026-10-09 07:59:12,3,L3-011,,,T1,laptop-maulana,3,iPhone (2),22:10:bb:35:60:b7,5745,149,5.0,80,-65.0,-100.0,,,WPA2/WPA3-Personal,capable,
2026-10-09 07:59:12,3,L3-011,,,T1,laptop-maulana,3,eduroam,54:d7:e3:42:97:82,2412,1,2.4,20,-66.0,-78.0,,,WPA2/3-Enterprise,no,
2026-10-09 07:59:12,3,L3-011,,,T1,laptop-maulana,3,WiFi-UB.x,54:d7:e3:41:42:c0,2462,11,2.4,20,-66.0,-81.0,,,WPA2/3-Enterprise,no,
2026-10-09 07:59:12,3,L3-011,,,T1,laptop-maulana,3,WiFi-FILKOM,e8:10:98:82:05:a1,5785,157,5.0,40,-83.0,-98.0,,,WPA2/3-Enterprise,no,
2026-10-09 07:59:12,3,L3-011,,,T1,laptop-maulana,3,FILKOM EVENT,e8:10:98:82:05:a3,5785,157,5.0,40,-84.0,-98.0,,,WPA2-Personal,no,
2026-10-09 07:59:12,3,L3-011,,,T1,laptop-maulana,3,eduroam,54:d7:e3:41:42:c2,2462,11,2.4,20,-66.0,-81.0,,,WPA2/3-Enterprise,no,
2026-10-09 07:59:12,3,L3-011,,,T1,laptop-maulana,3,Acen slebew,7e:e5:96:e6:26:7c,2462,11,2.4,20,-47.0,-81.0,,,WPA2-Personal,no,
2026-10-09 07:59:12,3,L3-011,,,T1,laptop-maulana,3,iPhone1,e6:c3:a1:2d:20:a2,5745,149,5.0,80,-77.0,-100.0,,,WPA2/WPA3-Personal,capable,
2026-10-09 07:59:12,3,L3-011,,,T1,laptop-maulana,3,icel,42:d4:89:92:5c:5f,2437,6,2.4,20,-66.0,-79.0,,,WPA2/WPA3-Personal,capable,
2026-10-09 07:59:12,3,L3-011,,,T1,laptop-maulana,3,Q,16:ef:f3:33:ad:62,2412,1,2.4,20,-54.0,-78.0,,,WPA2-Personal,no,
2026-10-09 07:59:12,3,L3-011,,,T1,laptop-maulana,3,Recover.Me-184350,c0:c7:0a:58:43:5f,2412,1,2.4,20,-51.0,-78.0,0.0,45.9,WPA2-Personal,no,
2026-10-09 07:59:12,3,L3-011,,,T1,laptop-maulana,3,WiFi-UB.x,e8:10:98:82:0b:40,5745,149,5.0,40,-83.0,-100.0,,,WPA2/3-Enterprise,no,
2026-10-09 07:59:12,3,L3-011,,,T1,laptop-maulana,3,WiFi-UB.x,e8:10:98:82:05:a0,5785,157,5.0,40,-83.0,-98.0,,,WPA2/3-Enterprise,no,
2026-10-09 07:59:12,3,L3-011,,,T1,laptop-maulana,3,WiFi-UB.x,54:d7:e3:42:97:80,2412,1,2.4,20,-66.0,-78.0,,,WPA2/3-Enterprise,no,
2026-10-09 07:59:12,3,L3-011,,,T1,laptop-maulana,3,iPhone Asw,c2:99:ab:bd:f4:e6,2437,6,2.4,20,-43.0,-82.0,,,WPA2-Personal,no,
2026-10-09 08:30:42,3,L3-005,,,T1,laptop-maulana,1,eduroam,e8:10:98:82:05:a2,5785,157,5.0,40,-79.0,-99.0,,,WPA2/3-Enterprise,no,
2026-10-09 08:30:42,3,L3-005,,,T1,laptop-maulana,1,Vanilish,d2:f3:16:82:51:cd,2462,11,2.4,20,-68.0,-85.0,,,WPA2-Personal,no,
2026-10-09 08:30:42,3,L3-005,,,T1,laptop-maulana,1,eduroam,ec:bd:1d:af:f6:7d,5745,149,5.0,20,-90.0,-99.0,0.0,14.5,WPA2/3-Enterprise,capable,
2026-10-09 08:30:42,3,L3-005,,,T1,laptop-maulana,1,WiFi-FILKOM,54:d7:e3:45:4c:81,2437,6,2.4,20,-82.0,-86.0,,,WPA2/3-Enterprise,no,
2026-10-09 08:30:42,3,L3-005,,,T1,laptop-maulana,1,FILKOM EVENT,54:d7:e3:41:42:c3,2462,11,2.4,20,-57.0,-85.0,,,WPA2-Personal,no,
2026-10-09 08:30:42,3,L3-005,,,T1,laptop-maulana,1,ScenXus-b0a73235f7d4,b0:a7:32:35:f7:d5,2422,3,2.4,40,-75.0,-85.0,,,OWE,no,
2026-10-09 08:30:42,3,L3-005,,,T1,laptop-maulana,1,WiFi-FILKOM,54:d7:e3:41:42:c1,2462,11,2.4,20,-57.0,-85.0,,,WPA2/3-Enterprise,no,
2026-10-09 08:30:42,3,L3-005,,,T1,laptop-maulana,1,FILKOM EVENT,e8:10:98:82:0b:43,5745,149,5.0,40,-90.0,-99.0,,,WPA2-Personal,no,
2026-10-09 08:30:42,3,L3-005,,,T1,laptop-maulana,1,Sakaguchi,c2:b9:99:8f:6a:a5,2462,11,2.4,20,-75.0,-85.0,,,WPA2-Personal,no,
2026-10-09 08:30:42,3,L3-005,,,T1,laptop-maulana,1,WiFi-UB.x,28:b3:71:ab:f8:d1,5805,161,5.0,20,-87.0,-99.0,35.0,54.9,WPA2/3-Enterprise,capable,
2026-10-09 08:30:42,3,L3-005,,,T1,laptop-maulana,1,WiFi-FILKOM,54:d7:e3:42:97:81,2412,1,2.4,20,-77.0,-86.0,,,WPA2/3-Enterprise,no,
2026-10-09 08:30:42,3,L3-005,,,T1,laptop-maulana,1,iPhone (2),22:10:bb:35:60:b7,5745,149,5.0,80,-72.0,-99.0,,,WPA2/WPA3-Personal,capable,
2026-10-09 08:30:42,3,L3-005,,,T1,laptop-maulana,1,iPhone Asw,6a:56:bf:c0:98:b9,2437,6,2.4,20,-59.0,-86.0,,,WPA2-Personal,no,
2026-10-09 08:30:42,3,L3-005,,,T1,laptop-maulana,1,WiFi-UB.x,54:d7:e3:41:42:c0,2462,11,2.4,20,-57.0,-85.0,,,WPA2/3-Enterprise,no,
2026-10-09 08:30:42,3,L3-005,,,T1,laptop-maulana,1,WiFi-FILKOM,e8:10:98:82:05:a1,5785,157,5.0,40,-79.0,-99.0,,,WPA2/3-Enterprise,no,
2026-10-09 08:30:42,3,L3-005,,,T1,laptop-maulana,1,Recover.Me-183370,c0:c7:0a:58:33:7f,2412,1,2.4,20,-74.0,-86.0,0.0,23.1,WPA2-Personal,no,
2026-10-09 08:30:42,3,L3-005,,,T1,laptop-maulana,1,FILKOM EVENT,e8:10:98:82:05:a3,5785,157,5.0,40,-79.0,-99.0,,,WPA2-Personal,no,
2026-10-09 08:30:42,3,L3-005,,,T1,laptop-maulana,1,FILKOM EVENT,c0:c7:0a:98:3a:c2,5765,153,5.0,20,-77.0,-98.0,0.0,32.5,WPA2-Personal,capable,
2026-10-09 08:30:42,3,L3-005,,,T1,laptop-maulana,1,FILKOM EVENT,28:b3:71:ab:f8:d2,5805,161,5.0,20,-87.0,-99.0,3.0,54.9,WPA2-Personal,capable,
2026-10-09 08:30:42,3,L3-005,,,T1,laptop-maulana,1,eduroam,54:d7:e3:41:42:c2,2462,11,2.4,20,-57.0,-85.0,,,WPA2/3-Enterprise,no,
2026-10-09 08:30:42,3,L3-005,,,T1,laptop-maulana,1,Acen slebew,7e:e5:96:e6:26:7c,2462,11,2.4,20,-56.0,-85.0,,,WPA2-Personal,no,
2026-10-09 08:30:42,3,L3-005,,,T1,laptop-maulana,1,iPhone,b2:a7:0f:f7:15:51,2437,6,2.4,20,-73.0,-86.0,,,WPA2-Personal,no,
2026-10-09 08:30:42,3,L3-005,,,T1,laptop-maulana,1,Q,16:ef:f3:33:ad:62,2412,1,2.4,20,-77.0,-86.0,,,WPA2-Personal,no,
2026-10-09 08:30:42,3,L3-005,,,T1,laptop-maulana,1,iPhone1,e6:c3:a1:2d:20:a2,5745,149,5.0,80,-74.0,-99.0,,,WPA2/WPA3-Personal,capable,
2026-10-09 08:30:42,3,L3-005,,,T1,laptop-maulana,1,Recover.Me-184350,c0:c7:0a:58:43:5f,2412,1,2.4,20,-34.0,-86.0,0.0,48.2,WPA2-Personal,no,
2026-10-09 08:30:42,3,L3-005,,,T1,laptop-maulana,1,WiFi-UB.x,e8:10:98:82:0b:40,5745,149,5.0,40,-91.0,-99.0,,,WPA2/3-Enterprise,no,
2026-10-09 08:30:42,3,L3-005,,,T1,laptop-maulana,1,eduroam,c0:c7:0a:98:3a:c0,5765,153,5.0,20,-74.0,-98.0,5.0,32.5,WPA2/3-Enterprise,capable,
2026-10-09 08:30:42,3,L3-005,,,T1,laptop-maulana,1,WiFi-UB.x,e8:10:98:82:05:a0,5785,157,5.0,40,-79.0,-99.0,,,WPA2/3-Enterprise,no,
2026-10-09 08:30:42,3,L3-005,,,T1,laptop-maulana,1,eduroam,28:b3:71:ab:f8:d0,5805,161,5.0,20,-87.0,-99.0,7.0,54.9,WPA2/3-Enterprise,capable,
2026-10-09 08:30:42,3,L3-005,,,T1,laptop-maulana,1,WiFi-UB.x,54:d7:e3:42:97:80,2412,1,2.4,20,-77.0,-86.0,,,WPA2/3-Enterprise,no,
2026-10-09 08:30:48,3,L3-005,,,T1,laptop-maulana,2,eduroam,e8:10:98:82:05:a2,5785,157,5.0,40,-79.0,-99.0,,,WPA2/3-Enterprise,no,
2026-10-09 08:30:48,3,L3-005,,,T1,laptop-maulana,2,Vanilish,d2:f3:16:82:51:cd,2462,11,2.4,20,-68.0,-85.0,,,WPA2-Personal,no,
2026-10-09 08:30:48,3,L3-005,,,T1,laptop-maulana,2,eduroam,ec:bd:1d:af:f6:7d,5745,149,5.0,20,-90.0,-99.0,0.0,14.5,WPA2/3-Enterprise,capable,
2026-10-09 08:30:48,3,L3-005,,,T1,laptop-maulana,2,WiFi-FILKOM,54:d7:e3:45:4c:81,2437,6,2.4,20,-82.0,-86.0,,,WPA2/3-Enterprise,no,
2026-10-09 08:30:48,3,L3-005,,,T1,laptop-maulana,2,FILKOM EVENT,54:d7:e3:41:42:c3,2462,11,2.4,20,-57.0,-85.0,,,WPA2-Personal,no,
2026-10-09 08:30:48,3,L3-005,,,T1,laptop-maulana,2,ScenXus-b0a73235f7d4,b0:a7:32:35:f7:d5,2422,3,2.4,40,-75.0,-85.0,,,OWE,no,
2026-10-09 08:30:48,3,L3-005,,,T1,laptop-maulana,2,WiFi-FILKOM,54:d7:e3:41:42:c1,2462,11,2.4,20,-57.0,-85.0,,,WPA2/3-Enterprise,no,
2026-10-09 08:30:48,3,L3-005,,,T1,laptop-maulana,2,FILKOM EVENT,e8:10:98:82:0b:43,5745,149,5.0,40,-90.0,-99.0,,,WPA2-Personal,no,
2026-10-09 08:30:48,3,L3-005,,,T1,laptop-maulana,2,Sakaguchi,c2:b9:99:8f:6a:a5,2462,11,2.4,20,-75.0,-85.0,,,WPA2-Personal,no,
2026-10-09 08:30:48,3,L3-005,,,T1,laptop-maulana,2,WiFi-UB.x,28:b3:71:ab:f8:d1,5805,161,5.0,20,-87.0,-99.0,35.0,54.9,WPA2/3-Enterprise,capable,
2026-10-09 08:30:48,3,L3-005,,,T1,laptop-maulana,2,WiFi-FILKOM,54:d7:e3:42:97:81,2412,1,2.4,20,-77.0,-86.0,,,WPA2/3-Enterprise,no,
2026-10-09 08:30:48,3,L3-005,,,T1,laptop-maulana,2,iPhone (2),22:10:bb:35:60:b7,5745,149,5.0,80,-72.0,-99.0,,,WPA2/WPA3-Personal,capable,
2026-10-09 08:30:48,3,L3-005,,,T1,laptop-maulana,2,iPhone Asw,6a:56:bf:c0:98:b9,2437,6,2.4,20,-59.0,-86.0,,,WPA2-Personal,no,
2026-10-09 08:30:48,3,L3-005,,,T1,laptop-maulana,2,WiFi-UB.x,54:d7:e3:41:42:c0,2462,11,2.4,20,-57.0,-85.0,,,WPA2/3-Enterprise,no,
2026-10-09 08:30:48,3,L3-005,,,T1,laptop-maulana,2,WiFi-FILKOM,e8:10:98:82:05:a1,5785,157,5.0,40,-79.0,-99.0,,,WPA2/3-Enterprise,no,
2026-10-09 08:30:48,3,L3-005,,,T1,laptop-maulana,2,Recover.Me-183370,c0:c7:0a:58:33:7f,2412,1,2.4,20,-74.0,-86.0,0.0,23.1,WPA2-Personal,no,
2026-10-09 08:30:48,3,L3-005,,,T1,laptop-maulana,2,FILKOM EVENT,e8:10:98:82:05:a3,5785,157,5.0,40,-79.0,-99.0,,,WPA2-Personal,no,
2026-10-09 08:30:48,3,L3-005,,,T1,laptop-maulana,2,FILKOM EVENT,c0:c7:0a:98:3a:c2,5765,153,5.0,20,-77.0,-98.0,0.0,32.5,WPA2-Personal,capable,
2026-10-09 08:30:48,3,L3-005,,,T1,laptop-maulana,2,FILKOM EVENT,28:b3:71:ab:f8:d2,5805,161,5.0,20,-87.0,-99.0,3.0,54.9,WPA2-Personal,capable,
2026-10-09 08:30:48,3,L3-005,,,T1,laptop-maulana,2,eduroam,54:d7:e3:41:42:c2,2462,11,2.4,20,-57.0,-85.0,,,WPA2/3-Enterprise,no,
2026-10-09 08:30:48,3,L3-005,,,T1,laptop-maulana,2,Acen slebew,7e:e5:96:e6:26:7c,2462,11,2.4,20,-56.0,-85.0,,,WPA2-Personal,no,
2026-10-09 08:30:48,3,L3-005,,,T1,laptop-maulana,2,iPhone,b2:a7:0f:f7:15:51,2437,6,2.4,20,-73.0,-86.0,,,WPA2-Personal,no,
2026-10-09 08:30:48,3,L3-005,,,T1,laptop-maulana,2,Q,16:ef:f3:33:ad:62,2412,1,2.4,20,-77.0,-86.0,,,WPA2-Personal,no,
2026-10-09 08:30:48,3,L3-005,,,T1,laptop-maulana,2,iPhone1,e6:c3:a1:2d:20:a2,5745,149,5.0,80,-74.0,-99.0,,,WPA2/WPA3-Personal,capable,
2026-10-09 08:30:48,3,L3-005,,,T1,laptop-maulana,2,Recover.Me-184350,c0:c7:0a:58:43:5f,2412,1,2.4,20,-34.0,-86.0,0.0,48.2,WPA2-Personal,no,
2026-10-09 08:30:48,3,L3-005,,,T1,laptop-maulana,2,WiFi-UB.x,e8:10:98:82:0b:40,5745,149,5.0,40,-91.0,-99.0,,,WPA2/3-Enterprise,no,
2026-10-09 08:30:48,3,L3-005,,,T1,laptop-maulana,2,eduroam,c0:c7:0a:98:3a:c0,5765,153,5.0,20,-74.0,-98.0,5.0,32.5,WPA2/3-Enterprise,capable,
2026-10-09 08:30:48,3,L3-005,,,T1,laptop-maulana,2,WiFi-UB.x,e8:10:98:82:05:a0,5785,157,5.0,40,-79.0,-99.0,,,WPA2/3-Enterprise,no,
2026-10-09 08:30:48,3,L3-005,,,T1,laptop-maulana,2,eduroam,28:b3:71:ab:f8:d0,5805,161,5.0,20,-87.0,-99.0,7.0,54.9,WPA2/3-Enterprise,capable,
2026-10-09 08:30:48,3,L3-005,,,T1,laptop-maulana,2,WiFi-UB.x,54:d7:e3:42:97:80,2412,1,2.4,20,-77.0,-86.0,,,WPA2/3-Enterprise,no,
2026-10-09 08:30:53,3,L3-005,,,T1,laptop-maulana,3,Recover.Me-183370,c0:c7:0a:58:33:7f,2412,1,2.4,20,-74.0,-86.0,0.0,23.1,WPA2-Personal,no,
2026-10-09 08:30:53,3,L3-005,,,T1,laptop-maulana,3,WiFi-FILKOM,54:d7:e3:45:4c:81,2437,6,2.4,20,-82.0,-86.0,,,WPA2/3-Enterprise,no,
2026-10-09 08:30:53,3,L3-005,,,T1,laptop-maulana,3,FILKOM EVENT,e8:10:98:82:0b:43,5745,149,5.0,40,-92.0,-99.0,,,WPA2-Personal,no,
2026-10-09 08:30:53,3,L3-005,,,T1,laptop-maulana,3,FILKOM EVENT,c0:c7:0a:58:3a:c2,2437,6,2.4,20,-73.0,-85.0,0.0,51.8,WPA2-Personal,capable,
2026-10-09 08:30:53,3,L3-005,,,T1,laptop-maulana,3,eduroam,28:b3:71:ab:f8:d0,5805,161,5.0,20,-87.0,-99.0,7.0,54.9,WPA2/3-Enterprise,capable,
2026-10-09 08:30:53,3,L3-005,,,T1,laptop-maulana,3,WiFi-FILKOM,54:d7:e3:41:42:c1,2462,11,2.4,20,-60.0,-84.0,,,WPA2/3-Enterprise,no,
2026-10-09 08:30:53,3,L3-005,,,T1,laptop-maulana,3,Vanilish,d2:f3:16:82:51:cd,2462,11,2.4,20,-70.0,-84.0,,,WPA2-Personal,no,
2026-10-09 08:30:53,3,L3-005,,,T1,laptop-maulana,3,WiFi-FILKOM,54:d7:e3:42:97:81,2412,1,2.4,20,-77.0,-86.0,,,WPA2/3-Enterprise,no,
2026-10-09 08:30:53,3,L3-005,,,T1,laptop-maulana,3,iPhone,b2:a7:0f:f7:15:51,2437,6,2.4,20,-73.0,-85.0,,,WPA2-Personal,no,
2026-10-09 08:30:53,3,L3-005,,,T1,laptop-maulana,3,eduroam,c0:c7:0a:98:3a:c0,5765,153,5.0,20,-70.0,-99.0,5.0,24.7,WPA2/3-Enterprise,capable,
2026-10-09 08:30:53,3,L3-005,,,T1,laptop-maulana,3,WiFi-FILKOM,e8:10:98:82:05:a1,5785,157,5.0,40,-76.0,-99.0,,,WPA2/3-Enterprise,no,
2026-10-09 08:30:53,3,L3-005,,,T1,laptop-maulana,3,WiFi-FILKOM,e8:10:98:82:0b:41,5745,149,5.0,40,-91.0,-99.0,,,WPA2/3-Enterprise,no,
2026-10-09 08:30:53,3,L3-005,,,T1,laptop-maulana,3,eduroam,e8:10:98:82:05:a2,5785,157,5.0,40,-76.0,-99.0,,,WPA2/3-Enterprise,no,
2026-10-09 08:30:53,3,L3-005,,,T1,laptop-maulana,3,eduroam,e8:10:98:82:0b:42,5745,149,5.0,40,-91.0,-99.0,,,WPA2/3-Enterprise,no,
2026-10-09 08:30:53,3,L3-005,,,T1,laptop-maulana,3,WiFi-UB.x,54:d7:e3:42:97:80,2412,1,2.4,20,-70.0,-84.0,,,WPA2/3-Enterprise,no,
2026-10-09 08:30:53,3,L3-005,,,T1,laptop-maulana,3,FILKOM EVENT,ec:bd:1d:af:f6:7c,5745,149,5.0,20,-88.0,-99.0,0.0,2.4,WPA2-Personal,no,
2026-10-09 08:30:53,3,L3-005,,,T1,laptop-maulana,3,WiFi-UB.x,e8:10:98:82:05:a0,5785,157,5.0,40,-76.0,-99.0,,,WPA2/3-Enterprise,no,
2026-10-09 08:30:53,3,L3-005,,,T1,laptop-maulana,3,WiFi-UB.x,c0:c7:0a:98:3a:c1,5765,153,5.0,20,-70.0,-99.0,14.0,24.7,WPA2/3-Enterprise,capable,
2026-10-09 08:30:53,3,L3-005,,,T1,laptop-maulana,3,ScenXus-b0a73235f7d4,b0:a7:32:35:f7:d5,2422,3,2.4,40,-74.0,-84.0,,,OWE,no,
2026-10-09 08:30:53,3,L3-005,,,T1,laptop-maulana,3,FILKOM EVENT,c0:c7:0a:98:3a:c2,5765,153,5.0,20,-73.0,-99.0,0.0,24.7,WPA2-Personal,capable,
2026-10-09 08:30:53,3,L3-005,,,T1,laptop-maulana,3,Acen slebew,7e:e5:96:e6:26:7c,2462,11,2.4,20,-61.0,-84.0,,,WPA2-Personal,no,
2026-10-09 08:30:53,3,L3-005,,,T1,laptop-maulana,3,FILKOM EVENT,54:d7:e3:42:97:83,2412,1,2.4,20,-70.0,-84.0,,,WPA2-Personal,no,
2026-10-09 08:30:53,3,L3-005,,,T1,laptop-maulana,3,iqoo Z9 ,8a:3f:0f:53:ce:1e,2437,6,2.4,20,-63.0,-85.0,,,WPA2-Personal,no,
2026-10-09 08:30:53,3,L3-005,,,T1,laptop-maulana,3,WiFi-UB.x,54:d7:e3:41:42:c0,2462,11,2.4,20,-60.0,-84.0,,,WPA2/3-Enterprise,no,
2026-10-09 08:30:53,3,L3-005,,,T1,laptop-maulana,3,FILKOM EVENT,e8:10:98:82:05:a3,5785,157,5.0,40,-76.0,-99.0,,,WPA2-Personal,no,
2026-10-09 08:30:53,3,L3-005,,,T1,laptop-maulana,3,eduroam,ec:bd:1d:af:f6:7d,5745,149,5.0,20,-90.0,-99.0,0.0,14.5,WPA2/3-Enterprise,capable,
2026-10-09 08:30:53,3,L3-005,,,T1,laptop-maulana,3,WiFi-UB.x,28:b3:71:ab:f8:d1,5805,161,5.0,20,-85.0,-99.0,36.0,53.3,WPA2/3-Enterprise,capable,
2026-10-09 08:30:53,3,L3-005,,,T1,laptop-maulana,3,iPhone (2),22:10:bb:35:60:b7,5745,149,5.0,80,-76.0,-99.0,,,WPA2/WPA3-Personal,capable,
2026-10-09 08:30:53,3,L3-005,,,T1,laptop-maulana,3,WiFi-UB.x,c0:c7:0a:58:3a:c1,2437,6,2.4,20,-72.0,-85.0,0.0,51.8,WPA2/3-Enterprise,capable,
2026-10-09 08:30:53,3,L3-005,,,T1,laptop-maulana,3,eduroam,54:d7:e3:41:42:c2,2462,11,2.4,20,-60.0,-84.0,,,WPA2/3-Enterprise,no,
2026-10-09 08:30:53,3,L3-005,,,T1,laptop-maulana,3,FILKOM EVENT,28:b3:71:ab:f8:d2,5805,161,5.0,20,-87.0,-99.0,3.0,54.9,WPA2-Personal,capable,
2026-10-09 08:30:53,3,L3-005,,,T1,laptop-maulana,3,FILKOM EVENT,54:d7:e3:41:42:c3,2462,11,2.4,20,-57.0,-85.0,,,WPA2-Personal,no,
2026-10-09 08:30:53,3,L3-005,,,T1,laptop-maulana,3,iPhone1,e6:c3:a1:2d:20:a2,5745,149,5.0,80,-70.0,-99.0,,,WPA2/WPA3-Personal,capable,
2026-10-09 08:30:53,3,L3-005,,,T1,laptop-maulana,3,iPhone Asw,6a:56:bf:c0:98:b9,2437,6,2.4,20,-46.0,-85.0,,,WPA2-Personal,no,
2026-10-09 08:30:53,3,L3-005,,,T1,laptop-maulana,3,Sakaguchi,c2:b9:99:8f:6a:a5,2462,11,2.4,20,-80.0,-84.0,,,WPA2-Personal,no,
2026-10-09 08:30:53,3,L3-005,,,T1,laptop-maulana,3,Q,16:ef:f3:33:ad:62,2412,1,2.4,20,-67.0,-84.0,,,WPA2-Personal,no,
2026-10-09 08:30:53,3,L3-005,,,T1,laptop-maulana,3,WiFi-UB.x,e8:10:98:82:0b:40,5745,149,5.0,40,-91.0,-99.0,,,WPA2/3-Enterprise,no,
2026-10-09 08:30:53,3,L3-005,,,T1,laptop-maulana,3,Recover.Me-184350,c0:c7:0a:58:43:5f,2412,1,2.4,20,-33.0,-84.0,0.0,42.7,WPA2-Personal,no,
2026-10-09 08:41:10,3,L3-004,,,T1,laptop-maulana,1,Recover.Me-183370,c0:c7:0a:58:33:7f,2412,1,2.4,20,-61.0,-85.0,0.0,20.4,WPA2-Personal,no,
2026-10-09 08:41:10,3,L3-004,,,T1,laptop-maulana,1,WiFi-FILKOM,54:d7:e3:45:4c:81,2437,6,2.4,20,-77.0,-85.0,,,WPA2/3-Enterprise,no,
2026-10-09 08:41:10,3,L3-004,,,T1,laptop-maulana,1,Vanilish,d2:f3:16:82:51:cd,2462,11,2.4,20,-60.0,-85.0,,,WPA2-Personal,no,
2026-10-09 08:41:10,3,L3-004,,,T1,laptop-maulana,1,WiFi-FILKOM,54:d7:e3:41:42:c1,2462,11,2.4,20,-49.0,-85.0,,,WPA2/3-Enterprise,no,
2026-10-09 08:41:10,3,L3-004,,,T1,laptop-maulana,1,WiFi-FILKOM,54:d7:e3:42:97:81,2412,1,2.4,20,-78.0,-85.0,,,WPA2/3-Enterprise,no,
2026-10-09 08:41:10,3,L3-004,,,T1,laptop-maulana,1,FILKOM EVENT,a0:3d:6f:8f:92:23,2462,11,2.4,20,-80.0,-85.0,8.0,4.7,WPA2-Personal,no,
2026-10-09 08:41:10,3,L3-004,,,T1,laptop-maulana,1,WiFi-UB.x,a0:3d:6f:8f:92:20,2462,11,2.4,20,-80.0,-85.0,8.0,4.7,WPA2/3-Enterprise,no,
2026-10-09 08:41:10,3,L3-004,,,T1,laptop-maulana,1,WiFi-UB.x,54:d7:e3:45:4c:80,2437,6,2.4,20,-77.0,-85.0,,,WPA2/3-Enterprise,no,
2026-10-09 08:41:10,3,L3-004,,,T1,laptop-maulana,1,eduroam,c0:c7:0a:98:3a:c0,5765,153,5.0,20,-90.0,-99.0,2.0,55.3,WPA2/3-Enterprise,capable,
2026-10-09 08:41:10,3,L3-004,,,T1,laptop-maulana,1,iPhone,b2:a7:0f:f7:15:51,2437,6,2.4,20,-69.0,-85.0,,,WPA2-Personal,no,
2026-10-09 08:41:10,3,L3-004,,,T1,laptop-maulana,1,WiFi-UB.x,00:33:58:4e:91:e1,2437,6,2.4,20,-82.0,-85.0,3.0,41.6,WPA2/3-Enterprise,capable,
2026-10-09 08:41:10,3,L3-004,,,T1,laptop-maulana,1,WiFi-FILKOM,e8:10:98:82:05:a1,5785,157,5.0,40,-91.0,-100.0,,,WPA2/3-Enterprise,no,
2026-10-09 08:41:10,3,L3-004,,,T1,laptop-maulana,1,FILKOM EVENT,54:d7:e3:45:4c:83,2437,6,2.4,20,-75.0,-85.0,,,WPA2-Personal,no,
2026-10-09 08:41:10,3,L3-004,,,T1,laptop-maulana,1,eduroam,e8:10:98:82:05:a2,5785,157,5.0,40,-90.0,-100.0,,,WPA2/3-Enterprise,no,
2026-10-09 08:41:10,3,L3-004,,,T1,laptop-maulana,1,eduroam,00:33:58:4e:91:e0,2437,6,2.4,20,-81.0,-85.0,2.0,41.6,WPA2/3-Enterprise,capable,
2026-10-09 08:41:10,3,L3-004,,,T1,laptop-maulana,1,eduroam,ec:bd:1d:af:f6:72,2412,1,2.4,20,-79.0,-85.0,2.0,20.8,WPA2/3-Enterprise,capable,
2026-10-09 08:41:10,3,L3-004,,,T1,laptop-maulana,1,WiFi-UB.x,54:d7:e3:42:97:80,2412,1,2.4,20,-78.0,-85.0,,,WPA2/3-Enterprise,no,
2026-10-09 08:41:10,3,L3-004,,,T1,laptop-maulana,1,FILKOM EVENT,ec:bd:1d:af:f6:7c,5745,149,5.0,20,-89.0,-99.0,0.0,19.2,WPA2-Personal,no,
2026-10-09 08:41:10,3,L3-004,,,T1,laptop-maulana,1,WiFi-UB.x,e8:10:98:82:05:a0,5785,157,5.0,40,-91.0,-100.0,,,WPA2/3-Enterprise,no,
2026-10-09 08:41:10,3,L3-004,,,T1,laptop-maulana,1,WiFi-UB.x,c0:c7:0a:98:3a:c1,5765,153,5.0,20,-91.0,-99.0,15.0,55.3,WPA2/3-Enterprise,capable,
2026-10-09 08:41:10,3,L3-004,,,T1,laptop-maulana,1,ScenXus-b0a73235f7d4,b0:a7:32:35:f7:d5,2422,3,2.4,40,-83.0,-87.0,,,OWE,no,
2026-10-09 08:41:10,3,L3-004,,,T1,laptop-maulana,1,eduroam,54:d7:e3:45:4c:82,2437,6,2.4,20,-77.0,-85.0,,,WPA2/3-Enterprise,no,
2026-10-09 08:41:10,3,L3-004,,,T1,laptop-maulana,1,Acen slebew,7e:e5:96:e6:26:7c,2462,11,2.4,20,-76.0,-85.0,,,WPA2-Personal,no,
2026-10-09 08:41:10,3,L3-004,,,T1,laptop-maulana,1,iqoo Z9 ,8a:3f:0f:53:ce:1e,2437,6,2.4,20,-74.0,-85.0,,,WPA2-Personal,no,
2026-10-09 08:41:10,3,L3-004,,,T1,laptop-maulana,1,FILKOM EVENT,e8:10:98:82:05:a3,5785,157,5.0,40,-91.0,-100.0,,,WPA2-Personal,no,
2026-10-09 08:41:10,3,L3-004,,,T1,laptop-maulana,1,FILKOM EVENT,00:33:58:4e:91:e2,2437,6,2.4,20,-81.0,-85.0,1.0,41.6,WPA2-Personal,capable,
2026-10-09 08:41:10,3,L3-004,,,T1,laptop-maulana,1,eduroam,54:d7:e3:41:42:c2,2462,11,2.4,20,-47.0,-85.0,,,WPA2/3-Enterprise,no,
2026-10-09 08:41:10,3,L3-004,,,T1,laptop-maulana,1,mpp,3e:90:a0:6c:cd:11,5745,149,5.0,80,-88.0,-99.0,,,WPA2-Personal,no,
2026-10-09 08:41:10,3,L3-004,,,T1,laptop-maulana,1,FILKOM EVENT,54:d7:e3:41:42:c3,2462,11,2.4,20,-49.0,-85.0,,,WPA2-Personal,no,
2026-10-09 08:41:10,3,L3-004,,,T1,laptop-maulana,1,FILKOM EVENT,ec:bd:1d:af:f6:73,2412,1,2.4,20,-79.0,-85.0,2.0,20.8,WPA2-Personal,no,
2026-10-09 08:41:10,3,L3-004,,,T1,laptop-maulana,1,WiFi-UB.x,ec:bd:1d:af:f6:70,2412,1,2.4,20,-79.0,-85.0,2.0,20.8,WPA2/3-Enterprise,no,
2026-10-09 08:41:10,3,L3-004,,,T1,laptop-maulana,1,iPhone Asw,6a:56:bf:c0:98:b9,2437,6,2.4,20,-51.0,-85.0,,,WPA2-Personal,no,
2026-10-09 08:41:10,3,L3-004,,,T1,laptop-maulana,1,Sakaguchi,c2:b9:99:8f:6a:a5,2462,11,2.4,20,-82.0,-85.0,,,WPA2-Personal,no,
2026-10-09 08:41:10,3,L3-004,,,T1,laptop-maulana,1,Q,16:ef:f3:33:ad:62,2412,1,2.4,20,-73.0,-85.0,,,WPA2-Personal,no,
2026-10-09 08:41:10,3,L3-004,,,T1,laptop-maulana,1,Recover.Me-184350,c0:c7:0a:58:43:5f,2412,1,2.4,20,-49.0,-85.0,0.0,40.4,WPA2-Personal,no,
2026-10-09 08:41:16,3,L3-004,,,T1,laptop-maulana,2,WiFi-UB.x,ec:bd:1d:af:f6:7f,5745,149,5.0,20,-90.0,-99.0,0.0,17.3,WPA2/3-Enterprise,no,
2026-10-09 08:41:16,3,L3-004,,,T1,laptop-maulana,2,Recover.Me-183370,c0:c7:0a:58:33:7f,2412,1,2.4,20,-58.0,-84.0,0.0,18.4,WPA2-Personal,no,
2026-10-09 08:41:16,3,L3-004,,,T1,laptop-maulana,2,WiFi-FILKOM,54:d7:e3:45:4c:81,2437,6,2.4,20,-76.0,-84.0,,,WPA2/3-Enterprise,no,
2026-10-09 08:41:16,3,L3-004,,,T1,laptop-maulana,2,Vanilish,d2:f3:16:82:51:cd,2462,11,2.4,20,-70.0,-84.0,,,WPA2-Personal,no,
2026-10-09 08:41:16,3,L3-004,,,T1,laptop-maulana,2,WiFi-FILKOM,54:d7:e3:41:42:c1,2462,11,2.4,20,-51.0,-84.0,,,WPA2/3-Enterprise,no,
2026-10-09 08:41:16,3,L3-004,,,T1,laptop-maulana,2,WiFi-FILKOM,54:d7:e3:42:97:81,2412,1,2.4,20,-78.0,-85.0,,,WPA2/3-Enterprise,no,
2026-10-09 08:41:16,3,L3-004,,,T1,laptop-maulana,2,FILKOM EVENT,a0:3d:6f:8f:92:23,2462,11,2.4,20,-80.0,-85.0,8.0,4.7,WPA2-Personal,no,
2026-10-09 08:41:16,3,L3-004,,,T1,laptop-maulana,2,WiFi-UB.x,a0:3d:6f:8f:92:20,2462,11,2.4,20,-80.0,-85.0,8.0,4.7,WPA2/3-Enterprise,no,
2026-10-09 08:41:16,3,L3-004,,,T1,laptop-maulana,2,WiFi-UB.x,54:d7:e3:45:4c:80,2437,6,2.4,20,-76.0,-84.0,,,WPA2/3-Enterprise,no,
2026-10-09 08:41:16,3,L3-004,,,T1,laptop-maulana,2,eduroam,c0:c7:0a:98:3a:c0,5765,153,5.0,20,-90.0,-99.0,2.0,55.3,WPA2/3-Enterprise,capable,
2026-10-09 08:41:16,3,L3-004,,,T1,laptop-maulana,2,iPhone,b2:a7:0f:f7:15:51,2437,6,2.4,20,-66.0,-84.0,,,WPA2-Personal,no,
2026-10-09 08:41:16,3,L3-004,,,T1,laptop-maulana,2,WiFi-UB.x,00:33:58:4e:91:e1,2437,6,2.4,20,-82.0,-85.0,3.0,41.6,WPA2/3-Enterprise,capable,
2026-10-09 08:41:16,3,L3-004,,,T1,laptop-maulana,2,WiFi-FILKOM,e8:10:98:82:05:a1,5785,157,5.0,40,-91.0,-100.0,,,WPA2/3-Enterprise,no,
2026-10-09 08:41:16,3,L3-004,,,T1,laptop-maulana,2,FILKOM EVENT,54:d7:e3:45:4c:83,2437,6,2.4,20,-75.0,-85.0,,,WPA2-Personal,no,
2026-10-09 08:41:16,3,L3-004,,,T1,laptop-maulana,2,eduroam,e8:10:98:82:05:a2,5785,157,5.0,40,-90.0,-100.0,,,WPA2/3-Enterprise,no,
2026-10-09 08:41:16,3,L3-004,,,T1,laptop-maulana,2,eduroam,00:33:58:4e:91:e0,2437,6,2.4,20,-82.0,-84.0,2.0,51.4,WPA2/3-Enterprise,capable,
2026-10-09 08:41:16,3,L3-004,,,T1,laptop-maulana,2,eduroam,ec:bd:1d:af:f6:72,2412,1,2.4,20,-75.0,-84.0,2.0,24.7,WPA2/3-Enterprise,capable,
2026-10-09 08:41:16,3,L3-004,,,T1,laptop-maulana,2,WiFi-UB.x,54:d7:e3:42:97:80,2412,1,2.4,20,-78.0,-85.0,,,WPA2/3-Enterprise,no,
2026-10-09 08:41:16,3,L3-004,,,T1,laptop-maulana,2,FILKOM EVENT,ec:bd:1d:af:f6:7c,5745,149,5.0,20,-90.0,-99.0,0.0,17.3,WPA2-Personal,no,
2026-10-09 08:41:16,3,L3-004,,,T1,laptop-maulana,2,WiFi-UB.x,e8:10:98:82:05:a0,5785,157,5.0,40,-91.0,-100.0,,,WPA2/3-Enterprise,no,
2026-10-09 08:41:16,3,L3-004,,,T1,laptop-maulana,2,WiFi-UB.x,c0:c7:0a:98:3a:c1,5765,153,5.0,20,-91.0,-99.0,15.0,55.3,WPA2/3-Enterprise,capable,
2026-10-09 08:41:16,3,L3-004,,,T1,laptop-maulana,2,ScenXus-b0a73235f7d4,b0:a7:32:35:f7:d5,2422,3,2.4,40,-80.0,-84.0,,,OWE,no,
2026-10-09 08:41:16,3,L3-004,,,T1,laptop-maulana,2,eduroam,54:d7:e3:45:4c:82,2437,6,2.4,20,-77.0,-85.0,,,WPA2/3-Enterprise,no,
2026-10-09 08:41:16,3,L3-004,,,T1,laptop-maulana,2,Acen slebew,7e:e5:96:e6:26:7c,2462,11,2.4,20,-78.0,-84.0,,,WPA2-Personal,no,
2026-10-09 08:41:16,3,L3-004,,,T1,laptop-maulana,2,iqoo Z9 ,8a:3f:0f:53:ce:1e,2437,6,2.4,20,-71.0,-84.0,,,WPA2-Personal,no,
2026-10-09 08:41:16,3,L3-004,,,T1,laptop-maulana,2,WiFi-UB.x,54:d7:e3:41:42:c0,2462,11,2.4,20,-51.0,-84.0,,,WPA2/3-Enterprise,no,
2026-10-09 08:41:16,3,L3-004,,,T1,laptop-maulana,2,FILKOM EVENT,e8:10:98:82:05:a3,5785,157,5.0,40,-91.0,-100.0,,,WPA2-Personal,no,
2026-10-09 08:41:16,3,L3-004,,,T1,laptop-maulana,2,FILKOM EVENT,00:33:58:4e:91:e2,2437,6,2.4,20,-81.0,-85.0,1.0,41.6,WPA2-Personal,capable,
2026-10-09 08:41:16,3,L3-004,,,T1,laptop-maulana,2,eduroam,54:d7:e3:41:42:c2,2462,11,2.4,20,-51.0,-84.0,,,WPA2/3-Enterprise,no,
2026-10-09 08:41:16,3,L3-004,,,T1,laptop-maulana,2,mpp,3e:90:a0:6c:cd:11,5745,149,5.0,80,-87.0,-99.0,,,WPA2-Personal,no,
2026-10-09 08:41:16,3,L3-004,,,T1,laptop-maulana,2,FILKOM EVENT,54:d7:e3:41:42:c3,2462,11,2.4,20,-49.0,-85.0,,,WPA2-Personal,no,
2026-10-09 08:41:16,3,L3-004,,,T1,laptop-maulana,2,FILKOM EVENT,ec:bd:1d:af:f6:73,2412,1,2.4,20,-79.0,-85.0,2.0,20.8,WPA2-Personal,no,
2026-10-09 08:41:16,3,L3-004,,,T1,laptop-maulana,2,WiFi-UB.x,ec:bd:1d:af:f6:70,2412,1,2.4,20,-77.0,-84.0,2.0,24.7,WPA2/3-Enterprise,no,
2026-10-09 08:41:16,3,L3-004,,,T1,laptop-maulana,2,iPhone Asw,6a:56:bf:c0:98:b9,2437,6,2.4,20,-45.0,-84.0,,,WPA2-Personal,no,
2026-10-09 08:41:16,3,L3-004,,,T1,laptop-maulana,2,Sakaguchi,c2:b9:99:8f:6a:a5,2462,11,2.4,20,-82.0,-85.0,,,WPA2-Personal,no,
2026-10-09 08:41:16,3,L3-004,,,T1,laptop-maulana,2,Q,16:ef:f3:33:ad:62,2412,1,2.4,20,-73.0,-85.0,,,WPA2-Personal,no,
2026-10-09 08:41:16,3,L3-004,,,T1,laptop-maulana,2,Recover.Me-184350,c0:c7:0a:58:43:5f,2412,1,2.4,20,-47.0,-84.0,0.0,45.1,WPA2-Personal,no,
2026-10-09 08:41:16,3,L3-004,,,T1,laptop-maulana,2,iHome5G15,1a:a3:ef:fa:1d:79,5745,149,5.0,80,-90.0,-99.0,,,WPA2-Personal,no,
2026-10-09 08:41:22,3,L3-004,,,T1,laptop-maulana,3,WiFi-UB.x,ec:bd:1d:af:f6:7f,5745,149,5.0,20,-90.0,-99.0,0.0,17.3,WPA2/3-Enterprise,no,
2026-10-09 08:41:22,3,L3-004,,,T1,laptop-maulana,3,Recover.Me-183370,c0:c7:0a:58:33:7f,2412,1,2.4,20,-58.0,-84.0,0.0,18.4,WPA2-Personal,no,
2026-10-09 08:41:22,3,L3-004,,,T1,laptop-maulana,3,WiFi-FILKOM,54:d7:e3:45:4c:81,2437,6,2.4,20,-76.0,-84.0,,,WPA2/3-Enterprise,no,
2026-10-09 08:41:22,3,L3-004,,,T1,laptop-maulana,3,Vanilish,d2:f3:16:82:51:cd,2462,11,2.4,20,-70.0,-84.0,,,WPA2-Personal,no,
2026-10-09 08:41:22,3,L3-004,,,T1,laptop-maulana,3,WiFi-FILKOM,54:d7:e3:41:42:c1,2462,11,2.4,20,-51.0,-84.0,,,WPA2/3-Enterprise,no,
2026-10-09 08:41:22,3,L3-004,,,T1,laptop-maulana,3,WiFi-FILKOM,54:d7:e3:42:97:81,2412,1,2.4,20,-78.0,-85.0,,,WPA2/3-Enterprise,no,
2026-10-09 08:41:22,3,L3-004,,,T1,laptop-maulana,3,FILKOM EVENT,a0:3d:6f:8f:92:23,2462,11,2.4,20,-80.0,-85.0,8.0,4.7,WPA2-Personal,no,
2026-10-09 08:41:22,3,L3-004,,,T1,laptop-maulana,3,WiFi-UB.x,a0:3d:6f:8f:92:20,2462,11,2.4,20,-80.0,-85.0,8.0,4.7,WPA2/3-Enterprise,no,
2026-10-09 08:41:22,3,L3-004,,,T1,laptop-maulana,3,WiFi-UB.x,54:d7:e3:45:4c:80,2437,6,2.4,20,-76.0,-84.0,,,WPA2/3-Enterprise,no,
2026-10-09 08:41:22,3,L3-004,,,T1,laptop-maulana,3,iPhone,b2:a7:0f:f7:15:51,2437,6,2.4,20,-66.0,-84.0,,,WPA2-Personal,no,
2026-10-09 08:41:22,3,L3-004,,,T1,laptop-maulana,3,eduroam,c0:c7:0a:98:3a:c0,5765,153,5.0,20,-90.0,-99.0,2.0,55.3,WPA2/3-Enterprise,capable,
2026-10-09 08:41:22,3,L3-004,,,T1,laptop-maulana,3,WiFi-UB.x,00:33:58:4e:91:e1,2437,6,2.4,20,-82.0,-85.0,3.0,41.6,WPA2/3-Enterprise,capable,
2026-10-09 08:41:22,3,L3-004,,,T1,laptop-maulana,3,WiFi-FILKOM,e8:10:98:82:05:a1,5785,157,5.0,40,-91.0,-100.0,,,WPA2/3-Enterprise,no,
2026-10-09 08:41:22,3,L3-004,,,T1,laptop-maulana,3,FILKOM EVENT,54:d7:e3:45:4c:83,2437,6,2.4,20,-75.0,-85.0,,,WPA2-Personal,no,
2026-10-09 08:41:22,3,L3-004,,,T1,laptop-maulana,3,eduroam,e8:10:98:82:05:a2,5785,157,5.0,40,-90.0,-100.0,,,WPA2/3-Enterprise,no,
2026-10-09 08:41:22,3,L3-004,,,T1,laptop-maulana,3,eduroam,00:33:58:4e:91:e0,2437,6,2.4,20,-82.0,-84.0,2.0,51.4,WPA2/3-Enterprise,capable,
2026-10-09 08:41:22,3,L3-004,,,T1,laptop-maulana,3,eduroam,ec:bd:1d:af:f6:72,2412,1,2.4,20,-75.0,-84.0,2.0,24.7,WPA2/3-Enterprise,capable,
2026-10-09 08:41:22,3,L3-004,,,T1,laptop-maulana,3,WiFi-UB.x,54:d7:e3:42:97:80,2412,1,2.4,20,-78.0,-85.0,,,WPA2/3-Enterprise,no,
2026-10-09 08:41:22,3,L3-004,,,T1,laptop-maulana,3,FILKOM EVENT,ec:bd:1d:af:f6:7c,5745,149,5.0,20,-90.0,-99.0,0.0,17.3,WPA2-Personal,no,
2026-10-09 08:41:22,3,L3-004,,,T1,laptop-maulana,3,WiFi-UB.x,e8:10:98:82:05:a0,5785,157,5.0,40,-91.0,-100.0,,,WPA2/3-Enterprise,no,
2026-10-09 08:41:22,3,L3-004,,,T1,laptop-maulana,3,WiFi-UB.x,c0:c7:0a:98:3a:c1,5765,153,5.0,20,-91.0,-99.0,15.0,55.3,WPA2/3-Enterprise,capable,
2026-10-09 08:41:22,3,L3-004,,,T1,laptop-maulana,3,ScenXus-b0a73235f7d4,b0:a7:32:35:f7:d5,2422,3,2.4,40,-80.0,-84.0,,,OWE,no,
2026-10-09 08:41:22,3,L3-004,,,T1,laptop-maulana,3,Acen slebew,7e:e5:96:e6:26:7c,2462,11,2.4,20,-78.0,-84.0,,,WPA2-Personal,no,
2026-10-09 08:41:22,3,L3-004,,,T1,laptop-maulana,3,eduroam,54:d7:e3:45:4c:82,2437,6,2.4,20,-77.0,-85.0,,,WPA2/3-Enterprise,no,
2026-10-09 08:41:22,3,L3-004,,,T1,laptop-maulana,3,iqoo Z9 ,8a:3f:0f:53:ce:1e,2437,6,2.4,20,-71.0,-84.0,,,WPA2-Personal,no,
2026-10-09 08:41:22,3,L3-004,,,T1,laptop-maulana,3,WiFi-UB.x,54:d7:e3:41:42:c0,2462,11,2.4,20,-51.0,-84.0,,,WPA2/3-Enterprise,no,
2026-10-09 08:41:22,3,L3-004,,,T1,laptop-maulana,3,FILKOM EVENT,e8:10:98:82:05:a3,5785,157,5.0,40,-91.0,-100.0,,,WPA2-Personal,no,
2026-10-09 08:41:22,3,L3-004,,,T1,laptop-maulana,3,FILKOM EVENT,00:33:58:4e:91:e2,2437,6,2.4,20,-81.0,-85.0,1.0,41.6,WPA2-Personal,capable,
2026-10-09 08:41:22,3,L3-004,,,T1,laptop-maulana,3,eduroam,54:d7:e3:41:42:c2,2462,11,2.4,20,-51.0,-84.0,,,WPA2/3-Enterprise,no,
2026-10-09 08:41:22,3,L3-004,,,T1,laptop-maulana,3,mpp,3e:90:a0:6c:cd:11,5745,149,5.0,80,-87.0,-99.0,,,WPA2-Personal,no,
2026-10-09 08:41:22,3,L3-004,,,T1,laptop-maulana,3,FILKOM EVENT,54:d7:e3:41:42:c3,2462,11,2.4,20,-49.0,-85.0,,,WPA2-Personal,no,
2026-10-09 08:41:22,3,L3-004,,,T1,laptop-maulana,3,FILKOM EVENT,ec:bd:1d:af:f6:73,2412,1,2.4,20,-79.0,-85.0,2.0,20.8,WPA2-Personal,no,
2026-10-09 08:41:22,3,L3-004,,,T1,laptop-maulana,3,WiFi-UB.x,ec:bd:1d:af:f6:70,2412,1,2.4,20,-77.0,-84.0,2.0,24.7,WPA2/3-Enterprise,no,
2026-10-09 08:41:22,3,L3-004,,,T1,laptop-maulana,3,iPhone Asw,6a:56:bf:c0:98:b9,2437,6,2.4,20,-45.0,-84.0,,,WPA2-Personal,no,
2026-10-09 08:41:22,3,L3-004,,,T1,laptop-maulana,3,Sakaguchi,c2:b9:99:8f:6a:a5,2462,11,2.4,20,-82.0,-85.0,,,WPA2-Personal,no,
2026-10-09 08:41:22,3,L3-004,,,T1,laptop-maulana,3,Q,16:ef:f3:33:ad:62,2412,1,2.4,20,-73.0,-85.0,,,WPA2-Personal,no,
2026-10-09 08:41:22,3,L3-004,,,T1,laptop-maulana,3,Recover.Me-184350,c0:c7:0a:58:43:5f,2412,1,2.4,20,-47.0,-84.0,0.0,45.1,WPA2-Personal,no,
2026-10-09 08:41:22,3,L3-004,,,T1,laptop-maulana,3,iHome5G15,1a:a3:ef:fa:1d:79,5745,149,5.0,80,-90.0,-99.0,,,WPA2-Personal,no,
2026-10-09 08:43:07,3,L3-010,,,T1,laptop-maulana,1,Q,16:ef:f3:33:ad:62,2412,1,2.4,20,-53.0,-76.0,,,WPA2-Personal,no,
2026-10-09 08:43:07,3,L3-010,,,T1,laptop-maulana,1,iqoo Z9 ,8a:3f:0f:53:ce:1e,2437,6,2.4,20,-51.0,-78.0,,,WPA2-Personal,no,
2026-10-09 08:43:07,3,L3-010,,,T1,laptop-maulana,1,Vanilish,d2:f3:16:82:51:cd,2462,11,2.4,20,-84.0,-76.0,,,WPA2-Personal,no,
2026-10-09 08:43:07,3,L3-010,,,T1,laptop-maulana,1,WiFi-FILKOM,54:d7:e3:42:97:81,2412,1,2.4,20,-40.0,-78.0,,,WPA2/3-Enterprise,no,
2026-10-09 08:43:07,3,L3-010,,,T1,laptop-maulana,1,mpp,3e:90:a0:6c:cd:11,5745,149,5.0,80,-90.0,-99.0,,,WPA2-Personal,no,
2026-10-09 08:43:07,3,L3-010,,,T1,laptop-maulana,1,WiFi-UB.x,54:d7:e3:45:4c:80,2437,6,2.4,20,-72.0,-78.0,,,WPA2/3-Enterprise,no,
2026-10-09 08:43:07,3,L3-010,,,T1,laptop-maulana,1,WiFi-FILKOM,e8:10:98:82:0b:41,5745,149,5.0,40,-83.0,-99.0,,,WPA2/3-Enterprise,no,
2026-10-09 08:43:07,3,L3-010,,,T1,laptop-maulana,1,eduroam,e8:10:98:82:0b:42,5745,149,5.0,40,-83.0,-99.0,,,WPA2/3-Enterprise,no,
2026-10-09 08:43:07,3,L3-010,,,T1,laptop-maulana,1,iPhone Asw,6a:56:bf:c0:98:b9,2437,6,2.4,20,-44.0,-78.0,,,WPA2-Personal,no,
2026-10-09 08:43:07,3,L3-010,,,T1,laptop-maulana,1,FILKOM EVENT,54:d7:e3:42:97:83,2412,1,2.4,20,-40.0,-78.0,,,WPA2-Personal,no,
2026-10-09 08:43:07,3,L3-010,,,T1,laptop-maulana,1,WiFi-UB.x,54:d7:e3:42:97:80,2412,1,2.4,20,-39.0,-78.0,,,WPA2/3-Enterprise,no,
2026-10-09 08:43:07,3,L3-010,,,T1,laptop-maulana,1,eduroam,54:d7:e3:42:97:82,2412,1,2.4,20,-39.0,-78.0,,,WPA2/3-Enterprise,no,
2026-10-09 08:43:07,3,L3-010,,,T1,laptop-maulana,1,Recover.Me-184350,c0:c7:0a:58:43:5f,2412,1,2.4,20,-54.0,-78.0,0.0,45.9,WPA2-Personal,no,
2026-10-09 08:43:07,3,L3-010,,,T1,laptop-maulana,1,WiFi-UB.x,e8:10:98:82:0b:40,5745,149,5.0,40,-83.0,-99.0,,,WPA2/3-Enterprise,no,
2026-10-09 08:43:07,3,L3-010,,,T1,laptop-maulana,1,FILKOM EVENT,e8:10:98:82:0b:43,5745,149,5.0,40,-83.0,-99.0,,,WPA2-Personal,no,
2026-10-09 08:43:07,3,L3-010,,,T1,laptop-maulana,1,WiFi-FILKOM,54:d7:e3:45:4c:81,2437,6,2.4,20,-72.0,-78.0,,,WPA2/3-Enterprise,no,
2026-10-09 08:43:07,3,L3-010,,,T1,laptop-maulana,1,Sakaguchi,c2:b9:99:8f:6a:a5,2462,11,2.4,20,-81.0,-76.0,,,WPA2-Personal,no,
2026-10-09 08:43:13,3,L3-010,,,T1,laptop-maulana,2,,4a:22:54:75:73:b0,5785,157,5.0,80,-92.0,-99.0,,,WPA2-Personal,no,
2026-10-09 08:43:13,3,L3-010,,,T1,laptop-maulana,2,iqoo Z9 ,8a:3f:0f:53:ce:1e,2437,6,2.4,20,-51.0,-78.0,,,WPA2-Personal,no,
2026-10-09 08:43:13,3,L3-010,,,T1,laptop-maulana,2,Q,16:ef:f3:33:ad:62,2412,1,2.4,20,-53.0,-76.0,,,WPA2-Personal,no,
2026-10-09 08:43:13,3,L3-010,,,T1,laptop-maulana,2,Vanilish,d2:f3:16:82:51:cd,2462,11,2.4,20,-84.0,-76.0,,,WPA2-Personal,no,
2026-10-09 08:43:13,3,L3-010,,,T1,laptop-maulana,2,WiFi-FILKOM,54:d7:e3:42:97:81,2412,1,2.4,20,-40.0,-78.0,,,WPA2/3-Enterprise,no,
2026-10-09 08:43:13,3,L3-010,,,T1,laptop-maulana,2,mpp,3e:90:a0:6c:cd:11,5745,149,5.0,80,-90.0,-99.0,,,WPA2-Personal,no,
2026-10-09 08:43:13,3,L3-010,,,T1,laptop-maulana,2,WiFi-UB.x,54:d7:e3:45:4c:80,2437,6,2.4,20,-72.0,-78.0,,,WPA2/3-Enterprise,no,
2026-10-09 08:43:13,3,L3-010,,,T1,laptop-maulana,2,WiFi-FILKOM,e8:10:98:82:0b:41,5745,149,5.0,40,-83.0,-99.0,,,WPA2/3-Enterprise,no,
2026-10-09 08:43:13,3,L3-010,,,T1,laptop-maulana,2,eduroam,e8:10:98:82:0b:42,5745,149,5.0,40,-83.0,-99.0,,,WPA2/3-Enterprise,no,
2026-10-09 08:43:13,3,L3-010,,,T1,laptop-maulana,2,WiFi-UB.x,54:d7:e3:42:97:80,2412,1,2.4,20,-39.0,-78.0,,,WPA2/3-Enterprise,no,
2026-10-09 08:43:13,3,L3-010,,,T1,laptop-maulana,2,FILKOM EVENT,54:d7:e3:42:97:83,2412,1,2.4,20,-40.0,-78.0,,,WPA2-Personal,no,
2026-10-09 08:43:13,3,L3-010,,,T1,laptop-maulana,2,iPhone Asw,6a:56:bf:c0:98:b9,2437,6,2.4,20,-44.0,-78.0,,,WPA2-Personal,no,
2026-10-09 08:43:13,3,L3-010,,,T1,laptop-maulana,2,eduroam,54:d7:e3:42:97:82,2412,1,2.4,20,-39.0,-78.0,,,WPA2/3-Enterprise,no,
2026-10-09 08:43:13,3,L3-010,,,T1,laptop-maulana,2,Recover.Me-184350,c0:c7:0a:58:43:5f,2412,1,2.4,20,-54.0,-78.0,0.0,45.9,WPA2-Personal,no,
2026-10-09 08:43:13,3,L3-010,,,T1,laptop-maulana,2,WiFi-UB.x,e8:10:98:82:0b:40,5745,149,5.0,40,-83.0,-99.0,,,WPA2/3-Enterprise,no,
2026-10-09 08:43:13,3,L3-010,,,T1,laptop-maulana,2,FILKOM EVENT,e8:10:98:82:0b:43,5745,149,5.0,40,-83.0,-99.0,,,WPA2-Personal,no,
2026-10-09 08:43:13,3,L3-010,,,T1,laptop-maulana,2,WiFi-FILKOM,54:d7:e3:45:4c:81,2437,6,2.4,20,-72.0,-78.0,,,WPA2/3-Enterprise,no,
2026-10-09 08:43:13,3,L3-010,,,T1,laptop-maulana,2,Sakaguchi,c2:b9:99:8f:6a:a5,2462,11,2.4,20,-81.0,-76.0,,,WPA2-Personal,no,
2026-10-09 08:43:18,3,L3-010,,,T1,laptop-maulana,3,iqoo Z9 ,8a:3f:0f:53:ce:1e,2437,6,2.4,20,-51.0,-78.0,,,WPA2-Personal,no,
2026-10-09 08:43:18,3,L3-010,,,T1,laptop-maulana,3,eduroam,e8:10:98:82:0b:42,5745,149,5.0,40,-83.0,-99.0,,,WPA2/3-Enterprise,no,
2026-10-09 08:43:18,3,L3-010,,,T1,laptop-maulana,3,WiFi-FILKOM,54:d7:e3:45:4c:81,2437,6,2.4,20,-72.0,-78.0,,,WPA2/3-Enterprise,no,
2026-10-09 08:43:18,3,L3-010,,,T1,laptop-maulana,3,WiFi-FILKOM,e8:10:98:82:0b:41,5745,149,5.0,40,-83.0,-99.0,,,WPA2/3-Enterprise,no,
2026-10-09 08:43:18,3,L3-010,,,T1,laptop-maulana,3,FILKOM EVENT,54:d7:e3:42:97:83,2412,1,2.4,20,-44.0,-79.0,,,WPA2-Personal,no,
2026-10-09 08:43:18,3,L3-010,,,T1,laptop-maulana,3,mpp,3e:90:a0:6c:cd:11,5745,149,5.0,80,-86.0,-99.0,,,WPA2-Personal,no,
2026-10-09 08:43:18,3,L3-010,,,T1,laptop-maulana,3,ScenXus-b0a73235f7d4,b0:a7:32:35:f7:d5,2422,3,2.4,40,-65.0,-79.0,,,OWE,no,
2026-10-09 08:43:18,3,L3-010,,,T1,laptop-maulana,3,nanadd,4a:94:9a:ef:ad:8a,2412,1,2.4,20,-78.0,-79.0,,,WPA2-Personal,no,
2026-10-09 08:43:18,3,L3-010,,,T1,laptop-maulana,3,FILKOM EVENT,e8:10:98:82:0b:43,5745,149,5.0,40,-83.0,-99.0,,,WPA2-Personal,no,
2026-10-09 08:43:18,3,L3-010,,,T1,laptop-maulana,3,WiFi-UB.x,c0:c7:0a:98:34:11,5785,157,5.0,20,-91.0,-100.0,12.0,33.7,WPA2/3-Enterprise,capable,
2026-10-09 08:43:18,3,L3-010,,,T1,laptop-maulana,3,Sakaguchi,c2:b9:99:8f:6a:a5,2462,11,2.4,20,-73.0,-79.0,,,WPA2-Personal,no,
2026-10-09 08:43:18,3,L3-010,,,T1,laptop-maulana,3,WiFi-FILKOM,54:d7:e3:42:97:81,2412,1,2.4,20,-44.0,-79.0,,,WPA2/3-Enterprise,no,
2026-10-09 08:43:18,3,L3-010,,,T1,laptop-maulana,3,iPhone Asw,6a:56:bf:c0:98:b9,2437,6,2.4,20,-50.0,-79.0,,,WPA2-Personal,no,
2026-10-09 08:43:18,3,L3-010,,,T1,laptop-maulana,3,eduroam,54:d7:e3:42:97:82,2412,1,2.4,20,-44.0,-79.0,,,WPA2/3-Enterprise,no,
2026-10-09 08:43:18,3,L3-010,,,T1,laptop-maulana,3,ROBOTIIK,48:22:54:15:73:b2,5785,157,5.0,80,-90.0,-100.0,,,WPA2-Personal,no,
2026-10-09 08:43:18,3,L3-010,,,T1,laptop-maulana,3,WiFi-UB.x,54:d7:e3:45:4c:80,2437,6,2.4,20,-72.0,-78.0,,,WPA2/3-Enterprise,no,
2026-10-09 08:43:18,3,L3-010,,,T1,laptop-maulana,3,Q,16:ef:f3:33:ad:62,2412,1,2.4,20,-39.0,-79.0,,,WPA2-Personal,no,
2026-10-09 08:43:18,3,L3-010,,,T1,laptop-maulana,3,Recover.Me-184350,c0:c7:0a:58:43:5f,2412,1,2.4,20,-49.0,-79.0,0.0,46.3,WPA2-Personal,no,
2026-10-09 08:43:18,3,L3-010,,,T1,laptop-maulana,3,WiFi-UB.x,e8:10:98:82:0b:40,5745,149,5.0,40,-83.0,-99.0,,,WPA2/3-Enterprise,no,
2026-10-09 08:43:18,3,L3-010,,,T1,laptop-maulana,3,WiFi-UB.x,54:d7:e3:42:97:80,2412,1,2.4,20,-44.0,-79.0,,,WPA2/3-Enterprise,no,
2026-10-09 08:43:18,3,L3-010,,,T1,laptop-maulana,3,Vanilish,d2:f3:16:82:51:cd,2462,11,2.4,20,-84.0,-76.0,,,WPA2-Personal,no,
2026-10-09 09:29:52,3,L3-003,,,T1,laptop-maulana,1,WiFi-UB.x,54:d7:e3:41:42:c0,2462,11,2.4,20,-62.0,-83.0,,,WPA2/3-Enterprise,no,
2026-10-09 09:29:52,3,L3-003,,,T1,laptop-maulana,1,FILKOM EVENT,54:d7:e3:41:42:c3,2462,11,2.4,20,-62.0,-83.0,,,WPA2-Personal,no,
2026-10-09 09:29:52,3,L3-003,,,T1,laptop-maulana,1,WiFi-UB.x,54:d7:e3:45:4c:80,2437,6,2.4,20,-74.0,-83.0,,,WPA2/3-Enterprise,no,
2026-10-09 09:29:52,3,L3-003,,,T1,laptop-maulana,1,WiFi-FILKOM,54:d7:e3:41:42:c1,2462,11,2.4,20,-62.0,-83.0,,,WPA2/3-Enterprise,no,
2026-10-09 09:29:52,3,L3-003,,,T1,laptop-maulana,1,iPhone Asw,6a:56:bf:c0:98:b9,2437,6,2.4,20,-40.0,-83.0,,,WPA2-Personal,no,
2026-10-09 09:29:52,3,L3-003,,,T1,laptop-maulana,1,eduroam,c8:a6:08:8b:1e:a0,5805,161,5.0,20,-85.0,-98.0,3.0,26.3,WPA2/3-Enterprise,capable,
2026-10-09 09:29:52,3,L3-003,,,T1,laptop-maulana,1,Recover.Me-184350,c0:c7:0a:58:43:5f,2412,1,2.4,20,-52.0,-81.0,0.0,41.2,WPA2-Personal,no,
2026-10-09 09:29:52,3,L3-003,,,T1,laptop-maulana,1,eduroam,54:d7:e3:41:42:c2,2462,11,2.4,20,-62.0,-83.0,,,WPA2/3-Enterprise,no,
2026-10-09 09:29:52,3,L3-003,,,T1,laptop-maulana,1,WiFi-UB.x,c8:a6:08:8b:1e:a1,5805,161,5.0,20,-85.0,-98.0,8.0,26.3,WPA2/3-Enterprise,capable,
2026-10-09 09:29:52,3,L3-003,,,T1,laptop-maulana,1,eduroam,54:d7:e3:45:4c:82,2437,6,2.4,20,-74.0,-83.0,,,WPA2/3-Enterprise,no,
2026-10-09 09:29:52,3,L3-003,,,T1,laptop-maulana,1,FILKOM EVENT,ec:bd:1d:af:f6:7c,5745,149,5.0,20,-89.0,-99.0,2.0,6.7,WPA2-Personal,no,
2026-10-09 09:29:52,3,L3-003,,,T1,laptop-maulana,1,Recover.Me-183370,c0:c7:0a:58:33:7f,2412,1,2.4,20,-57.0,-81.0,0.0,21.2,WPA2-Personal,no,
2026-10-09 09:29:52,3,L3-003,,,T1,laptop-maulana,1,WiFi-FILKOM,54:d7:e3:45:4c:81,2437,6,2.4,20,-74.0,-83.0,,,WPA2/3-Enterprise,no,
2026-10-09 09:29:58,3,L3-003,,,T1,laptop-maulana,2,WiFi-UB.x,54:d7:e3:41:42:c0,2462,11,2.4,20,-62.0,-83.0,,,WPA2/3-Enterprise,no,
2026-10-09 09:29:58,3,L3-003,,,T1,laptop-maulana,2,FILKOM EVENT,54:d7:e3:41:42:c3,2462,11,2.4,20,-62.0,-83.0,,,WPA2-Personal,no,
2026-10-09 09:29:58,3,L3-003,,,T1,laptop-maulana,2,WiFi-UB.x,54:d7:e3:45:4c:80,2437,6,2.4,20,-74.0,-83.0,,,WPA2/3-Enterprise,no,
2026-10-09 09:29:58,3,L3-003,,,T1,laptop-maulana,2,eduroam,c8:a6:08:8b:1e:a0,5805,161,5.0,20,-85.0,-98.0,3.0,26.3,WPA2/3-Enterprise,capable,
2026-10-09 09:29:58,3,L3-003,,,T1,laptop-maulana,2,iPhone Asw,6a:56:bf:c0:98:b9,2437,6,2.4,20,-40.0,-83.0,,,WPA2-Personal,no,
2026-10-09 09:29:58,3,L3-003,,,T1,laptop-maulana,2,WiFi-FILKOM,54:d7:e3:41:42:c1,2462,11,2.4,20,-62.0,-83.0,,,WPA2/3-Enterprise,no,
2026-10-09 09:29:58,3,L3-003,,,T1,laptop-maulana,2,Recover.Me-184350,c0:c7:0a:58:43:5f,2412,1,2.4,20,-52.0,-81.0,0.0,41.2,WPA2-Personal,no,
2026-10-09 09:29:58,3,L3-003,,,T1,laptop-maulana,2,eduroam,54:d7:e3:41:42:c2,2462,11,2.4,20,-62.0,-83.0,,,WPA2/3-Enterprise,no,
2026-10-09 09:29:58,3,L3-003,,,T1,laptop-maulana,2,FILKOM EVENT,ec:bd:1d:af:f6:7c,5745,149,5.0,20,-89.0,-99.0,2.0,6.7,WPA2-Personal,no,
2026-10-09 09:29:58,3,L3-003,,,T1,laptop-maulana,2,eduroam,54:d7:e3:45:4c:82,2437,6,2.4,20,-74.0,-83.0,,,WPA2/3-Enterprise,no,
2026-10-09 09:29:58,3,L3-003,,,T1,laptop-maulana,2,Recover.Me-183370,c0:c7:0a:58:33:7f,2412,1,2.4,20,-57.0,-81.0,0.0,21.2,WPA2-Personal,no,
2026-10-09 09:29:58,3,L3-003,,,T1,laptop-maulana,2,WiFi-UB.x,c8:a6:08:8b:1e:a1,5805,161,5.0,20,-85.0,-98.0,8.0,26.3,WPA2/3-Enterprise,capable,
2026-10-09 09:29:58,3,L3-003,,,T1,laptop-maulana,2,WiFi-FILKOM,54:d7:e3:45:4c:81,2437,6,2.4,20,-74.0,-83.0,,,WPA2/3-Enterprise,no,
2026-10-09 09:30:03,3,L3-003,,,T1,laptop-maulana,3,WiFi-UB.x,54:d7:e3:41:42:c0,2462,11,2.4,20,-68.0,-83.0,,,WPA2/3-Enterprise,no,
2026-10-09 09:30:03,3,L3-003,,,T1,laptop-maulana,3,FILKOM EVENT,54:d7:e3:41:42:c3,2462,11,2.4,20,-68.0,-83.0,,,WPA2-Personal,no,
2026-10-09 09:30:03,3,L3-003,,,T1,laptop-maulana,3,WiFi-UB.x,54:d7:e3:45:4c:80,2437,6,2.4,20,-75.0,-83.0,,,WPA2/3-Enterprise,no,
2026-10-09 09:30:03,3,L3-003,,,T1,laptop-maulana,3,eduroam,c8:a6:08:8b:1e:a0,5805,161,5.0,20,-84.0,-99.0,3.0,32.9,WPA2/3-Enterprise,capable,
2026-10-09 09:30:03,3,L3-003,,,T1,laptop-maulana,3,WiFi-FILKOM,54:d7:e3:41:42:c1,2462,11,2.4,20,-68.0,-83.0,,,WPA2/3-Enterprise,no,
2026-10-09 09:30:03,3,L3-003,,,T1,laptop-maulana,3,FILKOM EVENT,54:d7:e3:45:4c:83,2437,6,2.4,20,-74.0,-83.0,,,WPA2-Personal,no,
2026-10-09 09:30:03,3,L3-003,,,T1,laptop-maulana,3,iPhone Asw,6a:56:bf:c0:98:b9,2437,6,2.4,20,-43.0,-83.0,,,WPA2-Personal,no,
2026-10-09 09:30:03,3,L3-003,,,T1,laptop-maulana,3,Recover.Me-184350,c0:c7:0a:58:43:5f,2412,1,2.4,20,-58.0,-83.0,0.0,46.3,WPA2-Personal,no,
2026-10-09 09:30:03,3,L3-003,,,T1,laptop-maulana,3,eduroam,54:d7:e3:41:42:c2,2462,11,2.4,20,-68.0,-83.0,,,WPA2/3-Enterprise,no,
2026-10-09 09:30:03,3,L3-003,,,T1,laptop-maulana,3,WiFi-UB.x,c8:a6:08:8b:1e:a1,5805,161,5.0,20,-85.0,-98.0,8.0,26.3,WPA2/3-Enterprise,capable,
2026-10-09 09:30:03,3,L3-003,,,T1,laptop-maulana,3,eduroam,54:d7:e3:45:4c:82,2437,6,2.4,20,-75.0,-83.0,,,WPA2/3-Enterprise,no,
2026-10-09 09:30:03,3,L3-003,,,T1,laptop-maulana,3,Recover.Me-183370,c0:c7:0a:58:33:7f,2412,1,2.4,20,-60.0,-83.0,0.0,22.0,WPA2-Personal,no,
2026-10-09 09:30:03,3,L3-003,,,T1,laptop-maulana,3,FILKOM EVENT,ec:bd:1d:af:f6:7c,5745,149,5.0,20,-90.0,-99.0,3.0,7.8,WPA2-Personal,no,
2026-10-09 09:30:03,3,L3-003,,,T1,laptop-maulana,3,WiFi-FILKOM,54:d7:e3:45:4c:81,2437,6,2.4,20,-75.0,-83.0,,,WPA2/3-Enterprise,no,
2026-10-09 09:30:21,3,L3-002,,,T1,laptop-maulana,1,WiFi-UB.x,54:d7:e3:41:42:c0,2462,11,2.4,20,-66.0,-82.0,,,WPA2/3-Enterprise,no,
2026-10-09 09:30:21,3,L3-002,,,T1,laptop-maulana,1,WiFi-UB.x,e8:10:98:82:05:a0,5785,157,5.0,40,-93.0,-99.0,,,WPA2/3-Enterprise,no,
2026-10-09 09:30:21,3,L3-002,,,T1,laptop-maulana,1,FILKOM EVENT,54:d7:e3:41:42:c3,2462,11,2.4,20,-66.0,-82.0,,,WPA2-Personal,no,
2026-10-09 09:30:21,3,L3-002,,,T1,laptop-maulana,1,WiFi-UB.x,54:d7:e3:45:4c:80,2437,6,2.4,20,-74.0,-81.0,,,WPA2/3-Enterprise,no,
2026-10-09 09:30:21,3,L3-002,,,T1,laptop-maulana,1,eduroam,ec:bd:1d:af:f6:7d,5745,149,5.0,20,-92.0,-99.0,2.0,0.8,WPA2/3-Enterprise,capable,
2026-10-09 09:30:21,3,L3-002,,,T1,laptop-maulana,1,WiFi-FILKOM,54:d7:e3:41:42:c1,2462,11,2.4,20,-66.0,-82.0,,,WPA2/3-Enterprise,no,
2026-10-09 09:30:21,3,L3-002,,,T1,laptop-maulana,1,FILKOM EVENT,e8:10:98:82:05:a3,5785,157,5.0,40,-93.0,-99.0,,,WPA2-Personal,no,
2026-10-09 09:30:21,3,L3-002,,,T1,laptop-maulana,1,FILKOM EVENT,54:d7:e3:45:4c:83,2437,6,2.4,20,-74.0,-83.0,,,WPA2-Personal,no,
2026-10-09 09:30:21,3,L3-002,,,T1,laptop-maulana,1,iPhone Asw,6a:56:bf:c0:98:b9,2437,6,2.4,20,-42.0,-81.0,,,WPA2-Personal,no,
2026-10-09 09:30:21,3,L3-002,,,T1,laptop-maulana,1,WiFi-UB.x,ec:bd:1d:af:f6:7f,5745,149,5.0,20,-91.0,-99.0,2.0,0.8,WPA2/3-Enterprise,no,
2026-10-09 09:30:21,3,L3-002,,,T1,laptop-maulana,1,eduroam,c8:a6:08:8b:1e:a0,5805,161,5.0,20,-84.0,-99.0,3.0,32.9,WPA2/3-Enterprise,capable,
2026-10-09 09:30:21,3,L3-002,,,T1,laptop-maulana,1,Recover.Me-184350,c0:c7:0a:58:43:5f,2412,1,2.4,20,-56.0,-81.0,0.0,42.7,WPA2-Personal,no,
2026-10-09 09:30:21,3,L3-002,,,T1,laptop-maulana,1,eduroam,54:d7:e3:41:42:c2,2462,11,2.4,20,-66.0,-82.0,,,WPA2/3-Enterprise,no,
2026-10-09 09:30:21,3,L3-002,,,T1,laptop-maulana,1,FILKOM EVENT,ec:bd:1d:af:f6:7c,5745,149,5.0,20,-90.0,-99.0,3.0,7.8,WPA2-Personal,no,
2026-10-09 09:30:21,3,L3-002,,,T1,laptop-maulana,1,eduroam,54:d7:e3:45:4c:82,2437,6,2.4,20,-75.0,-83.0,,,WPA2/3-Enterprise,no,
2026-10-09 09:30:21,3,L3-002,,,T1,laptop-maulana,1,Recover.Me-183370,c0:c7:0a:58:33:7f,2412,1,2.4,20,-59.0,-81.0,0.0,17.6,WPA2-Personal,no,
2026-10-09 09:30:21,3,L3-002,,,T1,laptop-maulana,1,WiFi-UB.x,c8:a6:08:8b:1e:a1,5805,161,5.0,20,-85.0,-98.0,8.0,26.3,WPA2/3-Enterprise,capable,
2026-10-09 09:30:21,3,L3-002,,,T1,laptop-maulana,1,WiFi-FILKOM,54:d7:e3:45:4c:81,2437,6,2.4,20,-74.0,-81.0,,,WPA2/3-Enterprise,no,
2026-10-09 09:30:27,3,L3-002,,,T1,laptop-maulana,2,WiFi-UB.x,54:d7:e3:41:42:c0,2462,11,2.4,20,-66.0,-82.0,,,WPA2/3-Enterprise,no,
2026-10-09 09:30:27,3,L3-002,,,T1,laptop-maulana,2,WiFi-UB.x,e8:10:98:82:05:a0,5785,157,5.0,40,-93.0,-99.0,,,WPA2/3-Enterprise,no,
2026-10-09 09:30:27,3,L3-002,,,T1,laptop-maulana,2,FILKOM EVENT,54:d7:e3:41:42:c3,2462,11,2.4,20,-66.0,-82.0,,,WPA2-Personal,no,
2026-10-09 09:30:27,3,L3-002,,,T1,laptop-maulana,2,WiFi-UB.x,54:d7:e3:45:4c:80,2437,6,2.4,20,-74.0,-81.0,,,WPA2/3-Enterprise,no,
2026-10-09 09:30:27,3,L3-002,,,T1,laptop-maulana,2,eduroam,ec:bd:1d:af:f6:7d,5745,149,5.0,20,-92.0,-99.0,2.0,0.8,WPA2/3-Enterprise,capable,
2026-10-09 09:30:27,3,L3-002,,,T1,laptop-maulana,2,eduroam,c8:a6:08:8b:1e:a0,5805,161,5.0,20,-84.0,-99.0,3.0,32.9,WPA2/3-Enterprise,capable,
2026-10-09 09:30:27,3,L3-002,,,T1,laptop-maulana,2,iPhone Asw,6a:56:bf:c0:98:b9,2437,6,2.4,20,-42.0,-81.0,,,WPA2-Personal,no,
2026-10-09 09:30:27,3,L3-002,,,T1,laptop-maulana,2,WiFi-FILKOM,54:d7:e3:41:42:c1,2462,11,2.4,20,-66.0,-82.0,,,WPA2/3-Enterprise,no,
2026-10-09 09:30:27,3,L3-002,,,T1,laptop-maulana,2,FILKOM EVENT,54:d7:e3:45:4c:83,2437,6,2.4,20,-74.0,-83.0,,,WPA2-Personal,no,
2026-10-09 09:30:27,3,L3-002,,,T1,laptop-maulana,2,WiFi-UB.x,ec:bd:1d:af:f6:7f,5745,149,5.0,20,-91.0,-99.0,2.0,0.8,WPA2/3-Enterprise,no,
2026-10-09 09:30:27,3,L3-002,,,T1,laptop-maulana,2,FILKOM EVENT,e8:10:98:82:05:a3,5785,157,5.0,40,-93.0,-99.0,,,WPA2-Personal,no,
2026-10-09 09:30:27,3,L3-002,,,T1,laptop-maulana,2,Recover.Me-184350,c0:c7:0a:58:43:5f,2412,1,2.4,20,-56.0,-81.0,0.0,42.7,WPA2-Personal,no,
2026-10-09 09:30:27,3,L3-002,,,T1,laptop-maulana,2,Recover.Me-183370,c0:c7:0a:58:33:7f,2412,1,2.4,20,-59.0,-81.0,0.0,17.6,WPA2-Personal,no,
2026-10-09 09:30:27,3,L3-002,,,T1,laptop-maulana,2,WiFi-UB.x,c8:a6:08:8b:1e:a1,5805,161,5.0,20,-85.0,-98.0,8.0,26.3,WPA2/3-Enterprise,capable,
2026-10-09 09:30:27,3,L3-002,,,T1,laptop-maulana,2,eduroam,54:d7:e3:45:4c:82,2437,6,2.4,20,-75.0,-83.0,,,WPA2/3-Enterprise,no,
2026-10-09 09:30:27,3,L3-002,,,T1,laptop-maulana,2,eduroam,54:d7:e3:41:42:c2,2462,11,2.4,20,-66.0,-82.0,,,WPA2/3-Enterprise,no,
2026-10-09 09:30:27,3,L3-002,,,T1,laptop-maulana,2,FILKOM EVENT,ec:bd:1d:af:f6:7c,5745,149,5.0,20,-90.0,-99.0,3.0,7.8,WPA2-Personal,no,
2026-10-09 09:30:27,3,L3-002,,,T1,laptop-maulana,2,WiFi-FILKOM,54:d7:e3:45:4c:81,2437,6,2.4,20,-74.0,-81.0,,,WPA2/3-Enterprise,no,
2026-10-09 09:30:32,3,L3-002,,,T1,laptop-maulana,3,WiFi-UB.x,54:d7:e3:41:42:c0,2462,11,2.4,20,-64.0,-82.0,,,WPA2/3-Enterprise,no,
2026-10-09 09:30:32,3,L3-002,,,T1,laptop-maulana,3,WiFi-UB.x,e8:10:98:82:05:a0,5785,157,5.0,40,-91.0,-100.0,,,WPA2/3-Enterprise,no,
2026-10-09 09:30:32,3,L3-002,,,T1,laptop-maulana,3,FILKOM EVENT,54:d7:e3:41:42:c3,2462,11,2.4,20,-64.0,-82.0,,,WPA2-Personal,no,
2026-10-09 09:30:32,3,L3-002,,,T1,laptop-maulana,3,WiFi-UB.x,54:d7:e3:45:4c:80,2437,6,2.4,20,-73.0,-82.0,,,WPA2/3-Enterprise,no,
2026-10-09 09:30:32,3,L3-002,,,T1,laptop-maulana,3,eduroam,ec:bd:1d:af:f6:7d,5745,149,5.0,20,-89.0,-100.0,2.0,0.8,WPA2/3-Enterprise,capable,
2026-10-09 09:30:32,3,L3-002,,,T1,laptop-maulana,3,WiFi-FILKOM,54:d7:e3:41:42:c1,2462,11,2.4,20,-64.0,-82.0,,,WPA2/3-Enterprise,no,
2026-10-09 09:30:32,3,L3-002,,,T1,laptop-maulana,3,FILKOM EVENT,54:d7:e3:45:4c:83,2437,6,2.4,20,-74.0,-83.0,,,WPA2-Personal,no,
2026-10-09 09:30:32,3,L3-002,,,T1,laptop-maulana,3,iPhone Asw,6a:56:bf:c0:98:b9,2437,6,2.4,20,-41.0,-82.0,,,WPA2-Personal,no,
2026-10-09 09:30:32,3,L3-002,,,T1,laptop-maulana,3,WiFi-UB.x,ec:bd:1d:af:f6:7f,5745,149,5.0,20,-91.0,-99.0,2.0,0.8,WPA2/3-Enterprise,no,
2026-10-09 09:30:32,3,L3-002,,,T1,laptop-maulana,3,eduroam,c8:a6:08:8b:1e:a0,5805,161,5.0,20,-84.0,-99.0,3.0,32.9,WPA2/3-Enterprise,capable,
2026-10-09 09:30:32,3,L3-002,,,T1,laptop-maulana,3,FILKOM EVENT,e8:10:98:82:05:a3,5785,157,5.0,40,-90.0,-100.0,,,WPA2-Personal,no,
2026-10-09 09:30:32,3,L3-002,,,T1,laptop-maulana,3,Recover.Me-184350,c0:c7:0a:58:43:5f,2412,1,2.4,20,-61.0,-82.0,0.0,39.2,WPA2-Personal,no,
2026-10-09 09:30:32,3,L3-002,,,T1,laptop-maulana,3,eduroam,54:d7:e3:41:42:c2,2462,11,2.4,20,-64.0,-82.0,,,WPA2/3-Enterprise,no,
2026-10-09 09:30:32,3,L3-002,,,T1,laptop-maulana,3,FILKOM EVENT,ec:bd:1d:af:f6:7c,5745,149,5.0,20,-90.0,-99.0,3.0,7.8,WPA2-Personal,no,
2026-10-09 09:30:32,3,L3-002,,,T1,laptop-maulana,3,eduroam,54:d7:e3:45:4c:82,2437,6,2.4,20,-73.0,-82.0,,,WPA2/3-Enterprise,no,
2026-10-09 09:30:32,3,L3-002,,,T1,laptop-maulana,3,eduroam,e8:10:98:82:05:a2,5785,157,5.0,40,-90.0,-100.0,,,WPA2/3-Enterprise,no,
2026-10-09 09:30:32,3,L3-002,,,T1,laptop-maulana,3,Recover.Me-183370,c0:c7:0a:58:33:7f,2412,1,2.4,20,-53.0,-82.0,0.0,20.8,WPA2-Personal,no,
2026-10-09 09:30:32,3,L3-002,,,T1,laptop-maulana,3,WiFi-FILKOM,54:d7:e3:45:4c:81,2437,6,2.4,20,-74.0,-82.0,,,WPA2/3-Enterprise,no,
